<?xml version="1.0" encoding="utf-8"?>
<Root>
	<!--    <LanguageOptions xmlns="x-schema:LanguageSchema.xml" Name="English"> -->
	<LanguageOptions Name="English">
		<!-- Text for Main(File Open)  dialog -->
		<ItemForTranslation ItemName="DoNoRecoverColumns" ItemTranslation="Gendan ikke kolonner/spalter"/>
		<!-- Button tooltips for main toolbar: {1} is replaced by the current hotkey for each -->
		<ItemForTranslation ItemName="ToolTips1010" ItemTranslation="Indstillinger"/>
		<ItemForTranslation ItemName="ToolTips1011" ItemTranslation="Hjælp"/>
		<ItemForTranslation ItemName="ToolTips1012" ItemTranslation="Konverter"/>
		<ItemForTranslation ItemName="ToolTips1013" ItemTranslation="Afslut"/>
		<ItemForTranslation ItemName="ToolTips1014" ItemTranslation="Opret Pdf-fil"/>
		<ItemForTranslation ItemName="ToolTips1500" ItemTranslation="Hvis markeret, vil konverteringsprogrammet ikke prøve at detektere kolonner/spalter. Nyttigt til kunstdokumenter eller tabeller."/>
		<ItemForTranslation ItemName="ToolTips1501" ItemTranslation="Hvis markeret, vil konverteringsprogrammet detektere og bevare kolonnelayout, så den oprindelige logiske tekstrækkefølge bevares i dokumentet."/>
        <!--*** String To Translate ***--><ItemForTranslation ItemName="ToolTips1502"                             ItemTranslation="Table detection applies when page layout is recognized using flowing or continuous reconstruction mode."/>
		<!--*** String To Translate ***--><ItemForTranslation ItemName="ToolTips1503" ItemTranslation="Select No to convert all pages or Yes to be prompted to convert a specific page range."/>
		<ItemForTranslation ItemName="TBOptions" ItemTranslation="Indstillinger"/>
		<ItemForTranslation ItemName="TBHelp" ItemTranslation="Hjælp"/>
		<ItemForTranslation ItemName="TBConvert " ItemTranslation="Konverter"/>
		<ItemForTranslation ItemName="TBExit" ItemTranslation="Afslut"/>
		<ItemForTranslation ItemName="TBSave" ItemTranslation="Opret"/>
		<!-- Text for Options dialog -->
		<ItemForTranslation ItemName="$applicationname Options" ItemTranslation="Indstillinger for {applicationname}"/>
		<ItemForTranslation ItemName="ProgramOptions" ItemTranslation="Programindstillinger"/>
		<ItemForTranslation ItemName="LaunchViewer" ItemTranslation="Start Microsoft Word"/>
		<ItemForTranslation ItemName="ForSingleFile" ItemTranslation="For en enkelt fil"/>
		<ItemForTranslation ItemName="ForMultipleFiles" ItemTranslation="For flere filer"/>
		<ItemForTranslation ItemName="TargetPath" ItemTranslation="Outputsti"/>
		<ItemForTranslation ItemName="TargetFormat" ItemTranslation="Outputfilformat"/>
		<ItemForTranslation ItemName="Language" ItemTranslation="brugergrænsefladesprog"/>
		<ItemForTranslation ItemName="CloseProgressDlg" ItemTranslation="Hold forløbsvindue åbent"/>
		<ItemForTranslation ItemName="RestoreDefaults" ItemTranslation="Gendan standarder"/>
		<ItemForTranslation ItemName="PromptForPages" ItemTranslation="Spørg om sideinterval"/>
		<ItemForTranslation ItemName="CharSpacing" ItemTranslation="Bevar tegnafstand"/>
		<ItemForTranslation ItemName="ShowWizard" ItemTranslation="Brug en guide"/>
		<ItemForTranslation ItemName="ExtractText" ItemTranslation="Extract text"/>
		<ItemForTranslation ItemName="LineLength" ItemTranslation="Line length"/>
		<!-- <ItemForTranslation ItemName="Columns Recovery"         ItemTranslation="Columns Recovery"/> -->
		<ItemForTranslation ItemName="FilterOptions" ItemTranslation="Konverteringskonfiguration"/>
		<!--
                    <ItemForTranslation ItemName="Image Anchoring"          ItemTranslation="Image Anchoring"/>
                    <ItemForTranslation ItemName="Automatic"                ItemTranslation="Automatic"/>
                    <ItemForTranslation ItemName="Paragraph"                ItemTranslation="Paragraph"/>
                    <ItemForTranslation ItemName="Page"                     ItemTranslation="Page"/>
                -->
		<!-- Errors -->
		<!-- Descriptions for Options dialog -->
		<ItemForTranslation ItemName="ProgramOptionsDescription" ItemTranslation="{applicationname} kan konfigureres med følgende indstillinger."/>
		<ItemForTranslation ItemName="LaunchViewerDescription" ItemTranslation="Åbn konverteret fil i Microsoft Word ved afslutning."/>
		<ItemForTranslation ItemName="CloseWindowDescription" ItemTranslation="Hold altid konverteringsvinduet åbent. Vinduet lukkes normalt automatisk efter gennemført konvertering."/>
		<ItemForTranslation ItemName="TargetPathDescription" ItemTranslation="Vælg, hvor de konverterede filer skal gemmes."/>
		<ItemForTranslation ItemName="DefaultFilterDescription" ItemTranslation="DOC understøtter integrerede skrifttyper. RTF kan åbnes af andre programmer end Microsoft Word. TXT understøtter ikke formatering eller billeder."/>
		<ItemForTranslation ItemName="LanguageDescription" ItemTranslation="Vælg brugergrænsefladesprog til {applicationname}."/>
		<ItemForTranslation ItemName="ShowWizardDescription" ItemTranslation="Vælg denne indstilling, hvis du ønsker at bruge konverteringsguiden som en hjælp til konfiguration af konverteringsindstillingerne."/>
		<ItemForTranslation ItemName="FilterOptionsDescription" ItemTranslation="Konfigurer selektivt bestemte funktioner i {applicationname}."/>
		<ItemForTranslation ItemName="PDFFilterDescription" ItemTranslation="Konfigurer selektivt bestemte funktioner i
{applicationname}."/>
		<ItemForTranslation ItemName="PDFFilterPromptForPagesDescription" ItemTranslation="Konverter enten alle sider, eller vælg at blive spurgt om at konvertere en del af dokumentet."/>
		<ItemForTranslation ItemName="PDFFilterColumnsRecoveryDescription" ItemTranslation="Kontrollerer hvordan kolonner/spalter behandles. Kolonner/spalter kan ignoreres eller detekteres og præsenteres som kolonner/spalter i RTF-filen."/>
		<ItemForTranslation ItemName="PDFFilterCharSpacingDescription" ItemTranslation="Bevarer tegnbredden og -afstanden fra PDF-filen. PDF-filer kan have individuelle tegnafstande og -bredder for de enkelte tegn."/>
		<ItemForTranslation ItemName="PDFFilterImagesAnchoringDescription" ItemTranslation="Vælg Fjern billeder for at fjerne bestemte billeder fra dokumentet. Du kan også vælge Automatisk forankring, for at konvertere alle billederne til linjebaseret forankring, forankring til afsnit eller forankring til side. "/>
		<ItemForTranslation ItemName="ExtractTextDescription" ItemTranslation="Configure text extraction options."/>
		<ItemForTranslation ItemName="LineLengthDescription" ItemTranslation="Type the maximum number of characters to display in each line of your output document."/>
		<!-- Text for Progress dialog -->
		<ItemForTranslation ItemName="FileName" ItemTranslation="Filnavn"/>
		<ItemForTranslation ItemName="Source" ItemTranslation="Kilde"/>
		<ItemForTranslation ItemName="Destination" ItemTranslation="Destination"/>
		<ItemForTranslation ItemName="Status" ItemTranslation="Status"/>
		<ItemForTranslation ItemName="Description" ItemTranslation="Beskrivelse"/>
		<ItemForTranslation ItemName="ButtonStateClose" ItemTranslation="Luk"/>
		<ItemForTranslation ItemName="StatusStringCompleted" ItemTranslation="Filkonverteringen er afsluttet."/>
		<ItemForTranslation ItemName="StatusStringCanceled" ItemTranslation="Brugerannulleret konvertering."/>
		<ItemForTranslation ItemName="StatusStringCompletedWithFault" ItemTranslation="Filkonverteringen mislykkedes."/>
		<ItemForTranslation ItemName="Converting" ItemTranslation="Konverterer..."/>
		<ItemForTranslation ItemName="General" ItemTranslation="Generelt"/>
		<ItemForTranslation ItemName="Details" ItemTranslation="Detaljer"/>
		<ItemForTranslation ItemName="Conversion Progress" ItemTranslation="Konverteringsforløb"/>
		<!-- Error codes -->
		<ItemForTranslation ItemName="InternalError" ItemTranslation="Intern fejl."/>
		<ItemForTranslation ItemName="InternalErrorDesc" ItemTranslation="Intern fejl."/>
		<ItemForTranslation ItemName="Succeed" ItemTranslation="Succes."/>
		<ItemForTranslation ItemName="SucceedDesc" ItemTranslation="Succes."/>
		<ItemForTranslation ItemName="Canceled" ItemTranslation="Annulleret."/>
		<ItemForTranslation ItemName="CanceledDesc" ItemTranslation="Annulleret af bruger."/>
		<ItemForTranslation ItemName="BadData" ItemTranslation="Forkerte data."/>
		<ItemForTranslation ItemName="BadDataDesc" ItemTranslation="Ugyldigt filindhold."/>
		<ItemForTranslation ItemName="IOError" ItemTranslation="Inputfejl."/>
		<ItemForTranslation ItemName="IOErrorDesc" ItemTranslation="Kan ikke åbne kildefil."/>
		<ItemForTranslation ItemName="FileHasCopyPtotection" ItemTranslation="Filen er kopibeskyttet."/>
		<ItemForTranslation ItemName="FileHasCopyPtotectionDesc" ItemTranslation="Kan ikke konvertere. Filen er kopibeskyttet."/>
		<ItemForTranslation ItemName="InvalidPagesRange" ItemTranslation="Ugyldigt sideinterval."/>
		<ItemForTranslation ItemName="InvalidPagesRangeDesc" ItemTranslation="Angivet sideinterval ligger uden for dokumentområdet."/>
		<ItemForTranslation ItemName="InvalidArgumentsDesc" ItemTranslation="Ugyldige input/output-argumenter."/>
		<ItemForTranslation ItemName="Internal program error" ItemTranslation="Intern programfejl"/>
		<!-- messages -->
		<ItemForTranslation ItemName="OverwriteOptions" ItemTranslation="Er du sikker på, at du vil overskrive alle indstillingerne med standardværdier?"/>
		<ItemForTranslation ItemName="FileNotFound" ItemTranslation="{1} {n}filen blev ikke fundet{n}Kontroller, at det korrekte filnavn blev angivet."/>
		<!--*** String To Translate ***--><ItemForTranslation ItemName="FileCantBeReplaced" ItemTranslation="{n}Output file cannot be overwritten.{n}The file is locked by an application (Open in Word?) or protected from deletion.{n}Please unlock the file or change the target file name."/>
		<ItemForTranslation ItemName="STR_END_IS_GREAT" ItemTranslation="Startsidetallet skal være mindre end eller det samme som slutsidetallet."/>
		<ItemForTranslation ItemName="STR_INVALID_NUM" ItemTranslation="Sidenummeret skal være et tal og være større end nul."/>
		<!-- Stop Convert Dlg -->
		<ItemForTranslation ItemName="CancelConversionMessage" ItemTranslation="Vil du annullere konverteringen?"/>
		<!-- Progress bar -->
		<ItemForTranslation ItemName="ConversionLogMessage" ItemTranslation="Konverteringslog"/>
		<ItemForTranslation ItemName="StartingConversionMessage" ItemTranslation="------- Konvertering påbegyndt: {1} -------"/>
		<ItemForTranslation ItemName="FileConversionMessage" ItemTranslation="Filkonvertering: "/>
		<ItemForTranslation ItemName="ElapsedMessage" ItemTranslation="Konvertering færdig. Varighed: {1}"/>
		<ItemForTranslation ItemName="ReportMessage" ItemTranslation="{n}sider fra {1} til {2} blev konverteret."/>
		<ItemForTranslation ItemName="ImageNotFound" ItemTranslation="Der er ingen billeder i dette dokument."/>
		<ItemForTranslation ItemName="FailedSaveImage" ItemTranslation="Kunne ikke gemme billede i {1}"/>
		<!--*** String To Translate ***--><ItemForTranslation ItemName="ConversionFailedMessage" ItemTranslation="Conversion failed on page {1}."/>
		<ItemForTranslation ItemName="DaysFormat" ItemTranslation="{1} dage "/>
		<ItemForTranslation ItemName="HoursFormat" ItemTranslation="{1} timer "/>
		<ItemForTranslation ItemName="DayFormat" ItemTranslation="{1} dag "/>
		<ItemForTranslation ItemName="HourFormat" ItemTranslation="{1} time "/>
		<ItemForTranslation ItemName="MinutesFormat" ItemTranslation="{1} min. "/>
		<ItemForTranslation ItemName="MinuteFormat" ItemTranslation="{1} min. "/>
		<ItemForTranslation ItemName="SecondsFormat" ItemTranslation="{1} sek."/>
		<ItemForTranslation ItemName="SecondFormat" ItemTranslation="{1} sek."/>
		<!-- RTF filter message -->
		<ItemForTranslation ItemName="OutputPathMessage" ItemTranslation="Output blev gemt som: {1}"/>
		<ItemForTranslation ItemName="WritingFileMessage" ItemTranslation="Skriver {1} fil..."/>
		<!-- PDF filter messsages -->
		<ItemForTranslation ItemName="PDFPreScanInfoText" ItemTranslation="Scanner {1} fil..."/>
		<ItemForTranslation ItemName="PDFLoadingInfoText" ItemTranslation="Indlæser {1} fil..."/>
		<ItemForTranslation ItemName="FractionalFontSize" ItemTranslation="Kilden indeholder en skrifttype med en brøkstørrelse.{n}Målformatet understøtter kun skrifttyper med et størrelsesmultiplum på 1/2."/>
		<ItemForTranslation ItemName="FontHeadMessage" ItemTranslation="Skrifttypeadvarsel {1):"/>
		<ItemForTranslation ItemName="FontSubstMessage" ItemTranslation="Skriftnavnet blev erstattet med {1}."/>
		<ItemForTranslation ItemName="FontEmbedMessage" ItemTranslation="Integrerede data med skriftnavn {1}."/>
		<ItemForTranslation ItemName="DifferentLookingWarning" ItemTranslation="Outputtets udseende kan afvige fra kildens pga.:"/>
		<ItemForTranslation ItemName="FontEmbedWarning" ItemTranslation="Dokumentet indeholder integrerede skrifttypedata"/>
		<ItemForTranslation ItemName="FontNotBuiltInWarning" ItemTranslation="Dokumentet indeholder ingen integrerede skrifter"/>
		<ItemForTranslation ItemName="EvaluationInfoMessage" ItemTranslation="Evalueringskopi: Begrænset anvendelse."/>
		<!--
                Text1 :
                    Thank you for trying SolidConverter PDF.
                    The trial version of this product only converts 10% of your document, with a 10 page maximum.
                    Please register SolidConverter PDF to remove this restriction.
                 -->
		<ItemForTranslation ItemName="EvaluationMessage1" ItemTranslation="Tak, fordi du prøver {applicationname}.{n}Prøveversionen af dette produkt konverterer kun 10% af dit dokument, dog maksimalt 10 sider.{n}Registrer {link:applicationpurchaseurl}{applicationname}{/link} for at fjerne denne begrænsning.{n}"/>
		<!--
                Text2 (contain some parts from Text1 ) :
                    Thank you for trying SolidConverter PDF.{n}
                    The trial version of this product only converts 10% of your document, with a 10 page maximum.{n}
                    For this conversion, SolidConverter PDF converted 1 of 1 pages.{n}
                    Please register SolidConverter PDF at http://www.solidpdf.com to remove this restriction.{n}
                 -->
		<ItemForTranslation ItemName="EvaluationMessage2" ItemTranslation="Tak, fordi du prøver {applicationname}.{pb/}Prøveversionen af dette produkt konverterer kun 10% af dit dokument, dog maksimalt 10 sider. {pb/}Ved denne konvertering konverterede {applicationname} {1} af {2} sider.{pb/}{b}Registrer {color}{applicationname}{/color} hos {applicationpurchaseurl} for at fjerne denne begrænsning.{/b}"/>
		<!-- Promt for password -->
		<ItemForTranslation ItemName="Enter password" ItemTranslation="Indtast adgangskode"/>
		<ItemForTranslation ItemName="This file is protected." ItemTranslation="Din PDF-fil indeholder underskriftssikkerhed, hvilket begrænser adgangen. Indtast adgangskoden til PDF-dokumentet for at fortsætte konverteringen."/>
		<ItemForTranslation ItemName="Password:" ItemTranslation="Adgangskode:"/>
		<ItemForTranslation ItemName="Invalid Password." ItemTranslation="Ugyldig adgangskode."/>
		<ItemForTranslation ItemName="You don't have permissions for extract operation." ItemTranslation="Du har ikke tilladelse til at foretage udtrækning."/>
		<!-- Promt for pages -->
		<ItemForTranslation ItemName="Convert Pages" ItemTranslation="Konverter sider"/>
		<ItemForTranslation ItemName="All %d pages" ItemTranslation="Alle {1} sider"/>
		<ItemForTranslation ItemName="Pages From:" ItemTranslation="Sider fra:"/>
		<ItemForTranslation ItemName="To:" ItemTranslation="Til:"/>
		<ItemForTranslation ItemName="The starting page must be less than or the same as the ending page number." ItemTranslation="Startsidetallet skal være mindre end eller det samme som slutsidetallet."/>
		<ItemForTranslation ItemName="There is no page numbered '{1}' in this document." ItemTranslation="Der er ikke nogen side med nummeret '{1}' i dette dokument."/>
		<!-- Wizard: Page Range -->
		<ItemForTranslation ItemName="PageRange" ItemTranslation="Sideinterval"/>
		<ItemForTranslation ItemName="AllPages" ItemTranslation="Alle"/>
		<ItemForTranslation ItemName="Pages" ItemTranslation="Siderne"/>
		<ItemForTranslation ItemName="From:" ItemTranslation="Fra:"/>
		<ItemForTranslation ItemName="extractpagerange" ItemTranslation="Hvilke sider af PDF-dokumentet vil du udtrække billeder fra? Hvis du vil gendanne samtlige billeder i PDF-dokumentet, skal du vælge 'Alle'.{n}{n}Hvis du kun ønsker at udtrække billeder fra bestemte sider i PDF-filen, skal du vælge 'Siderne', og derefter indtaste sideintervallet i felterne 'Fra' og 'Til'."/>
		<ItemForTranslation ItemName="convertpagerange" ItemTranslation="Hvilke sider af PDF-dokumentet vil du gendanne? Hvis du ønsker gendanne hele PDF-filen, skal du vælge 'Alle'.{n}{n}Hvis du kun ønsker at gendanne bestemte sider i PDF-filen, skal du vælge 'Siderne' og indtaste sideintervallet i felterne 'Fra' og 'Til'."/>
		<!-- V2.1 TEXT
                 ItemForTranslation     ItemName="SolidConverterPDFUsage" ItemTranslation="Usage: SolidConverterPDF.exe [/h] /i Input [/o Output] [/w argument] [/y | /n] [/c] [/s] [/a argument] [/f argument] [/p xxx[-yyy]] {n}{n}{t}/h  {t}Displays this help. {n}{n}{t}/i  {t}Specifies the file or files to be converted. {n}{n}{t}/o  {t}Specifies the file name or directory for the new file(s). {n}{n}{t}/w  {t}Silent mode (hide progress dialog is default). {n}{n}{t}{t}  argument:  + : Always show progress dialog (/w +). {n}{n}{t}{t}      {t}     x : Automatically close progress dialog if successful (/w x). {n}{n}{t}/y  {t}Force overwriting of existing files (prompt to overwrite is default). {n}{n}{t}/n  {t}Force converter to not overwrite exiting files (no conversion if output file exists). {n}{n}{t}/c  {t}Don't detect columns (detect columns is default). {n}{n}{t}/f  {t}Format options (the default is Flowing.){n}{t}{t}If this parameter exists, /c parameter is ignored. {n}{n}{t}{t}  argument:   tabl : Tables (/f tabl). {n}{n}{t}{t}      {t}     cont : Continuous (/f cont). {n}{n}{t}{t}      {t}      txt : Text (/f txt). {n}{n}{t}{t}      {t}      exact : Exact (/f exact). {n}{n}{t}                /s  {t}Ignore character spacing (keep character spacing is default). {n}{n}{t}                /a  {t}                Image anchoring (the default is automatic). {n}{n}{t}{t}                  argument:   g : page anchoring (/a g). {n}{n}{t}{t}      {t}      p : paragraph anchoring (/a p). {n}{n}{t}{t}      {t}      r : remove images (/a r). {n}{n}{t}{t}      {t}      x : extract images (/a x)                 {n}{n}{t}/p  {t}Page conversion (/p xxx-yyy): {n}{n}{t}{t}  xxx : is starting page number and must be greater than 0. {n}{n}{t}{t}  yyy : is ending page number and must be greater or equal to xxx. {n}"/
                -->
		<!-- V2.0 TEXT -->
		<ItemForTranslation ItemName="help_dlg_title" ItemTranslation="Hjælp til {applicationname}"/>
		<ItemForTranslation ItemName="SolidConverterPDFUsage" ItemTranslation="Anvendelse: SolidConverterPDF.exe [/h] /i Input [/o Output] [/w argument] [/y | /n] [/c] [/s] [/a argument] [/f argument] [/p xxx[-yyy]] {n}{n}{t}/h  {t}Viser denne hjælp. {n}{n}{t}/i  {t}Specificerer hvilke file/filer der skal konverteres. {n}{n}{t}/o  {t}Specificerer filnavnet eller biblioteket til den/de nye fil(er). {n}{n}{t}/w  {t}Tavs tilstand (skjul forløbsdialogboks er standard). {n}{n}{t}{t}  argument:  + : Vis altid forløbsdialogboks (/w +). {n}{n}{t}{t}      {t}     x : Luk automatisk forløbsdialogboks ved succes (/w x). {n}{n}{t}/y  {t}Gennemtving overskrivning af eksisterende filer (spørg om overskrivning er standard). {n}{n}{t}/n  {t}Gennemtving, at konvertering ikke overskriver eksisterende filer (ingen konvertering, hvis der findes en outputfil). {n}{n}{t}/c  {t}Detekter ikke kolonner/spalter (detekter kolonner/spalter er standard). {n}{n}{t}/f  {t}Formatindstillinger (standard er Flydende side).{n}{t}{t}Hvis dette parameter findes, /ignoreres c parameteret. {n}{n}{t}{t}  argument:   tabl : Tabeller (/f tabl). {n}{n}{t}{t}      {t}     cont : Fortløbende (/f cont). {n}{n}{t}{t}      {t}      txt : Tekst (/f txt). {n}{n}{t}{t}      {t}      exact : Sand side (/f exact). {n}{n}{t}/s  {t}Ignorer tegnafstand (bevar tegnafstand er standard). {n}{n}{t}/a  {t}Billedbehandling (standard er automatisk). {n}{n}{t}{t}  argument:   g : sideforankring (/a g). {n}{n}{t}{t}      {t}      p : afsnitsforankring (/a p). {n}{n}{t}{t}      {t}      r : fjern billeder (/a r). {n}{n}{t}/p  {t}Sidekonvertering (/p xxx-yyy): {n}{n}{t}{t}  xxx : er nummeret på startsiden, der skal være større end 0. {n}{n}{t}{t}  yyy : er nummeret på slutsiden, der skal være større end eller lig med xxx."/>
		<ItemForTranslation ItemName="SolidConverterPDFUsageHead" ItemTranslation="Anvendelse:"/>
		<!--*** String To Translate ***--><ItemForTranslation ItemName="SolidConverterPDFUsageCmdString" ItemTranslation="[/h] /i Input [/o Output] [/w argument] [/y | /n] [/c argument]{n} [/f argument] [/s] [/a argument] [/p xxx[-yyy]{n}[/pwd [&quot;password&quot;]]]"/>
		<!--*** String To Translate ***--><ItemForTranslation ItemName="SolidConverterPDFUsageCmdString_lite" ItemTranslation="[/h] /i Input [/o Output] [/w argument] [/y | /n] [/c argument]{n} [/f argument] [/s] [/p xxx[-yyy]]{n}[/pwd [&quot;password&quot;]] "/>
		<ItemForTranslation ItemName="ArgumentStr" ItemTranslation="Argumenter:"/>
		<ItemForTranslation ItemName="ParametersStr" ItemTranslation="Parametre:"/>
		<ItemForTranslation ItemName="hDescription" ItemTranslation="Viser denne hjælp."/>
		<ItemForTranslation ItemName="iDescription" ItemTranslation="Angiver den/de filer, der skal konverteres."/>
		<ItemForTranslation ItemName="oDescription" ItemTranslation="Angiver filnavn eller bibliotek til de nye filer."/>
		<ItemForTranslation ItemName="wDescription" ItemTranslation="Tavs tilstand (skjult forløbsdialogboks er standard)."/>
		<ItemForTranslation ItemName="wArguments" ItemTranslation="+ : Vis altid forløbsdialogboks (/w +).{n}x : Luk automatisk forløbsdialogboks ved succes (/w x)."/>
		<ItemForTranslation ItemName="yDescription" ItemTranslation="Gennemtving overskrivning af eksisterende filer (spørg om overskrivning er standard)."/>
		<ItemForTranslation ItemName="nDescription" ItemTranslation="Tving Converter til ikke at overskrive eksisterende filer (ingen konvertering hvis outputfil findes)."/>
		<ItemForTranslation ItemName="cDescription" ItemTranslation="Formatindstillinger (standard er Flydende side.)"/>
		<ItemForTranslation ItemName="cArguments" ItemTranslation="tabl  : Tabeller (/c tabl).{n}cont : Fortløbende (/c cont).{n}txt    : Tekst (/c txt).{n}exact  : Sand side (/c exact).{n}x       : Udtræk kun billeder (/c x)"/>
		<ItemForTranslation ItemName="cArguments_lite" ItemTranslation="txt    : Text (/c txt)."/>
		<ItemForTranslation ItemName="sDescription" ItemTranslation="Ignorer tegnafstand (bevar tegnafstand er standard)."/>
		<ItemForTranslation ItemName="aDescription" ItemTranslation="Billedplaceringstilstand (standard er automatisk)."/>
		<ItemForTranslation ItemName="aArguments" ItemTranslation="g : sideforankring (/a g).{n}p : afsnitsforankring (/a p).{n}r  : fjern billeder (/a r)."/>
		<ItemForTranslation ItemName="pDescription" ItemTranslation="Sidekonvertering (/p xxx-yyy)"/>
		<ItemForTranslation ItemName="pArguments" ItemTranslation="xxx : er nummeret på startsiden, der skal være større end 0.{n}yyy : er nummeret på slutsiden, der skal være større end eller lig med xxx."/>
		<ItemForTranslation ItemName="dDescription" ItemTranslation="Behandling af sidehoveder og sidefødder (standard er detekter)."/>
		<ItemForTranslation ItemName="dArguments" ItemTranslation="r : detekter og fjern (/d r){n}i : ignorer og behandl som indholdstekst (/d r)"/>
		<ItemForTranslation ItemName="tDescription" ItemTranslation="Målformat (standard er defineret i Programindstillinger)"/>
		<!--*** String To Translate ***--><ItemForTranslation ItemName="tArguments" ItemTranslation="rtf    : Rich Text format (/f rtf){n}doc : Microsoft Word format (/f doc){n}wordml: Microsoft Word XML format"/>
		<ItemForTranslation ItemName="eDescription" ItemTranslation="Behandling af integrerede skrifttyper (standard er ignorer)"/>
		<ItemForTranslation ItemName="eArguments" ItemTranslation="s : Installer i system (/e s){n}e : integrering i outputdokument
{n}    (kun hvor Microsoft Word er målformat (/e e)"/>
		<ItemForTranslation ItemName="pwdDescription" ItemTranslation="Adgangskodeindstilling (standard er at springe over krypterede filer)"/>
		<ItemForTranslation ItemName="pwdArguments" ItemTranslation="manglende argument : bed om adgangskode til hver krypteret fil{n}&quot;adgangskode&quot;          : angivet streng. brug denne adgangskode, hvis filen er krypteret. {n}En fil kan krypteres med en tom adgangskode - hvis dette ønskes, anvendes blot anførselstegn(&quot;&quot;)"/>
		<!-- -->
		<!-- V1.0 TEXT
                 ItemTranslation="Usage: SolidConverterPDF.exe [/h] /i Input [/o Output] [/w argument] [/y | /n] [/c] [/s] [/a argument]                         [/p xxx[-yyy]] {n}{n}{t}/h  {t}Displays this help. {n}{n}{t}/i  {t}Specifies the file or files to be converted. {n}{n}{t}/o  {t}Specifies the file name or directory for the new file(s). {n}{n}{t}/w  {t}Silent mode (hide progress dialog is default). {n}{n}{t}{t}  argument:  + : Always show progress dialog (/w +). {n}{n}{t}{t}      {t}     x : Automatically close progress dialog if successful (/w x). {n}{n}{t}/y  {t}Force overwriting of existing files (prompt to overwrite is default). {n}{n}{t}/n  {t}Force converter to not overwrite exiting files (no conversion if output file exists). {n}{n}{t}/c  {t}Don't detect columns (detect columns is default). {n}{n}{t}/s  {t}Ignore character spacing (keep character spacing is default). {n}{n}{t}/a  {t}Image anchoring (the default is automatic). {n}{n}{t}{t}  argument:   g : page anchoring (/a g). {n}{n}{t}{t}      {t}      p : paragraph anchoring (/a p). {n}{n}{t}/p  {t}Page conversion (/p xxx-yyy): {n}{n}{t}{t}  xxx : is starting page number and must be greater than 0. {n}{n}{t}{t}  yyy : is ending page number and must be greater or equal to xxx. {n}"/
                -->
		<ItemForTranslation ItemName="Source_File_Type_Filter" ItemTranslation="PDF-filer (*.pdf)|*.pdf||"/>
		<ItemForTranslation ItemName="RTF_Files_Filter" ItemTranslation="RTF-filer (*.rtf)"/>
		<ItemForTranslation ItemName="DOC_Files_Filter" ItemTranslation="DOC-filer (*.doc)"/>
		<ItemForTranslation ItemName="TXT_Files_Filter" ItemTranslation="TXT-filer (*.txt)"/>
		<!-- Warnings -->
		<ItemForTranslation ItemName="Warnings" ItemTranslation="Advarsler"/>
		<ItemForTranslation ItemName="WarningsSetDescription" ItemTranslation="Vælg hvilke advarsler, der skal vises under konvertering."/>
		<!-- Options panel. Left column  -->
		<ItemForTranslation ItemName="VectorGrfWarning" ItemTranslation="Vektorgrafik"/>
		<!-- Options panel. Description -->
		<ItemForTranslation ItemName="VectorGrfWarningDescription" ItemTranslation="Vis denne advarsel på konverteringstidspunktet, hvis filen indeholder vektorgrafik, der endnu ikke understøttes. Vektorgrafik-enheder bliver sprunget over."/>
		<!-- Warning text -->
		<ItemForTranslation ItemName="VectorGrfWarningText" ItemTranslation="Denne PDF-fil indeholder vektorgrafik, der endnu ikke understøttes, og blev derfor ikke konverteret."/>
		<!-- Options panel. Left column  -->
		<!--*** String To Translate ***--><ItemForTranslation ItemName="NoTextWarning" ItemTranslation="No text in File"/>
		<!-- Options panel. Description -->
		<ItemForTranslation ItemName="NoTextWarningDescription" ItemTranslation="Vis denne advarsel, hvis der ikke er tekst i den konverterede fil. Den mest sandsynlige årsag er, at der er tale om et indscannet dokument, som udelukkende består af bitmapbilledsider."/>
		<!-- Warning text -->
		<ItemForTranslation ItemName="NoTextWarningText" ItemTranslation="Denne fil indeholder ingen tekst. Den mest sandsynlige årsag er, at der er tale om et indscannet dokument, som udelukkende består af bitmapbilledsider."/>
		<!-- Options panel. Left column  -->
		<ItemForTranslation ItemName="HiddenTextWarning" ItemTranslation="Hidden text in File"/>
		<!-- Options panel. Description -->
		<ItemForTranslation ItemName="HiddenTextWarningDescription" ItemTranslation="Show this warning if there is a page with completely hidden(covered with graphics) text in the converted file. The most likely reason is that it is a scanned document which consists entirely of bitmap image pages and recognized text covered with this image (Searchable image)."/>
		<!-- Warning text -->
		<ItemForTranslation ItemName="HiddenTextWarningText" ItemTranslation="This file contains text under graphics(image). The most likely reason is that it is a scanned document which consists entirely of bitmap image pages and recognized text covered with this image (Searchable image)."/>
		<!-- Options panel. Left column  -->
		<ItemForTranslation ItemName="SymbolicFontWarning" ItemTranslation="Symbol-skrifttyper"/>
		<!-- Options panel. Description -->
		<ItemForTranslation ItemName="SymbolicFontWarningDescription" ItemTranslation="Vis denne fejl, hvis dokumenet indeholder non-standard kodning som f.eks. symbol-skrifttyper."/>
		<!-- Warning text -->
		<ItemForTranslation ItemName="SymbolicFontWarningText" ItemTranslation="Denne fil indeholder non-standard kodning, og kan være blevet behandlet forkert."/><!-- Options panel. Left column  -->
		<!--*** String To Translate ***--><ItemForTranslation ItemName="InsufficientOfficeVersionWarning" ItemTranslation="Microsoft Office version"/>
		<!-- Options panel. Description -->
		<ItemForTranslation ItemName="InsufficientOfficeVersionWarningDescription" ItemTranslation="Vis denne advarsel, hvis den aktuelt installerede version af Microsoft Office er ældre end Office XP."/>
		<!-- Warning text -->
		<ItemForTranslation ItemName="InsufficientOfficeVersionWarningText" ItemTranslation="Din kopi af Microsoft Office er ældre end Office XP. Filen kan konverteres, men du vil ikke kunne åbne den på denne computer."/>
		<ItemForTranslation ItemName="{applicationname} Wizard ({1})" ItemTranslation="Guide til {applicationname} ({1})"/>
		<ItemForTranslation ItemName="{applicationname} Settings ({1})" ItemTranslation="Indstillinger til {applicationname} ({1})"/>
		<!-- v2.0 -->
		<ItemForTranslation ItemName="FormatingMode" ItemTranslation="Rekonstruktionstilstand"/>
		<ItemForTranslation ItemName="FormatingModeDescription" ItemTranslation="Afhængigt af dokumenttypen og formålet med konverteringen, giver dokument-rekonstruktionstilstanden større fleksibilitet, hvad angår gendannelse af layout, formatering og  tekstflow."/>
		<ItemForTranslation ItemName="Do not recover columns" ItemTranslation="Tabeller"/>
		<ItemForTranslation ItemName="Detect and preserve columns" ItemTranslation="Flydende side"/>
		<ItemForTranslation ItemName="Formatting_and_no_Layout" ItemTranslation="Fortløbende"/>
		<ItemForTranslation ItemName="No_Formatting_or_Layout" ItemTranslation="Ren tekst"/>
		<ItemForTranslation ItemName="True_Page" ItemTranslation="Sand side"/>
		<ItemForTranslation ItemName="FM_FORMAT_LAYOUT_COLUMNS" ItemTranslation="Flydende side - gendan sidelayout, kolonner/spalter, formatering, grafik og bevar tekstflow."/>
		<ItemForTranslation ItemName="FM_FORMAT_LAYOUT" ItemTranslation="Tabeller - gendan sidelayout, formatering, grafik og bevar tekstflow, men ignorer kolonner/spalter."/>
		<ItemForTranslation ItemName="FM_FORMAT" ItemTranslation="Fortløbende - detekter layout og kolonner/spalter, men gendan kun formatering, grafik og tekstflow."/>
		<ItemForTranslation ItemName="FM_NONE" ItemTranslation="Ren tekst - detekter layout og kolonner/spalter, men gendan kun tekstflow uden formatering."/>
		<ItemForTranslation ItemName="FM_TRUEPAGE" ItemTranslation="Sand side - gendan den præcise sidepræsentation vha, tekstbokse i Microsoft Word."/>
		<ItemForTranslation ItemName="WA_CONVERT_WORD" ItemTranslation="Konverter dokument fra PDF til Word"/>
		<ItemForTranslation ItemName="WA_EXTRACT_IMAGE" ItemTranslation="Udtræk billeder fra PDF-fil"/>
		<!-- ExtractImage Message -->
		<ItemForTranslation ItemName="ExtractImageMessage" ItemTranslation="{1}Billede {2} blev udtrukket fra side {3}"/>
		<!--*** String To Translate ***--><ItemForTranslation ItemName="ImagesProcessing" ItemTranslation="Image Handling"/>
		<!--*** String To Translate ***--><ItemForTranslation ItemName="ImagesProcessingDescription" ItemTranslation="Select Remove Images to remove specific images from the document. You can also select Automatic Anchoring to convert all images to inline anchoring, Anchor to Paragraph, or Anchor to Page."/>
		<ItemForTranslation ItemName="RemoveImage" ItemTranslation="Fjern billeder"/>
		<ItemForTranslation ItemName="RemoveImages" ItemTranslation="Fjern inline-billeder"/>
		<ItemForTranslation ItemName="Remove_Images" ItemTranslation="Fjern billeder"/>
		<ItemForTranslation ItemName="Remove_Inline_Images" ItemTranslation="Fjern inline-billeder"/>
		<ItemForTranslation ItemName="RemoveAllImages" ItemTranslation="Fjern alle billeder"/>
		<ItemForTranslation ItemName="RemoveAllImagesExceptInline" ItemTranslation="Fjern billeder (undtagen inline-billeder)"/>
		<ItemForTranslation ItemName="AnchoringAutomatic" ItemTranslation="Automatisk forankring"/>
		<ItemForTranslation ItemName="AnchoringParagraph" ItemTranslation="Forankring til afsnit"/>
		<ItemForTranslation ItemName="AnchoringPage" ItemTranslation="Forankring til side"/>
		<ItemForTranslation ItemName="RemoveImagePrompt1" ItemTranslation="Når layout ikke bevares, kan kun inline-billeder gendannes.{n}Denne indstilling gør det også muligt at fjerne inline-billeder."/>
		<ItemForTranslation ItemName="RemoveImagePrompt2" ItemTranslation="Når layout bevares, gendannes inline-billeder altid. {n}Med denne indstilling kan du fjerne eller forankre billeder, der ikke er inline."/>
		<ItemForTranslation ItemName="SaveEmbededFont" ItemTranslation="Overfør integrerede skrifttyper"/>
		<ItemForTranslation ItemName="SaveEmbededFontDescription" ItemTranslation="Indlejrede skrifttyper kan overføres til doc-filer. Du kan vælge at overføre alle TrueType-skrifttyper, ikke kun non-standard-kodede skrifttyper, eller ingen."/>
		<ItemForTranslation ItemName="EmbedNone-standardEncoding" ItemTranslation="Indlejr TrueType-skrifttyper med non-standard kodning"/>
		<ItemForTranslation ItemName="EmbedAllTrueType" ItemTranslation="Indlejr alle TrueType-skrifttyper"/>
		<ItemForTranslation ItemName="DoNotEmbed" ItemTranslation="Indlejr ikke skrifttyper"/>
		<ItemForTranslation ItemName="InstallEmbededFont" ItemTranslation="Installer integrerede skrifttyper"/>
		<ItemForTranslation ItemName="InstallEmbededFontDescription" ItemTranslation="TrueType og Type 1 skrifttyper, der er integrerede i PDF-filen kan alternativt installeres på din computer."/>
		<ItemForTranslation ItemName="HeadersAndFooters" ItemTranslation="Sidehoveder og sidefødder"/>
		<ItemForTranslation ItemName="PDFFilterHeadersAndFootersDescription" ItemTranslation="{applicationname} kan gendanne eller fjerne sidehoveder og sidefødder."/>
		<ItemForTranslation ItemName="Detect" ItemTranslation="Detekter og gendan"/>
		<ItemForTranslation ItemName="DetectAndRemove" ItemTranslation="Detekter og fjern"/>
		<ItemForTranslation ItemName="DoNotDetect" ItemTranslation="Detekter ikke"/>
		<ItemForTranslation ItemName="ExtractImageFilter" ItemTranslation="Image Extraction Configuration"/>
		<ItemForTranslation ItemName="ExtractImageFilterDescription" ItemTranslation="Udover dokumentkonvertering, er billedudtrækning en anden facilitet i {applicationname}. Konfigurer selektivt specifikke faciliteter vedrørende billedudtrækning."/>
		<ItemForTranslation ItemName="ImageTargetType" ItemTranslation="Billedformat"/>
		<ItemForTranslation ItemName="ImageTargetTypeDescription" ItemTranslation="Ved udtrækning af billeder fra et PDF-dokument, kan du vælge at opbevare dem i et andet format end det originale."/>
		<ItemForTranslation ItemName="KeepSourceFormat" ItemTranslation="&lt;Bevar kildeformat&gt;"/>
		<ItemForTranslation ItemName="bmp" ItemTranslation="BMP"/>
		<ItemForTranslation ItemName="jpg" ItemTranslation="JPG"/>
		<ItemForTranslation ItemName="png" ItemTranslation="PNG"/>
		<ItemForTranslation ItemName="tif" ItemTranslation="TIF"/>
		<ItemForTranslation ItemName="ImageColorDepth" ItemTranslation="Billedets farvedybde"/>
		<ItemForTranslation ItemName="ImageColorDepthDescription" ItemTranslation="Ved udtrækning af billeder fra et PDF-dokument, kan du vælge at lagre dem i en anden farvedybde end den originale."/>
		<ItemForTranslation ItemName="KeepSourceColorDepth" ItemTranslation="&lt;Bevar kilde-farvedybde&gt;"/>
		<ItemForTranslation ItemName="1_bit_per_pixel_Monochrome" ItemTranslation="1 bit pr. pixel Monokrom"/>
		<ItemForTranslation ItemName="8_bits_per_pixel_Grayscale" ItemTranslation="8 bits pr. pixel Gråtoner"/>
		<ItemForTranslation ItemName="8_bits_per_pixel_Color" ItemTranslation="8 bits pr. pixel Farver"/>
		<ItemForTranslation ItemName="16_bits_per_pixel_Color" ItemTranslation="16 bits pr. pixel Farver"/>
		<ItemForTranslation ItemName="24_bits_per_pixel_Color" ItemTranslation="24 bits pr. pixel Farver"/>
		<ItemForTranslation ItemName="Convert_Through_Wizard" ItemTranslation="Konverter vha. en guide..."/>
		<ItemForTranslation ItemName="Save_As_DOC" ItemTranslation="Gem som DOC"/>
		<ItemForTranslation ItemName="Save_As_RTF" ItemTranslation="Gem som RTF"/>
		<ItemForTranslation ItemName="Extract_Images" ItemTranslation="Udtræk billeder"/>
		<ItemForTranslation ItemName="Extract_Images_Through_Wizard" ItemTranslation="Udtræk billeder vha. en guide..."/>
		<!-- Wizard: -->
		<ItemForTranslation ItemName="Browse" ItemTranslation="Gennemse..."/>
		<ItemForTranslation ItemName="Next &gt;" ItemTranslation="Næste &gt;"/>
		<ItemForTranslation ItemName="Last &gt;&gt;" ItemTranslation="Seneste &gt;&gt;"/>
		<ItemForTranslation ItemName="&lt; Previous" ItemTranslation="&lt; Foregående"/>
		<!-- Wizard: Layout nd Formatting page-->
		<ItemForTranslation ItemName="Layout_and_Formatting" ItemTranslation="Layout og formatering"/>
		<ItemForTranslation ItemName="Choose_Reconstruction_Mode" ItemTranslation="Vælg den rekonstruktionstilstand, der bedst passer til denne PDF-fil:"/>
		<!-- Wizard: Image Recovery page-->
		<ItemForTranslation ItemName="Image_Recovery" ItemTranslation="Billedbehandling"/>
		<!-- Wizard: Char spacing page-->
		<ItemForTranslation ItemName="Custom_Character_Spacing" ItemTranslation="Brugerdefineret PDF-tegnafstand"/>
		<ItemForTranslation ItemName="Custom_Character_Spacing_Prompt" ItemTranslation="Når sidelayout bevares, kan du vælge at bevare den præcise brugerdefinerede tegnafstand og tegnbredderne fra PDF-filen. Dette er ideelt til bevaring af det præcise sidelayout, men ikke hvis der skal foretages væsentlige redigeringer i teksten."/>
<!-- Wizard: Detect Tables page-->
                <!--*** String To Translate ***--><ItemForTranslation ItemName="Custom_DetectTables_Spacing"                  ItemTranslation="Table Detection"/>
                <!--*** String To Translate ***--><ItemForTranslation ItemName="Custom_Detect_Tables_Prompt"	            ItemTranslation="Table detection applies when page layout is recognized using flowing or continuous reconstruction mode. This option is ideal for text documents but not for brochures."/>
		<!-- Wizard: Document Format and Output Path page-->
		<ItemForTranslation ItemName="Document_Format" ItemTranslation="Dokumentformat og outputsti"/>
		<ItemForTranslation ItemName="Document_Format_Prompt" ItemTranslation="Vælg outputfilens format. Bemærk, at uformateret tekst (.txt) ikke er understøttet i komplekse format- og sidelayout-tilstande."/>
		<ItemForTranslation ItemName="DOC_Format_Choice" ItemTranslation="Microsoft Word binært .doc format (integreret skrifttype-funktionalitet er understøttet)"/>
		<ItemForTranslation ItemName="RTF_Format_Choice" ItemTranslation="Microsoft Word rich text format (.rtf)"/>
		<ItemForTranslation ItemName="TXT_Format_Choice" ItemTranslation="Uformateret UTF-8 tekst (.txt)"/>
		<ItemForTranslation ItemName="WORDML_Format_Choice" ItemTranslation="Microsoft Word WordML-format (.xml)"/>
		<ItemForTranslation ItemName="DestinationPrompt" ItemTranslation="{n}Vælg hvor destinationsfilen skal gemmes, og om du vil åbne dokumentet i Microsoft Word efter konverteringen."/>
		<ItemForTranslation ItemName="Save_File_To" ItemTranslation="Gem filen i:"/>
		<ItemForTranslation ItemName="Open_For_Editing" ItemTranslation="Åbn dokument til redigering efter konvertering."/>
		<!-- Wizard: Font Embedding/installing page-->
		<ItemForTranslation ItemName="Embedding_Installing_Fonts" ItemTranslation="Indlejring og installation af skifttyper"/>
		<ItemForTranslation ItemName="Embed_Font_Prompt" ItemTranslation="PDF-filer kan indeholde skrifttyper, der ikke findes på din computer. Du kan vælge at integrere disse skrifttyper selektivt i det konverterede dokument, hvis du har valgt Microsoft Word's binære .doc-format på det tidligere

skærmbillede i guiden.{n}{n}Indlejrede skrifttyper vil forøge det konverterede
dokuments størrelse."/>
		<ItemForTranslation ItemName="Install_Fonts_Prompt" ItemTranslation="{n}Ofte er skrifttyper, der ikke er standard Windows skrifttyper, integrerede i PDF-dokumenter. Du kan vælge at installere sådanne skrifttyper fra PDF-filen på din lokale maskine som et alternativ til at integrere dem i det konverterede dokument."/>
		<!-- Wizard: Headers & footers page-->
		<ItemForTranslation ItemName="HeadersAndFootersPrompt" ItemTranslation="{applicationname} kan gendanne eller fjerne sidehoveder og sidefødder. Sidelayout skal bevares, for at gendannelsesmuligheden er til rådighed."/>
		<!-- Wizard: Finish: Convert Document page-->
		<ItemForTranslation ItemName="FinishPage" ItemTranslation="Færdig: Konvertering af document"/>
		<ItemForTranslation ItemName="FinishPagePrompt" ItemTranslation="Dine konverteringsvalg er vist herunder. Brug knappen Foregående til at foretage ændringer.{n}Klik på Færdig for at konvertere."/>
		<!-- Duplicate -->
		<ItemForTranslation ItemName="FormatingMode:" ItemTranslation="Rekonstruktionstilstand:"/>
		<!-- Duplicate -->
		<ItemForTranslation ItemName="Image_Recovery:" ItemTranslation="Billedgendannelse:"/>
		<ItemForTranslation ItemName="Character_Spacing:" ItemTranslation="Tegnafstand:"/>
		<ItemForTranslation ItemName="Embed_Fonts:" ItemTranslation="Indlejring af skrifttyper:"/>
		<ItemForTranslation ItemName="Install_Fonts:" ItemTranslation="Installer skrifttyper:"/>
		<ItemForTranslation ItemName="Page_Range" ItemTranslation="Sideinterval der skal konverteres:"/>
		<ItemForTranslation ItemName="OutputPath:" ItemTranslation="Outputstien er:"/>
		<!-- Duplicate -->
		<!-- New strings -->
		<ItemForTranslation ItemName="Use_Short_Wizard" ItemTranslation="Vis kun dette sidste skærmbillede for fremtiden. Det er nemt at lave dette valg om igen."/>
		<ItemForTranslation ItemName="ShortWizard" ItemTranslation="Konverteringsindstillinger"/>
		<ItemForTranslation ItemName="ShortWizardPrompt" ItemTranslation="Dine konverteringsindstillinger er vist herunder. Brug knappen Aktiver guide, hvis du ønsker at foretage ændringer, eller klik på knappen Konverter button (&lt;enter&gt;) for at fortsætte."/>
		<ItemForTranslation ItemName="Run_Wizard" ItemTranslation="Aktiver guide"/>
		<ItemForTranslation ItemName="Convert" ItemTranslation="Konverter"/>
		<!-- Wizard: Finish -->
		<ItemForTranslation ItemName="PreserveExactSpacing" ItemTranslation="Bevar præcis tegnafstand"/>
		<ItemForTranslation ItemName="RegularCharacterSpacing" ItemTranslation="Almindelig tegnafstand"/>
		<ItemForTranslation ItemName="EmbedNonStandardTrueType" ItemTranslation="Integrer non-standard-kodning TrueType-skrifttyper fra PDF i dok"/>
		<ItemForTranslation ItemName="EmbedAllTrueTypeLong" ItemTranslation="Integrer alle TrueType-skrifttyper fra PDF i dok"/>
		<ItemForTranslation ItemName="HeadersAndFooters:" ItemTranslation="Sidehoveder og sidefødder:"/>
		<ItemForTranslation ItemName="DetectAndPreserveHF" ItemTranslation="Detekter og bevar sidehoveder og sidefødder"/>
		<ItemForTranslation ItemName="DetectAndRemoveHF" ItemTranslation="Detekter og fjern sidehoveder og sidefødder"/>
		<ItemForTranslation ItemName="InstallFontsTTandT1" ItemTranslation="Installer alle TrueType og Type 1 skrifttyper der er integrerede i PDF-filen."/>
		<ItemForTranslation ItemName="Frompage{1}topage{2}" ItemTranslation="Fra side {1} til side {2}"/>
		<!-- ui:dialogBox extractpath -->
		<ItemForTranslation ItemName="extractpath_Image_Format_Output_Path" ItemTranslation="Billedformat og outputsti"/>
		<ItemForTranslation ItemName="extractpath_choose_file_format" ItemTranslation="Vælg filformatet til de udtrukne billeder:"/>
		<ItemForTranslation ItemName="extractpath_same_as_source_images" ItemTranslation="Samme som kildebilleder"/>
		<ItemForTranslation ItemName="extractpath_choose_path" ItemTranslation="{n}Vælg den sti, hvor billederne skal gemmes:"/>
		<ItemForTranslation ItemName="extractpath_save_to" ItemTranslation="Gem billeder i:"/>
		<ItemForTranslation ItemName="extractpath_filepath" ItemTranslation="{n}{n}{n}{n}{n}filstien skal være en relativ bred dummy-streng"/>
		<!-- ui:dialogBox finishextract -->
		<ItemForTranslation ItemName="finishextract_finish" ItemTranslation="Færdig: Udtræk billeder"/>
		<ItemForTranslation ItemName="finishextract_description" ItemTranslation="Dine billedudtrækningsvalg er vist herunder. Brug knappen Foregående hvis du vil foretage ændringer. Klik på Færdig for at udtrække billeder."/>
		<!-- Create Options -->
		<ItemForTranslation ItemName="CreatePdfTitle" ItemTranslation="Opret PDF"/>
		<ItemForTranslation ItemName="CreatePdfOptionsSection" ItemTranslation="Indstillinger for Opret PDF"/>
		<ItemForTranslation ItemName="CreatePdfOptionsSectionDescription" ItemTranslation="Konfigurer selektivt bestemte PDF-oprettelsesfaciliteter."/>
		<ItemForTranslation ItemName="EmbedAllFont" ItemTranslation="Integrer alle fonte"/>
		<ItemForTranslation ItemName="EmbedAllFontDescription" ItemTranslation="Integrer alle fontene i PDF-filen."/>
		<ItemForTranslation ItemName="PasswordProtection" ItemTranslation="Adgangskoder og beskyttelse"/>
		<ItemForTranslation ItemName="PasswordProtectionDescription" ItemTranslation="Konfigurer PDF-filsikkerhedsbegrænsninger."/>
		<!-- Encryption level -->
		<ItemForTranslation ItemName="EncryptionLevel" ItemTranslation="Krypteringsniveau"/>
		<ItemForTranslation ItemName="EncryptionLevelDescription" ItemTranslation="Kryptering er som standard den mest sikre indstilling: 128 bits RC4"/>
		<ItemForTranslation ItemName="High (128-bit RC4)" ItemTranslation="Høj (128-bit RC4)"/>
		<ItemForTranslation ItemName="Low (40-bit RC4)" ItemTranslation="Lav (40-bit RC4)"/>
		<ItemForTranslation ItemName="EncryptionNone" ItemTranslation="Ingen"/>
		<ItemForTranslation ItemName="&lt;No password&gt;" ItemTranslation="&lt;Ingen adgangskode&gt;"/>
		<ItemForTranslation ItemName="&lt;PromptWhenSaving&gt;" ItemTranslation="&lt;Spørg når der gemmes&gt;"/>
		<ItemForTranslation ItemName="&lt;SetPassword&gt;" ItemTranslation="&lt;Angiv adgangskode&gt;"/>
		<!-- User password strings -->
		<ItemForTranslation ItemName="PasswodForOpen" ItemTranslation="Brugeradgangskode"/>
		<ItemForTranslation ItemName="PasswodForOpenDescription" ItemTranslation=" Oprettelse af en bruger-adgangskode (som også kaldes for en 'Åbn dokument-adgangskode') forhindrer brugere i at åbne dokumentet, medmindre de indtaster adgangskoden. Hvis du vil begrænse udskrivning og redigering, kan du bruge en ejer-adgangskode."/>
		<ItemForTranslation ItemName="Require_User_Password" ItemTranslation="Kræver brugeradgangskode for åbning af dokument"/>
		<ItemForTranslation ItemName="User_Password:" ItemTranslation="Brugeradgangskode:"/>
		<ItemForTranslation ItemName="Repeat_User_Password:" ItemTranslation="Gentag brugeradgangskode:"/>
		<!-- Owner password strings -->
		<ItemForTranslation ItemName="Permissions" ItemTranslation="PDF-sikkerhedsbegrænsninger"/>
		<ItemForTranslation ItemName="PermissionsDescription" ItemTranslation="Disse tilladelser begrænser, hvilke brugere der kan bruge PDF-filen."/>
		<ItemForTranslation ItemName="PermissionsPassword" ItemTranslation="Ejeradgangskode"/>
		<ItemForTranslation ItemName="PermissionsPasswordDescription" ItemTranslation="Hvis du opretter sikkerhedsrestriktioner i en PDF-fil, bør du også angive en ejer-adgangskode (også kaldet en 'tilladelses-adgangskode'). Enten bruger- eller ejer-adgangskoden kan bruges til åbning af PDF-filen."/>
		<!--*** String To Translate ***--><ItemForTranslation ItemName="Use_Owner_Password" ItemTranslation="Use owner password to restrict printing, editing and extraction"/>
		<ItemForTranslation ItemName="Owner_Password:" ItemTranslation="Ejeradgangskode:"/>
		<ItemForTranslation ItemName="Repeat_Owner_Password:" ItemTranslation="Gentag ejeradgangskode:"/>
		<!-- Permissions modes -->
		<ItemForTranslation ItemName="AllowPrinting" ItemTranslation="Tillad udskrivning"/>
		<ItemForTranslation ItemName="AllowPrintingDescription" ItemTranslation=" Klik på Ja for at tillade alle brugere at udskrive PDF-filen, eller klik på Nej for kun at tillade, at brugere der kender ejer-adgangskoden kan udskrive."/>
		<ItemForTranslation ItemName="AllowChanging" ItemTranslation="Tillad ændring"/>
		<ItemForTranslation ItemName="AllowChangingLong" ItemTranslation="Tillad redigering af indhold"/>
		<ItemForTranslation ItemName="AllowChangingDescription" ItemTranslation=" Klik på Ja for at tillade alle brugere at ændre PDF-filens indhold, eller klik på Nej for kun at tillade, at brugere der kender ejer-adgangskoden må ændre."/>
		<ItemForTranslation ItemName="AllowCopying" ItemTranslation="Tillad kopiering"/>
		<ItemForTranslation ItemName="AllowCopyingDescription" ItemTranslation=" Klik på Ja for at tillade alle brugere at kopiere eller udtrække indhold, eller klik på Nej for kun at tillade brugere der kender ejer-adgangskoden at kopiere og udtrække."/>
		<ItemForTranslation ItemName="AllowChangingComments" ItemTranslation="Tillad kommentarer"/>
		<ItemForTranslation ItemName="AllowChangingCommentsLong" ItemTranslation="Tillader tilføjelse eller redigering af kommentarer"/>
		<ItemForTranslation ItemName="AllowChangingCommentsDescription" ItemTranslation=" Klik på Ja for at tillade alle brugere at redigere eller tilføje kommentarer i PDF-filen, eller klik på Nej for kun at tillade brugere der kender ejer-adgangskoden at redigere. "/>
		<!-- Acrobat plug-in messages (labels and menu items) -->
		<ItemForTranslation ItemName="SC_TOOLBAR_TITLE" ItemTranslation="{applicationname}"/>
		<ItemForTranslation ItemName="SC_BUTTON_LABEL" ItemTranslation="Åbn med Word"/>
		<ItemForTranslation ItemName="SC_BUTTON_TOOLTIP" ItemTranslation="Brug {applicationname} til konvertering af dette dokument, og åbn det i Microsoft Word"/>
		<ItemForTranslation ItemName="SC_MENUITEM_RUN" ItemTranslation="Åbn med Microsoft Word"/>
		<ItemForTranslation ItemName="SC_MENUITEM_ABOUT" ItemTranslation="Om {applicationname}..."/>
		<!-- SolidConverterPDF plug-in messages -->
		<ItemForTranslation ItemName="UnableAddToolbarToExcel" ItemTranslation="Kan ikke føje kontrollerne til Solid Converter til Excel."/>
		<ItemForTranslation ItemName="UnableAddToolbarToPowerPoint" ItemTranslation="Kan ikke føje kontrollerne til Solid Converter til PowerPoint."/>
		<ItemForTranslation ItemName="NoWorkbooksOpen" ItemTranslation="Der er ingen åbne regneark."/>
		<ItemForTranslation ItemName="NoPresentationsOpen" ItemTranslation="Der er ingen åbne præsentationer."/>
		<ItemForTranslation ItemName="NoDocumentsOpen" ItemTranslation="Der er ingen åbne dokumenter."/>
		<ItemForTranslation ItemName="EmptyWorksheet" ItemTranslation="{applikatiosnavn} kunne ikke finde noget at udskrive, derfor kan PDF-oprettelsen ikke startes."/>
		<ItemForTranslation ItemName="PrinterNotFound" ItemTranslation="Der er ikke installeret en Solid PDF Creator-printer. Geninstallet {applikationsnavn}."/>
		<!-- Explorer Extensions -->
		<ItemForTranslation ItemName="INFO_LOAD" ItemTranslation="{applicationname} konverterer PDF til Word. Indlæs først en PDF-fil for at gøre dette."/>
		<ItemForTranslation ItemName="TITLE_PROGRESS" ItemTranslation="{applicationname}"/>
		<ItemForTranslation ItemName="WAIT_DOWNLOAD" ItemTranslation="Downloader PDF-fil..."/>
		<!-- SpreadsheetML export filter -->
		<ItemForTranslation ItemName="SpreadsheetML_Files_Filter" ItemTranslation="Microsoft Excel XML-filer (*.xml)"/>
		<ItemForTranslation ItemName="Extract_Tables_To_Excel" ItemTranslation="Udtræk tabeller til Microsoft Excel "/>
		<ItemForTranslation ItemName="TableNotFound" ItemTranslation="Ingen tabeller fundet..."/>
		<ItemForTranslation ItemName="NoTablesToExtract" ItemTranslation="Ingen tabeller."/>
		<ItemForTranslation ItemName="NoTablesToExtractDesc" ItemTranslation="Fil blev sprunget over: Der blev ikke fundet tabeller at udtrække. "/>
		<!-- WordML export filter -->
		<ItemForTranslation ItemName="WordML_Files_Filter" ItemTranslation="Microsof Word XML-filer (*.xml)"/>
		<ItemForTranslation ItemName="Save_As_WordML" ItemTranslation="Gem som Microsoft Word XML"/>
		<!-- Solid PDF Creator -->
		<ItemForTranslation ItemName="ToolTips801" ItemTranslation="Indstillinger"/>
		<ItemForTranslation ItemName="ToolTips802" ItemTranslation="Hjælp"/>
		<ItemForTranslation ItemName="ToolTips803" ItemTranslation="Afslut"/>
		<ItemForTranslation ItemName="ToolTips800" ItemTranslation="Opret PDF-fil"/>
		<!--*** String To Translate ***--><ItemForTranslation ItemName="_Splash_1" ItemTranslation="Purchase your copy of {applicationname} now and receive..."/>
		<!--*** String To Translate ***--><ItemForTranslation ItemName="_Splash_2" ItemTranslation="- First-class customer support"/>
		<!--*** String To Translate ***--><ItemForTranslation ItemName="_Splash_3" ItemTranslation="- Service releases and upgrades"/>
		<!--*** String To Translate ***--><ItemForTranslation ItemName="_Splash_4" ItemTranslation="- Special offers and discounts"/>
		<!--*** String To Translate ***--><ItemForTranslation ItemName="_Splash_5" ItemTranslation="Click"/>
		<!--*** String To Translate ***--><ItemForTranslation ItemName="_Splash_6" ItemTranslation="Purchase"/>
		<!--*** String To Translate ***--><ItemForTranslation ItemName="_Splash_7" ItemTranslation="to register {applicationname} today!"/>
		<!--*** String To Translate ***--><ItemForTranslation ItemName="_PROMPT_INFO" ItemTranslation="Prompt for document information"/>
		<!--*** String To Translate ***--><ItemForTranslation ItemName="_ENTER_UNLOCK" ItemTranslation="Enter Unlock Code"/>
		<!--*** String To Translate ***--><ItemForTranslation ItemName="_Title" ItemTranslation="Title:"/>
		<!--*** String To Translate ***--><ItemForTranslation ItemName="_Subject" ItemTranslation="Subject:"/>
		<!--*** String To Translate ***--><ItemForTranslation ItemName="_Author" ItemTranslation="Author:"/>
		<!--*** String To Translate ***--><ItemForTranslation ItemName="_Keywords" ItemTranslation="Keywords:"/>
		<!--*** String To Translate ***--><ItemForTranslation ItemName="Default_Document_information" ItemTranslation="Default document information"/>
		<!--*** String To Translate ***--><ItemForTranslation ItemName="_Override" ItemTranslation="Override"/>
		<!--*** String To Translate ***--><ItemForTranslation ItemName="_Skip" ItemTranslation="Skip"/>
		<!--*** String To Translate ***--><ItemForTranslation ItemName="_Append" ItemTranslation="Append"/>
		<!--*** String To Translate ***--><ItemForTranslation ItemName="AskIfExist" ItemTranslation="If file already exist do"/>
		<!--*** String To Translate ***--><ItemForTranslation ItemName="Color_Images" ItemTranslation="Color Images"/>
		<!--*** String To Translate ***--><ItemForTranslation ItemName="Color_Images_to_Grayscale" ItemTranslation="Convert color images to grayscale"/>
		<!--*** String To Translate ***--><ItemForTranslation ItemName="CImages_Downsample" ItemTranslation="Downsample (DPI):"/>
		<!--*** String To Translate ***--><ItemForTranslation ItemName="GImages_Downsample" ItemTranslation="Downsample (DPI):"/>
		<!--*** String To Translate ***--><ItemForTranslation ItemName="MImages_Downsample" ItemTranslation="Downsample (DPI):"/>
		<!--*** String To Translate ***--><ItemForTranslation ItemName="Use_Original_DPI" ItemTranslation="Keep original DPI"/>
		<!--*** String To Translate ***--><ItemForTranslation ItemName="CImages_Compression" ItemTranslation="Compression:"/>
		<!--*** String To Translate ***--><ItemForTranslation ItemName="GImages_Compression" ItemTranslation="Compression:"/>
		<!--*** String To Translate ***--><ItemForTranslation ItemName="MImages_Compression" ItemTranslation="Compression:"/>
		<!--*** String To Translate ***--><ItemForTranslation ItemName="CImages_Quality" ItemTranslation="Image Quality:"/>
		<!--*** String To Translate ***--><ItemForTranslation ItemName="GImages_Quality" ItemTranslation="Image Quality:"/>
		<!--*** String To Translate ***--><ItemForTranslation ItemName="Grayscale_Images" ItemTranslation="Grayscale Images"/>
		<!--*** String To Translate ***--><ItemForTranslation ItemName="Grayscale_Images_to_Monochrome" ItemTranslation="Convert grayscale images to monochrome"/>
		<!--*** String To Translate ***--><ItemForTranslation ItemName="Monochrome_Images" ItemTranslation="Monochrome Images"/>
		<!--*** String To Translate ***--><ItemForTranslation ItemName="Descr_None" ItemTranslation="No image compression, no image resampling, embedded fonts."/>
		<!--*** String To Translate ***--><ItemForTranslation ItemName="Descr_Web" ItemTranslation="Ideal for screen display. (Lossy compression, image resampling, no embedded fonts.)"/>
		<!--*** String To Translate ***--><ItemForTranslation ItemName="Descr_Draftquality" ItemTranslation="Ideal for drafts or low-resolution print jobs. (No resampling, lossy compression, no embedded fonts.)"/>
		<!--*** String To Translate ***--><ItemForTranslation ItemName="Descr_Professional" ItemTranslation="Ideal for high-quality print jobs. (No resampling, lossless compression, all fonts embedded.)"/>
		<!--*** String To Translate ***--><ItemForTranslation ItemName="Descr_Custom2" ItemTranslation="Select your own optimization settings."/>
		<!--*** String To Translate ***--><ItemForTranslation ItemName="_Web" ItemTranslation="Web"/>
		<!--*** String To Translate ***--><ItemForTranslation ItemName="_Draftquality" ItemTranslation="Draft quality"/>
		<!--*** String To Translate ***--><ItemForTranslation ItemName="_Professional" ItemTranslation="Professional quality"/>
		<!--*** String To Translate ***--><ItemForTranslation ItemName="_Settings" ItemTranslation="Settings"/>
		<!--*** String To Translate ***--><ItemForTranslation ItemName="Main_PDF_Advanced_Description" ItemTranslation="Select the optimization method that suits your requirements."/>
		<!--*** String To Translate ***--><ItemForTranslation ItemName="_Grayscale" ItemTranslation="Grayscale"/>
		<!--*** String To Translate ***--><ItemForTranslation ItemName="Close_Progress" ItemTranslation="Close progress window when finished"/>
		<ItemForTranslation ItemName="Font_List" ItemTranslation="Skrifttypeliste"/>
		<!--*** String To Translate ***--><ItemForTranslation ItemName="_space" ItemTranslation=" {n}"/>
		<!--*** String To Translate ***--><ItemForTranslation ItemName="Never_Font" ItemTranslation="Embed none"/>
		<!--*** String To Translate ***--><ItemForTranslation ItemName="Never_Font_List" ItemTranslation="Never Embed"/>
		<!--*** String To Translate ***--><ItemForTranslation ItemName="Embed_Font" ItemTranslation="Embed all"/>
		<!--*** String To Translate ***--><ItemForTranslation ItemName="Always_Font_List" ItemTranslation="Always Embed"/>
		<!--*** String To Translate ***--><ItemForTranslation ItemName="Add_Font" ItemTranslation="Add &gt;"/>
		<!--*** String To Translate ***--><ItemForTranslation ItemName="Remove_Font" ItemTranslation="&lt; Remove"/>
		<!--*** String To Translate ***--><ItemForTranslation ItemName="_Subset" ItemTranslation="Subset embedded fonts when less than"/>
		<!--*** String To Translate ***--><ItemForTranslation ItemName="Characters_Persents" ItemTranslation="% of characters used"/>
		<!--*** String To Translate ***--><ItemForTranslation ItemName="Embed_Fail" ItemTranslation="If embedding fails:"/>
		<ItemForTranslation ItemName="PDF_Setup" ItemTranslation="PDF-opsætning"/>
		<ItemForTranslation ItemName="_Advanced" ItemTranslation="Komprimering"/>
		<!-- ENCRYPTION PDF DIALOAG -->
		<ItemForTranslation ItemName="Encrypt_Level_Static" ItemTranslation="Krypteringsniveau:"/>
		<ItemForTranslation ItemName="128bit" ItemTranslation="High (128-bit RC4) - Acrobat 5.0 og senere"/>
		<ItemForTranslation ItemName="40bit" ItemTranslation="Low (40-bit RC4) - Acrobat 3.0 og senere"/>
		<ItemForTranslation ItemName="_Prompt" ItemTranslation="Spørg"/>
		<ItemForTranslation ItemName="OpenPasswordsMustMatch" ItemTranslation="Bekræftelse af bruger-adgangskode udløste en fejl."/>
		<ItemForTranslation ItemName="OpenPasswordMustBePresent" ItemTranslation="Indstillingen 'Kræver bruger-adgangskode for åbning af dokumentet' er valgt, men feltet 'Bruger-adgangskode' er romt. Fravælg indstillingen eller indtast en adgangskode."/>
		<ItemForTranslation ItemName="PermissionPasswordsMustMatch" ItemTranslation="Bekræftelse af ejer-adgangskode udløste en fejl."/>
		<ItemForTranslation ItemName="PermissionPasswordMustBePresent" ItemTranslation="Indstillingen 'Anvend ejer-adgangskode til begrænsning af udskrivning, redigering eller udtræk' er valgt, men feltet 'Ejer-adgangskode' er tomt. Fravælg indstillingen eller indtast en adgangskode."/>
		<ItemForTranslation ItemName="PasswordMustBePresent" ItemTranslation="Angiv enten en bruger-adgangskode eller en ejer-adgangskode, for at anvende sikkerhedsindstillingerne."/>
		<ItemForTranslation ItemName="PasswordsMustBeDiffered" ItemTranslation="Bruger- og ejer-adgangskoden kan ikke være den samme."/>
		<!--    PDF OPTIONS -->
		<ItemForTranslation ItemName="_Encryption" ItemTranslation="Sikkerhed"/>
		<ItemForTranslation ItemName="Pdf_Encrypt_Dialog" ItemTranslation="Sikkerhed"/>
		<ItemForTranslation ItemName="_Save" ItemTranslation="Gem"/>
		<ItemForTranslation ItemName="_PDFSavePageDlg" ItemTranslation="Gem"/>
		<ItemForTranslation ItemName="_High" ItemTranslation="Høj"/>
		<ItemForTranslation ItemName="_Medium" ItemTranslation="Mellem"/>
		<ItemForTranslation ItemName="_Low" ItemTranslation="Lav"/>
		<ItemForTranslation ItemName="The_Lowest" ItemTranslation="Den laveste"/>
		<ItemForTranslation ItemName="_Custom" ItemTranslation="Brugerdefineret"/>
		<ItemForTranslation ItemName="Ask_Fname" ItemTranslation="Bed om navn på destinationsfil "/>
		<ItemForTranslation ItemName="Predefine_Fname" ItemTranslation="Brug prædefineret destinationsfil-navn "/>
		<ItemForTranslation ItemName="_Path" ItemTranslation="Målmappe:"/>
		<ItemForTranslation ItemName="_Browse" ItemTranslation="Gennemse"/>
		<ItemForTranslation ItemName="File_Name" ItemTranslation="Filnavn:"/>
		<ItemForTranslation ItemName="_Macro" ItemTranslation="Rediger"/>
		<ItemForTranslation ItemName="_Example" ItemTranslation="Eksempel:"/>
		<ItemForTranslation ItemName="Append_Pages_to_Existing_File" ItemTranslation="Føj sider til eksisterende fil"/>
		<ItemForTranslation ItemName="Document_Name" ItemTranslation="Navn på kildedokument "/>
		<ItemForTranslation ItemName="_Date" ItemTranslation="Aktuel dato"/>
		<ItemForTranslation ItemName="_Time" ItemTranslation="Aktuel tid"/>
		<ItemForTranslation ItemName="_Invalid_Target_Folder" ItemTranslation="Ugyldig målmappe"/>
		<ItemForTranslation ItemName="Source_Document_Name" ItemTranslation="Navn på kildedokument "/>
		<ItemForTranslation ItemName="Current_Date" ItemTranslation="Aktuel dato"/>
		<ItemForTranslation ItemName="Current_Time" ItemTranslation="Aktuel tid"/>
		<ItemForTranslation ItemName="_PDFImagesDlg" ItemTranslation="Billedindstillinger for PDF-format"/>
		<ItemForTranslation ItemName="Use_original" ItemTranslation="Brug original DPI"/>
		<ItemForTranslation ItemName="_DPI" ItemTranslation="Brug DPI:"/>
		<ItemForTranslation ItemName="_Monochrome" ItemTranslation="Konverter farvebilleder (større) til sort/hvid-billeder (mindre)"/>
		<ItemForTranslation ItemName="Use_Compression_Encode" ItemTranslation="Brug komprimering:"/>
		<ItemForTranslation ItemName="_None" ItemTranslation="Ingen"/>
		<ItemForTranslation ItemName="_ASCIIHexEncode" ItemTranslation="ASCII Hex-kodning "/>
		<ItemForTranslation ItemName="_LZWEncode" ItemTranslation="LZW-kodning"/>
		<ItemForTranslation ItemName="_FlateEncode" ItemTranslation="Flate-kodning"/>
		<ItemForTranslation ItemName="_ASCII85Encode" ItemTranslation="ASCII 85-kodning"/>
		<ItemForTranslation ItemName="_RunLengthEncode" ItemTranslation="Run Length-kodning"/>
		<ItemForTranslation ItemName="_CCITTFaxEncode" ItemTranslation="CCITT Fax-kodning"/>
		<ItemForTranslation ItemName="_JBIG2Encode" ItemTranslation="JBIG2-kodning"/>
		<ItemForTranslation ItemName="_DCTEncode" ItemTranslation="DCT-kodning"/>
		<ItemForTranslation ItemName="_J2KEncode" ItemTranslation="J2K-kodning"/>
		<ItemForTranslation ItemName="_PDFFontsDlg" ItemTranslation="Skrifttypeindstillinger for PDF-format"/>
		<ItemForTranslation ItemName="Font_Embedding" ItemTranslation="Brug skrifttypeindlejring "/>
		<ItemForTranslation ItemName="_Never" ItemTranslation="Indlejr aldrig skrifttyper "/>
		<ItemForTranslation ItemName="_SubSet" ItemTranslation="Gem skrifttype-undersæt"/>
		<ItemForTranslation ItemName="_All" ItemTranslation="Alle"/>
		<ItemForTranslation ItemName="Never_Embed_Fonts" ItemTranslation="Skrifttyper skal aldrig indlejres"/>
		<ItemForTranslation ItemName="_CMap" ItemTranslation="CMap"/>
		<ItemForTranslation ItemName="Compression_Select" ItemTranslation="Detaljeniveau:"/>
		<ItemForTranslation ItemName="Compression_Description" ItemTranslation="Beskrivelse af detaljeniveau "/>
		<ItemForTranslation ItemName="_Fonts" ItemTranslation="Skrifttypeindstillinger "/>
		<ItemForTranslation ItemName="_Images" ItemTranslation="Billedindstillinger "/>
		<ItemForTranslation ItemName="Descr_High" ItemTranslation="Bevarer farvemodellen og komprimeringen (DPI) I det originale billede."/>
		<ItemForTranslation ItemName="Descr_Medium" ItemTranslation="Original farvemodel til billeder. Billed-DPI mindskes"/>
		<ItemForTranslation ItemName="Descr_Low" ItemTranslation="Anvender en monokrom farvemodel, men bibeholder originalbilledets komprimering (DPI)."/>
		<ItemForTranslation ItemName="Descr_TheLowest" ItemTranslation="Monokrom farvemodel til billeder. Billed-DPI mindskes"/>
		<ItemForTranslation ItemName="Descr_Custom" ItemTranslation="Klik på knappen herunder for at vælge billedindstillinger."/>
		<ItemForTranslation ItemName="_KeepOpen" ItemTranslation="Bevar åben"/>
		<ItemForTranslation ItemName="_Details" ItemTranslation="Bevar åben"/>
		<!--*** String To Translate ***--><ItemForTranslation ItemName="_PROMPT_FOR_PASSWORD" ItemTranslation="Prompt for password and security settings"/>
		<!--*** String To Translate ***--><ItemForTranslation ItemName="_OPEN_PDF_FILE" ItemTranslation="Open converted file"/>
		<!--*** String To Translate ***--><ItemForTranslation ItemName="PrintNotAvailable" ItemTranslation="This functionality is available only in professional version"/>
		<!--*** String To Translate ***--><ItemForTranslation ItemName="TrialNotFullConvertionDescription" ItemTranslation="Thank you for trying Solid Converter PDF. The trial version of this product only converts 10% of your document, with a 10 page maximum."/>
		<!--*** String To Translate ***--><ItemForTranslation ItemName="font_cannot_be_embedded" ItemTranslation="font cannot be embedded"/>
		<!--*** String To Translate ***--><ItemForTranslation ItemName="font_will_be_embedded" ItemTranslation="font will be embedded"/>
		<!--*** String To Translate ***--><ItemForTranslation ItemName="font_as_rasters" ItemTranslation="font cannot be created{n}All glyphs will be representd as rasters"/>
		<!--*** String To Translate ***--><ItemForTranslation ItemName="font_conversion_error" ItemTranslation="font cannot be created{n}Job is canceled"/>
		<!--*** String To Translate ***--><ItemForTranslation ItemName="Warn_and_continue" ItemTranslation="Warn and continue"/>
		<!--*** String To Translate ***--><ItemForTranslation ItemName="_Ignore" ItemTranslation="Ignore"/>
		<!--*** String To Translate ***--><ItemForTranslation ItemName="Cancel_job" ItemTranslation="Cancel job"/>
		<!--*** String To Translate ***--><ItemForTranslation ItemName="_Folder" ItemTranslation="Folder"/>
		<!--*** String To Translate ***--><ItemForTranslation ItemName="Font_Lists" ItemTranslation="Font Lists"/>
		<!--*** String To Translate ***--><ItemForTranslation ItemName="NoImagesToExtract" ItemTranslation="Image not found"/>
		<!--*** String To Translate ***--><ItemForTranslation ItemName="NoImagesToExtractDesc" ItemTranslation="File skipped: no image were found to extract"/>
		<!--*** String To Translate ***--><ItemForTranslation ItemName="_CREATE_SUCCESS" ItemTranslation="File conversion successful."/>
		<!--*** String To Translate ***--><ItemForTranslation ItemName="_Creating_PDF..." ItemTranslation="Creating PDF..."/>
		<!--*** String To Translate ***--><ItemForTranslation ItemName="AllowCopyingLong" ItemTranslation="Allow copying and extraction of contents"/>
		<!--*** String To Translate ***--><ItemForTranslation ItemName="Encryption_Level" ItemTranslation="Encryption Level"/>
		<!--*** String To Translate ***--><ItemForTranslation ItemName="User_Options" ItemTranslation="User Options"/>
		<!--*** String To Translate ***--><ItemForTranslation ItemName="Owner_Options" ItemTranslation="Owner Options"/>
		<ItemForTranslation ItemName="_PDFAdvancedPageDlg" ItemTranslation="Komprimering"/>
		<!--*** String To Translate ***--><ItemForTranslation ItemName="_Recent_Folder" ItemTranslation="Recent Folder"/>
			<!--*** Replace Images Dialog Strings ***-->
        <!--*** String To Translate ***--><ItemForTranslation ItemName="CompleteReplaceFolder"		ItemTranslation="Completely replace folder content?"/>
	<!--*** String To Translate ***--><ItemForTranslation ItemName="UseAnotherFolder"		ItemTranslation="Create or select another folder?"/>
	<!--*** String To Translate ***--><ItemForTranslation ItemName="OverrideFolder" 		ItemTranslation="Override existing images with the same name and add new images to the folder?"/>
	<!--*** String To Translate ***--><ItemForTranslation ItemName="ReplaceImageOnExtraction"	ItemTranslation="The folder {1} already exists.{n}Do you want to: "/>

	<!--*** String To Translate ***--><ItemForTranslation ItemName="ConversionOptions"	ItemTranslation="Conversion Settings"/>

	<!--*** String To Translate ***--><ItemForTranslation ItemName="_Form_Name" 				ItemTranslation="Form Name"/>
	<!--*** String To Translate ***--><ItemForTranslation ItemName="_Width_x_Height" 			ItemTranslation="Width x Height"/>
	<!--*** String To Translate ***--><ItemForTranslation ItemName="_Units" 					ItemTranslation="Units"/>
		<!--*** String To Translate ***--><ItemForTranslation ItemName="_mm" 						ItemTranslation="mm"/>
		<!--*** String To Translate ***--><ItemForTranslation ItemName="_Invalid_Form_name" 		ItemTranslation="Invalid Form name"/>
		<!--*** String To Translate ***--><ItemForTranslation ItemName="_Already_exists" 			ItemTranslation="The form already exists"/>
	<!--*** String To Translate ***--><ItemForTranslation ItemName="Automatic_Enc" 			ItemTranslation="Automatic"/>
	<!--*** String To Translate ***--><ItemForTranslation ItemName="CCITTFaxEncode_Group3"		ItemTranslation="CCITTFaxEncode, Group 3"/>
	<!--*** String To Translate ***--><ItemForTranslation ItemName="CCITTFaxEncode_Group4" 		ItemTranslation="CCITTFaxEncode, Group 4"/>

	<!--*** String To Translate ***--><ItemForTranslation ItemName="_Add"             ItemTranslation="Add"/>
	<!--*** String To Translate ***--><ItemForTranslation ItemName="_Edit"            ItemTranslation="Edit"/>
	<!--*** String To Translate ***--><ItemForTranslation ItemName="_Remove"          ItemTranslation="Remove"/>
	<!--*** String To Translate ***--><ItemForTranslation ItemName="Page_Orientation" ItemTranslation="Orientation:"/>
	<!--*** String To Translate ***--><ItemForTranslation ItemName="Custom_Forms"     ItemTranslation="Custom Forms"/>
	<!--*** String To Translate ***--><ItemForTranslation ItemName="_Portrait"        ItemTranslation="Portrait"/>
	<!--*** String To Translate ***--><ItemForTranslation ItemName="_Landscape"       ItemTranslation="Landscape"/>



	<!--*** String To Translate ***--><ItemForTranslation ItemName="sp__10x11" ItemTranslation="10x11"/>
	<!--*** String To Translate ***--><ItemForTranslation ItemName="sp__10x14" ItemTranslation="10x14"/>
	<!--*** String To Translate ***--><ItemForTranslation ItemName="sp__11 x 17" ItemTranslation="11 x 17"/>
	<!--*** String To Translate ***--><ItemForTranslation ItemName="sp__12x11" ItemTranslation="12x11"/>
	<!--*** String To Translate ***--><ItemForTranslation ItemName="sp__15x11" ItemTranslation="15x11"/>
	<!--*** String To Translate ***--><ItemForTranslation ItemName="sp__6 3/4 Envelope" ItemTranslation="6 3/4 Envelope"/>
	<!--*** String To Translate ***--><ItemForTranslation ItemName="sp__92 x 92" ItemTranslation="92 x 92"/>
	<!--*** String To Translate ***--><ItemForTranslation ItemName="sp__9x11" ItemTranslation="9x11"/>
	<!--*** String To Translate ***--><ItemForTranslation ItemName="sp__A0" ItemTranslation="A0"/>
	<!--*** String To Translate ***--><ItemForTranslation ItemName="sp__A1" ItemTranslation="A1"/>
	<!--*** String To Translate ***--><ItemForTranslation ItemName="sp__A2" ItemTranslation="A2"/>
	<!--*** String To Translate ***--><ItemForTranslation ItemName="sp__A3" ItemTranslation="A3"/>
	<!--*** String To Translate ***--><ItemForTranslation ItemName="sp__A3 Extra" ItemTranslation="A3 Extra"/>
	<!--*** String To Translate ***--><ItemForTranslation ItemName="sp__A3 Rotated" ItemTranslation="A3 Rotated"/>
	<!--*** String To Translate ***--><ItemForTranslation ItemName="sp__A4" ItemTranslation="A4"/>
	<!--*** String To Translate ***--><ItemForTranslation ItemName="sp__A4 Extra" ItemTranslation="A4 Extra"/>
	<!--*** String To Translate ***--><ItemForTranslation ItemName="sp__A4 Plus" ItemTranslation="A4 Plus"/>
	<!--*** String To Translate ***--><ItemForTranslation ItemName="sp__A4 Rotated" ItemTranslation="A4 Rotated"/>
	<!--*** String To Translate ***--><ItemForTranslation ItemName="sp__A5" ItemTranslation="A5"/>
	<!--*** String To Translate ***--><ItemForTranslation ItemName="sp__A5 Extra" ItemTranslation="A5 Extra"/>
	<!--*** String To Translate ***--><ItemForTranslation ItemName="sp__A5 Rotated" ItemTranslation="A5 Rotated"/>
	<!--*** String To Translate ***--><ItemForTranslation ItemName="sp__A6" ItemTranslation="A6"/>
	<!--*** String To Translate ***--><ItemForTranslation ItemName="sp__A6 Rotated" ItemTranslation="A6 Rotated"/>
	<!--*** String To Translate ***--><ItemForTranslation ItemName="sp__ANSI C" ItemTranslation="ANSI C"/>
	<!--*** String To Translate ***--><ItemForTranslation ItemName="sp__ANSI D" ItemTranslation="ANSI D"/>
	<!--*** String To Translate ***--><ItemForTranslation ItemName="sp__ANSI E" ItemTranslation="ANSI E"/>
	<!--*** String To Translate ***--><ItemForTranslation ItemName="sp__ANSI F" ItemTranslation="ANSI F"/>
	<!--*** String To Translate ***--><ItemForTranslation ItemName="sp__ARCH A" ItemTranslation="ARCH A"/>
	<!--*** String To Translate ***--><ItemForTranslation ItemName="sp__ARCH B" ItemTranslation="ARCH B"/>
	<!--*** String To Translate ***--><ItemForTranslation ItemName="sp__ARCH C" ItemTranslation="ARCH C"/>
	<!--*** String To Translate ***--><ItemForTranslation ItemName="sp__ARCH D" ItemTranslation="ARCH D"/>
	<!--*** String To Translate ***--><ItemForTranslation ItemName="sp__ARCH E" ItemTranslation="ARCH E"/>
	<!--*** String To Translate ***--><ItemForTranslation ItemName="sp__ARCH E1" ItemTranslation="ARCH E1"/>
	<!--*** String To Translate ***--><ItemForTranslation ItemName="sp__ARCH E2" ItemTranslation="ARCH E2"/>
	<!--*** String To Translate ***--><ItemForTranslation ItemName="sp__ARCH E3" ItemTranslation="ARCH E3"/>
	<!--*** String To Translate ***--><ItemForTranslation ItemName="sp__B4 (ISO)" ItemTranslation="B4 (ISO)"/>
	<!--*** String To Translate ***--><ItemForTranslation ItemName="sp__B4 (JIS)" ItemTranslation="B4 (JIS)"/>
	<!--*** String To Translate ***--><ItemForTranslation ItemName="sp__B4 (JIS) Rotated" ItemTranslation="B4 (JIS) Rotated"/>
	<!--*** String To Translate ***--><ItemForTranslation ItemName="sp__B5 (ISO) Extra" ItemTranslation="B5 (ISO) Extra"/>
	<!--*** String To Translate ***--><ItemForTranslation ItemName="sp__B5 (JIS)" ItemTranslation="B5 (JIS)"/>
	<!--*** String To Translate ***--><ItemForTranslation ItemName="sp__B5 (JIS) Rotated" ItemTranslation="B5 (JIS) Rotated"/>
	<!--*** String To Translate ***--><ItemForTranslation ItemName="sp__B6 (JIS)" ItemTranslation="B6 (JIS)"/>
	<!--*** String To Translate ***--><ItemForTranslation ItemName="sp__B6 (JIS) Rotated" ItemTranslation="B6 (JIS) Rotated"/>
	<!--*** String To Translate ***--><ItemForTranslation ItemName="sp__C5" ItemTranslation="C5"/>
	<!--*** String To Translate ***--><ItemForTranslation ItemName="sp__Double Japan Postcard Rotated" ItemTranslation="Double Japan Postcard Rotated"/>
	<!--*** String To Translate ***--><ItemForTranslation ItemName="sp__Envelope" ItemTranslation="Envelope"/>
	<!--*** String To Translate ***--><ItemForTranslation ItemName="sp__Envelope #10" ItemTranslation="Envelope #10"/>
	<!--*** String To Translate ***--><ItemForTranslation ItemName="sp__Envelope #11" ItemTranslation="Envelope #11"/>
	<!--*** String To Translate ***--><ItemForTranslation ItemName="sp__Envelope #12" ItemTranslation="Envelope #12"/>
	<!--*** String To Translate ***--><ItemForTranslation ItemName="sp__Envelope #14" ItemTranslation="Envelope #14"/>
	<!--*** String To Translate ***--><ItemForTranslation ItemName="sp__Envelope #9" ItemTranslation="Envelope #9"/>
	<!--*** String To Translate ***--><ItemForTranslation ItemName="sp__Envelope B5" ItemTranslation="Envelope B5"/>
	<!--*** String To Translate ***--><ItemForTranslation ItemName="sp__Envelope B6" ItemTranslation="Envelope B6"/>
	<!--*** String To Translate ***--><ItemForTranslation ItemName="sp__Envelope C3" ItemTranslation="Envelope C3"/>
	<!--*** String To Translate ***--><ItemForTranslation ItemName="sp__Envelope C4" ItemTranslation="Envelope C4"/>
	<!--*** String To Translate ***--><ItemForTranslation ItemName="sp__Envelope C5" ItemTranslation="Envelope C5"/>
	<!--*** String To Translate ***--><ItemForTranslation ItemName="sp__Envelope C6" ItemTranslation="Envelope C6"/>
	<!--*** String To Translate ***--><ItemForTranslation ItemName="sp__Envelope C65" ItemTranslation="Envelope C65"/>
	<!--*** String To Translate ***--><ItemForTranslation ItemName="sp__Envelope DL" ItemTranslation="Envelope DL"/>
	<!--*** String To Translate ***--><ItemForTranslation ItemName="sp__Envelope Invite" ItemTranslation="Envelope Invite"/>
	<!--*** String To Translate ***--><ItemForTranslation ItemName="sp__Envelope Monarch" ItemTranslation="Envelope Monarch"/>
	<!--*** String To Translate ***--><ItemForTranslation ItemName="sp__Executive" ItemTranslation="Executive"/>
	<!--*** String To Translate ***--><ItemForTranslation ItemName="sp__Folio" ItemTranslation="Folio"/>
	<!--*** String To Translate ***--><ItemForTranslation ItemName="sp__German Std Fanfold" ItemTranslation="German Std Fanfold"/>
	<!--*** String To Translate ***--><ItemForTranslation ItemName="sp__ISO A1 594 x 841 mm" ItemTranslation="ISO A1 594 x 841 mm"/>
	<!--*** String To Translate ***--><ItemForTranslation ItemName="sp__ISO B1" ItemTranslation="ISO B1"/>
	<!--*** String To Translate ***--><ItemForTranslation ItemName="sp__ISO B2" ItemTranslation="ISO B2"/>
	<!--*** String To Translate ***--><ItemForTranslation ItemName="sp__ISO B4" ItemTranslation="ISO B4"/>
	<!--*** String To Translate ***--><ItemForTranslation ItemName="sp__ISO B5" ItemTranslation="ISO B5"/>
	<!--*** String To Translate ***--><ItemForTranslation ItemName="sp__Japan Envelope Chou #3 Rotated" ItemTranslation="Japan Envelope Chou #3 Rotated"/>
	<!--*** String To Translate ***--><ItemForTranslation ItemName="sp__Japan Envelope Chou #4 Rotated" ItemTranslation="Japan Envelope Chou #4 Rotated"/>
	<!--*** String To Translate ***--><ItemForTranslation ItemName="sp__Japan Envelope Kaku #2 Rotated" ItemTranslation="Japan Envelope Kaku #2 Rotated"/>
	<!--*** String To Translate ***--><ItemForTranslation ItemName="sp__Japan Envelope Kaku #3 Rotated" ItemTranslation="Japan Envelope Kaku #3 Rotated"/>
	<!--*** String To Translate ***--><ItemForTranslation ItemName="sp__Japan Envelope You #4" ItemTranslation="Japan Envelope You #4"/>
	<!--*** String To Translate ***--><ItemForTranslation ItemName="sp__Japan Envelope You #4 Rotated" ItemTranslation="Japan Envelope You #4 Rotated"/>
	<!--*** String To Translate ***--><ItemForTranslation ItemName="sp__Japanese Double Postcard" ItemTranslation="Japanese Double Postcard"/>
	<!--*** String To Translate ***--><ItemForTranslation ItemName="sp__Japanese Envelope Chou #3" ItemTranslation="Japanese Envelope Chou #3"/>
	<!--*** String To Translate ***--><ItemForTranslation ItemName="sp__Japanese Envelope Chou #4" ItemTranslation="Japanese Envelope Chou #4"/>
	<!--*** String To Translate ***--><ItemForTranslation ItemName="sp__Japanese Envelope Kaku #2" ItemTranslation="Japanese Envelope Kaku #2"/>
	<!--*** String To Translate ***--><ItemForTranslation ItemName="sp__Japanese Envelope Kaku #3" ItemTranslation="Japanese Envelope Kaku #3"/>
	<!--*** String To Translate ***--><ItemForTranslation ItemName="sp__Japanese Postcard" ItemTranslation="Japanese Postcard"/>
	<!--*** String To Translate ***--><ItemForTranslation ItemName="sp__Japanese Postcard Rotated" ItemTranslation="Japanese Postcard Rotated"/>
	<!--*** String To Translate ***--><ItemForTranslation ItemName="sp__JIS B0" ItemTranslation="JIS B0"/>
	<!--*** String To Translate ***--><ItemForTranslation ItemName="sp__JIS B1" ItemTranslation="JIS B1"/>
	<!--*** String To Translate ***--><ItemForTranslation ItemName="sp__JIS B2" ItemTranslation="JIS B2"/>
	<!--*** String To Translate ***--><ItemForTranslation ItemName="sp__JIS B3" ItemTranslation="JIS B3"/>
	<!--*** String To Translate ***--><ItemForTranslation ItemName="sp__JIS B4" ItemTranslation="JIS B4"/>
	<!--*** String To Translate ***--><ItemForTranslation ItemName="sp__Ledger" ItemTranslation="Ledger"/>
	<!--*** String To Translate ***--><ItemForTranslation ItemName="sp__Legal" ItemTranslation="Legal"/>
	<!--*** String To Translate ***--><ItemForTranslation ItemName="sp__Legal Extra" ItemTranslation="Legal Extra"/>
	<!--*** String To Translate ***--><ItemForTranslation ItemName="sp__Letter" ItemTranslation="Letter"/>
	<!--*** String To Translate ***--><ItemForTranslation ItemName="sp__Letter Extra" ItemTranslation="Letter Extra"/>
	<!--*** String To Translate ***--><ItemForTranslation ItemName="sp__Letter Plus" ItemTranslation="Letter Plus"/>
	<!--*** String To Translate ***--><ItemForTranslation ItemName="sp__Letter Rotated" ItemTranslation="Letter Rotated"/>
	<!--*** String To Translate ***--><ItemForTranslation ItemName="sp__Oversize A0" ItemTranslation="Oversize A0"/>
	<!--*** String To Translate ***--><ItemForTranslation ItemName="sp__Oversize A1" ItemTranslation="Oversize A1"/>
	<!--*** String To Translate ***--><ItemForTranslation ItemName="sp__Oversize A2" ItemTranslation="Oversize A2"/>
	<!--*** String To Translate ***--><ItemForTranslation ItemName="sp__PRC 16K" ItemTranslation="PRC 16K"/>
	<!--*** String To Translate ***--><ItemForTranslation ItemName="sp__PRC 16K Rotated" ItemTranslation="PRC 16K Rotated"/>
	<!--*** String To Translate ***--><ItemForTranslation ItemName="sp__PRC 32K" ItemTranslation="PRC 32K"/>
	<!--*** String To Translate ***--><ItemForTranslation ItemName="sp__PRC 32K Rotated" ItemTranslation="PRC 32K Rotated"/>
	<!--*** String To Translate ***--><ItemForTranslation ItemName="sp__PRC 32K(Big)" ItemTranslation="PRC 32K(Big)"/>
	<!--*** String To Translate ***--><ItemForTranslation ItemName="sp__PRC 32K(Big) Rotated" ItemTranslation="PRC 32K(Big) Rotated"/>
	<!--*** String To Translate ***--><ItemForTranslation ItemName="sp__PRC Envelope #1" ItemTranslation="PRC Envelope #1"/>
	<!--*** String To Translate ***--><ItemForTranslation ItemName="sp__PRC Envelope #1 Rotated" ItemTranslation="PRC Envelope #1 Rotated"/>
	<!--*** String To Translate ***--><ItemForTranslation ItemName="sp__PRC Envelope #10 Rotated" ItemTranslation="PRC Envelope #10 Rotated"/>
	<!--*** String To Translate ***--><ItemForTranslation ItemName="sp__PRC Envelope #2" ItemTranslation="PRC Envelope #2"/>
	<!--*** String To Translate ***--><ItemForTranslation ItemName="sp__PRC Envelope #2 Rotated" ItemTranslation="PRC Envelope #2 Rotated"/>
	<!--*** String To Translate ***--><ItemForTranslation ItemName="sp__PRC Envelope #3" ItemTranslation="PRC Envelope #3"/>
	<!--*** String To Translate ***--><ItemForTranslation ItemName="sp__PRC Envelope #4" ItemTranslation="PRC Envelope #4"/>
	<!--*** String To Translate ***--><ItemForTranslation ItemName="sp__PRC Envelope #4 Rotated" ItemTranslation="PRC Envelope #4 Rotated"/>
	<!--*** String To Translate ***--><ItemForTranslation ItemName="sp__PRC Envelope #5 Rotated" ItemTranslation="PRC Envelope #5 Rotated"/>
	<!--*** String To Translate ***--><ItemForTranslation ItemName="sp__PRC Envelope #6" ItemTranslation="PRC Envelope #6"/>
	<!--*** String To Translate ***--><ItemForTranslation ItemName="sp__PRC Envelope #6 Rotated" ItemTranslation="PRC Envelope #6 Rotated"/>
	<!--*** String To Translate ***--><ItemForTranslation ItemName="sp__PRC Envelope #7" ItemTranslation="PRC Envelope #7"/>
	<!--*** String To Translate ***--><ItemForTranslation ItemName="sp__PRC Envelope #7 Rotated" ItemTranslation="PRC Envelope #7 Rotated"/>
	<!--*** String To Translate ***--><ItemForTranslation ItemName="sp__PRC Envelope #8" ItemTranslation="PRC Envelope #8"/>
	<!--*** String To Translate ***--><ItemForTranslation ItemName="sp__PRC Envelope #8 Rotated" ItemTranslation="PRC Envelope #8 Rotated"/>
	<!--*** String To Translate ***--><ItemForTranslation ItemName="sp__PRC Envelope #9 Rotated" ItemTranslation="PRC Envelope #9 Rotated"/>
	<!--*** String To Translate ***--><ItemForTranslation ItemName="sp__Quarto" ItemTranslation="Quarto"/>
	<!--*** String To Translate ***--><ItemForTranslation ItemName="sp__Screen" ItemTranslation="Screen"/>
	<!--*** String To Translate ***--><ItemForTranslation ItemName="sp__Statement" ItemTranslation="Statement"/>
	<!--*** String To Translate ***--><ItemForTranslation ItemName="sp__Super A" ItemTranslation="Super A"/>
	<!--*** String To Translate ***--><ItemForTranslation ItemName="sp__Super B" ItemTranslation="Super B"/>
	<!--*** String To Translate ***--><ItemForTranslation ItemName="sp__US Std Fanfold" ItemTranslation="US Std Fanfold"/>
</LanguageOptions>
</Root>
