<?xml version="1.0" encoding="utf-8"?>
<Root><!--    <LanguageOptions xmlns="x-schema:LanguageSchema.xml" Name="English"> -->
	<LanguageOptions Name="Dutch">
		<!-- Text for Main(File Open)  dialog -->
		<ItemForTranslation ItemName="DoNoRecoverColumns" ItemTranslation=" Kolommen niet herstellen"/>
		<!-- Button tooltips for main toolbar: {1} is replaced by the current hotkey for each -->
		<ItemForTranslation ItemName="ToolTips1010" ItemTranslation="Opties"/>
		<ItemForTranslation ItemName="ToolTips1011" ItemTranslation="Help"/>
		<ItemForTranslation ItemName="ToolTips1012" ItemTranslation="Converteren"/>
		<ItemForTranslation ItemName="ToolTips1013" ItemTranslation="Afsluiten"/>
		<ItemForTranslation ItemName="ToolTips1014" ItemTranslation="Pdf-bestand maken"/>
		<ItemForTranslation ItemName="ToolTips1500" ItemTranslation="Indien geselecteerd, zal het conversieprogramma geen kolommen herkennen. Dit is handig bij documenten met illustraties of tabellen."/>
		<ItemForTranslation ItemName="ToolTips1501" ItemTranslation="Indien geselecteerd, zal het conversieprogramma de lay-out van de kolommen herkennen en behouden om de logische volgorde van de tekst in het document te handhaven."/>
        <!--*** String To Translate ***--><ItemForTranslation ItemName="ToolTips1502"                             ItemTranslation="Table detection applies when page layout is recognized using flowing or continuous reconstruction mode."/>
		<!--*** String To Translate ***--><ItemForTranslation ItemName="ToolTips1503" ItemTranslation="Select No to convert all pages or Yes to be prompted to convert a specific page range."/>
		<ItemForTranslation ItemName="TBOptions" ItemTranslation="Opties"/>
		<ItemForTranslation ItemName="TBHelp" ItemTranslation="Help"/>
		<ItemForTranslation ItemName="TBConvert " ItemTranslation="Converteren"/>
		<ItemForTranslation ItemName="TBExit" ItemTranslation="Afsluiten"/>
		<ItemForTranslation ItemName="TBSave" ItemTranslation="Maken"/>
		<!-- Text for Options dialog -->
		<ItemForTranslation ItemName="$applicationname Options" ItemTranslation="Opties {applicationname}"/>
		<ItemForTranslation ItemName="ProgramOptions" ItemTranslation="Programmaopties"/>
		<ItemForTranslation ItemName="LaunchViewer" ItemTranslation="Microsoft Word starten"/>
		<ItemForTranslation ItemName="ForSingleFile" ItemTranslation="Voor een enkel bestand"/>
		<ItemForTranslation ItemName="ForMultipleFiles" ItemTranslation="Voor meerdere bestanden"/>
		<ItemForTranslation ItemName="TargetPath" ItemTranslation="Uitvoerpad"/>
		<ItemForTranslation ItemName="TargetFormat" ItemTranslation="Indeling uitvoerbestand"/>
		<ItemForTranslation ItemName="Language" ItemTranslation="Taal gebruikersinterface"/>
		<ItemForTranslation ItemName="CloseProgressDlg" ItemTranslation="Voortgangsvenster geopend houden"/>
		<ItemForTranslation ItemName="RestoreDefaults" ItemTranslation="Standaardinstellingen"/>
		<ItemForTranslation ItemName="PromptForPages" ItemTranslation="Vragen naar paginabereik"/>
		<ItemForTranslation ItemName="CharSpacing" ItemTranslation="Spatiëring behouden"/>
		<ItemForTranslation ItemName="ShowWizard" ItemTranslation="Wizard gebruiken"/>
		<ItemForTranslation ItemName="ExtractText" ItemTranslation="Extract text"/>
		<ItemForTranslation ItemName="LineLength" ItemTranslation="Line length"/>
		<!-- <ItemForTranslation ItemName="Columns Recovery"         ItemTranslation="Columns Recovery"/> -->
		<ItemForTranslation ItemName="FilterOptions" ItemTranslation="Configuratie conversieprogramma"/>
		<!--
                    <ItemForTranslation ItemName="Image Anchoring"          ItemTranslation="Image Anchoring"/>
                    <ItemForTranslation ItemName="Automatic"                ItemTranslation="Automatic"/>
                    <ItemForTranslation ItemName="Paragraph"                ItemTranslation="Paragraph"/>
                    <ItemForTranslation ItemName="Page"                     ItemTranslation="Page"/>
                -->
		<!-- Errors -->
		<!-- Descriptions for Options dialog -->
		<ItemForTranslation ItemName="ProgramOptionsDescription" ItemTranslation="{applicationname} kan worden geconfigureerd met de volgende opties."/>
		<ItemForTranslation ItemName="LaunchViewerDescription" ItemTranslation="Open het uitvoerbestand in Microsoft Word nadat de conversie is voltooid."/>
		<ItemForTranslation ItemName="CloseWindowDescription" ItemTranslation="Houd het conversievenster altijd geopend. Anders wordt dit venster automatisch gesloten nadat de conversie is voltooid."/>
		<ItemForTranslation ItemName="TargetPathDescription" ItemTranslation="Selecteer de locatie waar de geconverteerde bestanden worden opgeslagen."/>
		<ItemForTranslation ItemName="DefaultFilterDescription" ItemTranslation="Doc-bestanden ondersteunen ingesloten lettertypen. Rtf-bestanden kunnen ook worden geopend met andere programma's dan Microsoft Word. Txt-bestanden ondersteunen geen opmaak of afbeeldingen."/>
		<ItemForTranslation ItemName="LanguageDescription" ItemTranslation="Selecteer de taal van de gebruikersinterface voor {applicationname}."/>
		<ItemForTranslation ItemName="ShowWizardDescription" ItemTranslation="Stel deze optie in wanneer u de conversiewizard wilt gebruiken om u te helpen bij het configureren van de conversie-instellingen."/>
		<ItemForTranslation ItemName="FilterOptionsDescription" ItemTranslation="Configureer de gewenste specifieke functies van {applicationname}."/>
		<ItemForTranslation ItemName="PDFFilterDescription" ItemTranslation="Configureer de gewenste specifieke functies van {applicationname}."/>
		<ItemForTranslation ItemName="PDFFilterPromptForPagesDescription" ItemTranslation="Bepaal of u alle pagina's wilt converteren of een te kiezen deel van het document."/>
		<ItemForTranslation ItemName="PDFFilterColumnsRecoveryDescription" ItemTranslation="U kunt de afhandeling van kolommen regelen. Kolommen kunnen worden genegeerd of er kan naar worden gezocht om deze als kolommen op te nemen in het rtf-bestand."/>
		<ItemForTranslation ItemName="PDFFilterCharSpacingDescription" ItemTranslation="Behoud de tekenbreedte en -spatiëring uit het pdf-bestand. Pdf-bestanden kunnen voor elk teken aangepaste waarden voor spatiëring en breedte bevatten."/>
		<ItemForTranslation ItemName="PDFFilterImagesAnchoringDescription" ItemTranslation="Selecteer Verwijder Afbeeldingen om specifieke afbeeldingen uit het document te verwijderen. U kunt ook Automatische Verankering selecteren om alle afbeeldingen te converteren naar inline-verankering, Veranker in Paragraaf of Veranker in Pagina."/>
		<ItemForTranslation ItemName="ExtractTextDescription" ItemTranslation="Configure text extraction options."/>
		<ItemForTranslation ItemName="LineLengthDescription" ItemTranslation="Type the maximum number of characters to display in each line of your output document."/>
		<!-- Text for Progress dialog -->
		<ItemForTranslation ItemName="FileName" ItemTranslation="Bestandsnaam"/>
		<ItemForTranslation ItemName="Source" ItemTranslation="Bron"/>
		<ItemForTranslation ItemName="Destination" ItemTranslation="Doel"/>
		<ItemForTranslation ItemName="Status" ItemTranslation="Status"/>
		<ItemForTranslation ItemName="Description" ItemTranslation="Beschrijving"/>
		<ItemForTranslation ItemName="ButtonStateClose" ItemTranslation="Sluiten"/>
		<ItemForTranslation ItemName="StatusStringCompleted" ItemTranslation="Bestandsconversie is voltooid."/>
		<ItemForTranslation ItemName="StatusStringCanceled" ItemTranslation="Gebruiker heeft conversie geannuleerd."/>
		<ItemForTranslation ItemName="StatusStringCompletedWithFault" ItemTranslation="Bestandsconversie is mislukt."/>
		<ItemForTranslation ItemName="Converting" ItemTranslation="Bezig met converteren..."/>
		<ItemForTranslation ItemName="General" ItemTranslation="Algemeen"/>
		<ItemForTranslation ItemName="Details" ItemTranslation="Details"/>
		<ItemForTranslation ItemName="Conversion Progress" ItemTranslation="Conversievoortgang"/>
		<!-- Error codes -->
		<ItemForTranslation ItemName="InternalError" ItemTranslation="Interne fout."/>
		<ItemForTranslation ItemName="InternalErrorDesc" ItemTranslation="Interne fout."/>
		<ItemForTranslation ItemName="Succeed" ItemTranslation="Gelukt."/>
		<ItemForTranslation ItemName="SucceedDesc" ItemTranslation="Gelukt."/>
		<ItemForTranslation ItemName="Canceled" ItemTranslation="Geannuleerd."/>
		<ItemForTranslation ItemName="CanceledDesc" ItemTranslation="Geannuleerd door gebruiker."/>
		<ItemForTranslation ItemName="BadData" ItemTranslation="Ongeldige gegevens."/>
		<ItemForTranslation ItemName="BadDataDesc" ItemTranslation="Ongeldige bestandsinhoud."/>
		<ItemForTranslation ItemName="IOError" ItemTranslation="Invoerfout."/>
		<ItemForTranslation ItemName="IOErrorDesc" ItemTranslation="Kan bronbestand niet openen."/>
		<ItemForTranslation ItemName="FileHasCopyPtotection" ItemTranslation="Bestand is kopieerbeveiligd."/>
		<ItemForTranslation ItemName="FileHasCopyPtotectionDesc" ItemTranslation="Kan niet converteren. Het bestand is kopieerbeveiligd."/>
		<ItemForTranslation ItemName="InvalidPagesRange" ItemTranslation="Ongeldig paginabereik."/>
		<ItemForTranslation ItemName="InvalidPagesRangeDesc" ItemTranslation="Opgegeven paginabereik valt buiten het documentbereik."/>
		<ItemForTranslation ItemName="InvalidArgumentsDesc" ItemTranslation="Ongeldige invoer-/uitvoerargumenten."/>
		<ItemForTranslation ItemName="Internal program error" ItemTranslation="Interne programmafout"/>
		<!-- messages -->
		<ItemForTranslation ItemName="OverwriteOptions" ItemTranslation="Weet u zeker dat u alle opties met de standaardwaarden wilt overschrijven?"/>
		<ItemForTranslation ItemName="FileNotFound" ItemTranslation="{1} {n}-bestand niet gevonden {n}Controleer of u de juiste bestandsnaam hebt opgegeven."/>
		<!--*** String To Translate ***--><ItemForTranslation ItemName="FileCantBeReplaced" ItemTranslation="{n}Output file cannot be overwritten.{n}The file is locked by an application (Open in Word?) or protected from deletion.{n}Please unlock the file or change the target file name."/>
		<ItemForTranslation ItemName="STR_END_IS_GREAT" ItemTranslation="Het eerste paginanummer moet lager zijn dan of gelijk zijn aan het laatste paginanummer."/>
		<ItemForTranslation ItemName="STR_INVALID_NUM" ItemTranslation="Het paginanummer moet een getal zijn en moet groter zijn dan nul."/>
		<!-- Stop Convert Dlg -->
		<ItemForTranslation ItemName="CancelConversionMessage" ItemTranslation="Wilt u het conversieproces annuleren?"/>
		<!-- Progress bar -->
		<ItemForTranslation ItemName="ConversionLogMessage" ItemTranslation="Logbestand conversieprogramma"/>
		<ItemForTranslation ItemName="StartingConversionMessage" ItemTranslation="------- Conversie gestart: {1} -------"/>
		<ItemForTranslation ItemName="FileConversionMessage" ItemTranslation="Bestandsconversie: "/>
		<ItemForTranslation ItemName="ElapsedMessage" ItemTranslation="Conversie voltooid. Tijd verstreken: {1}"/>
		<ItemForTranslation ItemName="ReportMessage" ItemTranslation="{n}Pagina's {1} tot en met {2} zijn geconverteerd."/>
		<ItemForTranslation ItemName="ImageNotFound" ItemTranslation="Dit document bevat geen afbeeldingen."/>
		<ItemForTranslation ItemName="FailedSaveImage" ItemTranslation="Fout bij opslaan van afbeelding naar {1}"/>
		<!--*** String To Translate ***--><ItemForTranslation ItemName="ConversionFailedMessage" ItemTranslation="Conversion failed on page {1}."/>
		<ItemForTranslation ItemName="DaysFormat" ItemTranslation="{1} dagen"/>
		<ItemForTranslation ItemName="HoursFormat" ItemTranslation="{1} uren"/>
		<ItemForTranslation ItemName="DayFormat" ItemTranslation="{1} dag"/>
		<ItemForTranslation ItemName="HourFormat" ItemTranslation="{1} uur"/>
		<ItemForTranslation ItemName="MinutesFormat" ItemTranslation="{1} min."/>
		<ItemForTranslation ItemName="MinuteFormat" ItemTranslation="{1} min."/>
		<ItemForTranslation ItemName="SecondsFormat" ItemTranslation="{1} sec."/>
		<ItemForTranslation ItemName="SecondFormat" ItemTranslation="{1} sec."/>
		<!-- RTF filter message -->
		<ItemForTranslation ItemName="OutputPathMessage" ItemTranslation="Uitvoer is opgeslagen als: {1}"/>
		<ItemForTranslation ItemName="WritingFileMessage" ItemTranslation="Bezig met schrijven van bestand {1}..."/>
		<!-- PDF filter messsages -->
		<ItemForTranslation ItemName="PDFPreScanInfoText" ItemTranslation="Bezig met scannen van bestand {1}..."/>
		<ItemForTranslation ItemName="PDFLoadingInfoText" ItemTranslation="Bezig met laden van bestand {1}..."/>
		<ItemForTranslation ItemName="FractionalFontSize" ItemTranslation="de bron bevat een lettertype met een lettergrootte met decimalen.{n}De doelindeling ondersteunt alleen lettertypen met een grootte die een veelvoud zijn van 1/2."/>
		<ItemForTranslation ItemName="FontHeadMessage" ItemTranslation="Waarschuwing(en) lettertype {1}:"/>
		<ItemForTranslation ItemName="FontSubstMessage" ItemTranslation="lettertypenaam is vervangen door {1}."/>
		<ItemForTranslation ItemName="FontEmbedMessage" ItemTranslation="ingesloten gegevens met lettertypenaam {1}."/>
		<ItemForTranslation ItemName="DifferentLookingWarning" ItemTranslation="De uitvoer kan verschillen van die van de bron. Dit kan de volgende oorzaken hebben:"/>
		<ItemForTranslation ItemName="FontEmbedWarning" ItemTranslation="Het document bevat ingesloten lettertypegegevens;"/>
		<ItemForTranslation ItemName="FontNotBuiltInWarning" ItemTranslation="Het document bevat geen ingebouwde lettertypen."/>
		<ItemForTranslation ItemName="EvaluationInfoMessage" ItemTranslation="Evaluatie-exemplaar: gebruik is beperkt."/>
		<!--
                Text1 :
                    Thank you for trying SolidConverter PDF.
                    The trial version of this product only converts 10% of your document, with a 10 page maximum.
                    Please register SolidConverter PDF to remove this restriction.
                 -->
		<ItemForTranslation ItemName="EvaluationMessage1" ItemTranslation="Hartelijk dank voor uw belangstelling in {applicationname}.{n}De testversie van dit product converteert slechts 10% van uw document, met een maximum van 10 pagina's.{n}U kunt deze beperking verwijderen door {link:applicationpurchaseurl}{applicationname}{/link} te registreren.{n}"/>
		<!--
                Text2 (contain some parts from Text1 ) :
                    Thank you for trying SolidConverter PDF.{n}
                    The trial version of this product only converts 10% of your document, with a 10 page maximum.{n}
                    For this conversion, SolidConverter PDF converted 1 of 1 pages.{n}
                    Please register SolidConverter PDF at http://www.solidpdf.com to remove this restriction.{n}
                 -->
		<ItemForTranslation ItemName="EvaluationMessage2" ItemTranslation="Hartelijk dank voor uw belangstelling in {applicationname}.{n}De testversie van dit product converteert slechts 10% van uw document, met een maximum van 10 pagina's.{n}Bij deze conversie heeft {applicationname} {1} van {2} pagina's geconverteerd.{n}{b}U kunt deze beperking verwijderen door {color}{applicationname}{/color} te registreren bij {applicationpurchaseurl}.{/b}{n}"/>
		<!-- Promt for password -->
		<ItemForTranslation ItemName="Enter password" ItemTranslation="Wachtwoord invoeren"/>
		<ItemForTranslation ItemName="This file is protected." ItemTranslation="Uw pdf-bestand heeft wachtwoordbeveiliging waardoor de toegang wordt beperkt. Voer het wachtwoord van het pdf-bestand in om door te gaan met de conversie."/>
		<ItemForTranslation ItemName="Password:" ItemTranslation="Wachtwoord:"/>
		<ItemForTranslation ItemName="Invalid Password." ItemTranslation="Ongeldig wachtwoord."/>
		<ItemForTranslation ItemName="You don't have permissions for extract operation." ItemTranslation="U hebt geen machtiging om uit te pakken. "/>
		<!-- Promt for pages -->
		<ItemForTranslation ItemName="Convert Pages" ItemTranslation="Pagina's converteren"/>
		<ItemForTranslation ItemName="All %d pages" ItemTranslation="Alle {1} pagina's"/>
		<ItemForTranslation ItemName="Pages From:" ItemTranslation="Pagina's van:"/>
		<ItemForTranslation ItemName="To:" ItemTranslation="Tot en met:"/>
		<ItemForTranslation ItemName="The starting page must be less than or the same as the ending page number." ItemTranslation="Het eerste paginanummer moet lager zijn dan of gelijk zijn aan het laatste paginanummer."/>
		<ItemForTranslation ItemName="There is no page numbered '{1}' in this document." ItemTranslation="Dit document bevat geen pagina met het nummer {1}."/>
		<!-- Wizard: Page Range -->
		<ItemForTranslation ItemName="PageRange" ItemTranslation="Paginabereik"/>
		<ItemForTranslation ItemName="AllPages" ItemTranslation="Alles"/>
		<ItemForTranslation ItemName="Pages" ItemTranslation="Pagina's"/>
		<ItemForTranslation ItemName="From:" ItemTranslation="Van:"/>
		<ItemForTranslation ItemName="extractpagerange" ItemTranslation="Uit welke pagina's van het pdf-document wilt u afbeeldingen ophalen? Als u alle afbeeldingen uit het pdf-bestand wilt ophalen, kiest u 'Alles'.{n}{n}Als u alleen afbeeldingen wilt ophalen uit specifieke pagina's van het pdf-bestand, selecteert u 'Pagina's' en voert u in de velden 'Van' en 'Tot en met' het paginabereik in."/>
		<ItemForTranslation ItemName="convertpagerange" ItemTranslation="Welke pagina's van het pdf-document wilt u converteren? Als u het hele document wilt converteren, selecteert u 'Alles'.{n}{n}Als u alleen specifieke pagina's van het pdf-bestand wilt converteren, selecteert u 'Pagina's' en voert u in de velden 'Van' en 'Tot en met' het paginabereik in."/>
		<!-- V2.1 TEXT
                 ItemForTranslation     ItemName="SolidConverterPDFUsage" ItemTranslation="Usage: SolidConverterPDF.exe [/h] /i Input [/o Output] [/w argument] [/y | /n] [/c] [/s] [/a argument] [/f argument] [/p xxx[-yyy]] {n}{n}{t}/h  {t}Displays this help. {n}{n}{t}/i  {t}Specifies the file or files to be converted. {n}{n}{t}/o  {t}Specifies the file name or directory for the new file(s). {n}{n}{t}/w  {t}Silent mode (hide progress dialog is default). {n}{n}{t}{t}  argument:  + : Always show progress dialog (/w +). {n}{n}{t}{t}      {t}     x : Automatically close progress dialog if successful (/w x). {n}{n}{t}/y  {t}Force overwriting of existing files (prompt to overwrite is default). {n}{n}{t}/n  {t}Force converter to not overwrite exiting files (no conversion if output file exists). {n}{n}{t}/c  {t}Don't detect columns (detect columns is default). {n}{n}{t}/f  {t}Format options (the default is Flowing.){n}{t}{t}If this parameter exists, /c parameter is ignored. {n}{n}{t}{t}  argument:   tabl : Tables (/f tabl). {n}{n}{t}{t}      {t}     cont : Continuous (/f cont). {n}{n}{t}{t}      {t}      txt : Text (/f txt). {n}{n}{t}{t}      {t}      exact : Exact (/f exact). {n}{n}{t}                /s  {t}Ignore character spacing (keep character spacing is default). {n}{n}{t}                /a  {t}                Image anchoring (the default is automatic). {n}{n}{t}{t}                  argument:   g : page anchoring (/a g). {n}{n}{t}{t}      {t}      p : paragraph anchoring (/a p). {n}{n}{t}{t}      {t}      r : remove images (/a r). {n}{n}{t}{t}      {t}      x : extract images (/a x)                 {n}{n}{t}/p  {t}Page conversion (/p xxx-yyy): {n}{n}{t}{t}  xxx : is starting page number and must be greater than 0. {n}{n}{t}{t}  yyy : is ending page number and must be greater or equal to xxx. {n}"/
                -->
		<!-- V2.0 TEXT -->
		<ItemForTranslation ItemName="help_dlg_title" ItemTranslation="Help voor {applicationname}"/>
		<ItemForTranslation ItemName="SolidConverterPDFUsage" ItemTranslation="Gebruik: SolidConverterPDF.exe [/h] /i Invoer [/o Uitvoer] [/w argument] [/y | /n] [/c] [/s] [/a argument] [/f argument] [/p xxx[-yyy]] {n}{n}{t}/h  {t}Geeft deze helptekst weer. {n}{n}{t}/i  {t}Geeft de bestanden aan die moeten worden geconverteerd. {n}{n}{t}/i  {t}Geeft de bestandsnaam of de map aan voor de nieuwe bestanden. {n}{n}{t}/w  {t}Stille modus (standaard: voortgangsdialoogvenster verbergen). {n}{n}{t}{t}  argument:  + : voortgangsdialoogvenster altijd weergeven (/w +). {n}{n}{t}{t}      {t}     x : voortgangsdialoogvenster na voltooiing automatisch sluiten (/w x). {n}{n}{t}/y  {t}Conversieprogramma dwingen bestaande bestanden te overschrijven (standaard: vragen om overschrijven). {n}{n}{t}/n  {t}Conversieprogramma dwingen bestaande bestanden niet te overschrijven (geen conversie indien uitvoerbestand bestaat). {n}{n}{t}/c  {t}Kolommen niet herkennen (standaard: kolommen herkennen). {n}{n}{t}/f  {t}Indelingsopties (standaard: Doorlopende pagina){n}{t}{t}Als deze parameter bestaat, wordt parameter /c genegeerd. {n}{n}{t}{t}  argument:   tabl : Tabellen (/f tabl). {n}{n}{t}{t}      {t}      cont : Doorlopend (/f cont). {n}{n}{t}{t}      {t}      txt : tekst (/f txt). {n}{n}{t}{t}      {t}      true : ware pagina (/f true). {n}{n}{t}/s  {t}Spatiëring negeren (standaard: spatiëring behouden). {n}{n}{t}/a  {t}Afbeeldingen verwerken (standaard: automatisch). {n}{n}{t}{t}  argument:   g : pagina verankeren (/a g). {n}{n}{t}{t}      {t}      p: alinea verankeren (/a p). {n}{n}{t}{t}      {t}      r : afbeeldingen verwijderen (/a r). {n}{n}{t}/p  {t}Paginaconversie (/p xxx-yyy): {n}{n}{t}{t}  xxx : eerste paginanummer, moet groter zijn dan 0. {n}{n}{t}{t}  yyy : laatste paginanummer, moet groter zijn dan of gelijk aan xxx."/>
		<ItemForTranslation ItemName="SolidConverterPDFUsageHead" ItemTranslation="Gebruik:"/>
		<!--*** String To Translate ***--><ItemForTranslation ItemName="SolidConverterPDFUsageCmdString" ItemTranslation="[/h] /i Input [/o Output] [/w argument] [/y | /n] [/c argument]{n} [/f argument] [/s] [/a argument] [/p xxx[-yyy]{n}[/pwd [&quot;password&quot;]]]"/>
		<!--*** String To Translate ***--><ItemForTranslation ItemName="SolidConverterPDFUsageCmdString_lite" ItemTranslation="[/h] /i Input [/o Output] [/w argument] [/y | /n] [/c argument]{n} [/f argument] [/s] [/p xxx[-yyy]]{n}[/pwd [&quot;password&quot;]] "/>
		<ItemForTranslation ItemName="ArgumentStr" ItemTranslation="Argumenten:"/>
		<ItemForTranslation ItemName="ParametersStr" ItemTranslation="Parameters:"/>
		<ItemForTranslation ItemName="hDescription" ItemTranslation="Geeft deze helptekst weer."/>
		<ItemForTranslation ItemName="iDescription" ItemTranslation="Geeft de bestanden aan die moeten worden geconverteerd."/>
		<ItemForTranslation ItemName="oDescription" ItemTranslation="Geeft de bestandsnaam of de map aan voor de nieuwe bestanden."/>
		<ItemForTranslation ItemName="wDescription" ItemTranslation="Stille modus (standaard: voortgangsdialoogvenster verbergen)."/>
		<ItemForTranslation ItemName="wArguments" ItemTranslation="+ : voortgangsdialoogvenster altijd weergeven (/w +).{n}x : voortgangsdialoogvenster na voltooiing automatisch sluiten (/w x)."/>
		<ItemForTranslation ItemName="yDescription" ItemTranslation="Conversieprogramma dwingen bestaande bestanden te overschrijven (standaard: vragen om overschrijven)."/>
		<ItemForTranslation ItemName="nDescription" ItemTranslation="Conversieprogramma dwingen bestaande bestanden niet te overschrijven (geen conversie indien uitvoerbestand bestaat)."/>
		<ItemForTranslation ItemName="cDescription" ItemTranslation="Indelingsopties (standaard: Doorlopende pagina)."/>
		<ItemForTranslation ItemName="cArguments" ItemTranslation="tabl  : tabellen (/c tabl).{n}cont : doorlopend (/c cont).{n}txt    : tekst (/c txt).{n}exact  : ware pagina (/c exact).{n}x       : alleen afbeeldingen ophalen (/c x)."/>
		<ItemForTranslation ItemName="cArguments_lite" ItemTranslation="txt    : tekst (/c txt)."/>
		<ItemForTranslation ItemName="sDescription" ItemTranslation="Spatiëring negeren (standaard: spatiëring behouden)."/>
		<ItemForTranslation ItemName="aDescription" ItemTranslation="Modus voor afbeeldingsplaatsing (standaard: automatisch)."/>
		<ItemForTranslation ItemName="aArguments" ItemTranslation="g : pagina verankeren (/a g).{n}p : alinea verankeren (/a p).{n}r  : afbeeldingen verwijderen (/a r)."/>
		<ItemForTranslation ItemName="pDescription" ItemTranslation="Paginaconversie (/p xxx-yyy)"/>
		<ItemForTranslation ItemName="pArguments" ItemTranslation="xxx : eerste paginanummer, moet groter zijn dan 0.{n}yyy : laatste paginanummer, moet groter zijn dan of gelijk aan xxx."/>
		<ItemForTranslation ItemName="dDescription" ItemTranslation="Kop- en voetteksten verwerken (standaard: herkennen)."/>
		<ItemForTranslation ItemName="dArguments" ItemTranslation="r : herkennen en verwijderen (/d r).{n}i : negeren en verwerken als normale inhoud (/d r)."/>
		<ItemForTranslation ItemName="tDescription" ItemTranslation="Doelindeling (standaard: zoals gedefinieerd in Programmaopties)."/>
		<!--*** String To Translate ***--><ItemForTranslation ItemName="tArguments" ItemTranslation="rtf    : Rich Text format (/f rtf){n}doc : Microsoft Word format (/f doc){n}wordml: Microsoft Word XML format"/>
		<ItemForTranslation ItemName="eDescription" ItemTranslation="Ingesloten lettertypen verwerken (standaard: negeren)."/>
		<ItemForTranslation ItemName="eArguments" ItemTranslation="s : installeren in systeem (/e s).{n}e : insluiten in uitvoerdocument {n}    (alleen voor doelindeling in Microsoft Word (/e e)."/>
		<ItemForTranslation ItemName="pwdDescription" ItemTranslation="Wachtwoord (standaard: gecodeerde bestanden overslaan)"/>
		<ItemForTranslation ItemName="pwdArguments" ItemTranslation="zonder argument: vragen naar wachtwoord voor elk gecodeerd bestand{n}&quot;wachtwoord&quot;         : tekenreeks tussen aanhalingstekens. Gebruik dit wachtwoord als het bestand is gecodeerd. {n}Een bestand kan zijn gecodeerd met een leeg wachtwoord. In dit geval moet u alleen twee aanhalingstekens invoeren (&quot;&quot;)."/>
		<!-- -->
		<!-- V1.0 TEXT
                 ItemTranslation="Usage: SolidConverterPDF.exe [/h] /i Input [/o Output] [/w argument] [/y | /n] [/c] [/s] [/a argument]                         [/p xxx[-yyy]] {n}{n}{t}/h  {t}Displays this help. {n}{n}{t}/i  {t}Specifies the file or files to be converted. {n}{n}{t}/o  {t}Specifies the file name or directory for the new file(s). {n}{n}{t}/w  {t}Silent mode (hide progress dialog is default). {n}{n}{t}{t}  argument:  + : Always show progress dialog (/w +). {n}{n}{t}{t}      {t}     x : Automatically close progress dialog if successful (/w x). {n}{n}{t}/y  {t}Force overwriting of existing files (prompt to overwrite is default). {n}{n}{t}/n  {t}Force converter to not overwrite exiting files (no conversion if output file exists). {n}{n}{t}/c  {t}Don't detect columns (detect columns is default). {n}{n}{t}/s  {t}Ignore character spacing (keep character spacing is default). {n}{n}{t}/a  {t}Image anchoring (the default is automatic). {n}{n}{t}{t}  argument:   g : page anchoring (/a g). {n}{n}{t}{t}      {t}      p : paragraph anchoring (/a p). {n}{n}{t}/p  {t}Page conversion (/p xxx-yyy): {n}{n}{t}{t}  xxx : is starting page number and must be greater than 0. {n}{n}{t}{t}  yyy : is ending page number and must be greater or equal to xxx. {n}"/
                -->
		<ItemForTranslation ItemName="Source_File_Type_Filter" ItemTranslation="Pdf-bestanden (*.pdf)|*.pdf||"/>
		<ItemForTranslation ItemName="RTF_Files_Filter" ItemTranslation="Rtf-bestanden (*.rtf)"/>
		<ItemForTranslation ItemName="DOC_Files_Filter" ItemTranslation="Doc-bestanden (*.doc)"/>
		<ItemForTranslation ItemName="TXT_Files_Filter" ItemTranslation="Txt-bestanden (*.txt)"/>
		<!-- Warnings -->
		<ItemForTranslation ItemName="Warnings" ItemTranslation="Waarschuwing"/>
		<ItemForTranslation ItemName="WarningsSetDescription" ItemTranslation="Selecteer de waarschuwingen die u tijdens de conversie wilt weergeven."/>
		<!-- Options panel. Left column  -->
		<ItemForTranslation ItemName="VectorGrfWarning" ItemTranslation="Vectorafbeeldingen"/>
		<!-- Options panel. Description -->
		<ItemForTranslation ItemName="VectorGrfWarningDescription" ItemTranslation="Geef deze waarschuwing weer bij de conversie als het bestand vectorafbeeldingen bevat die nog niet worden ondersteund. Vectorafbeeldingen worden genegeerd."/>
		<!-- Warning text -->
		<ItemForTranslation ItemName="VectorGrfWarningText" ItemTranslation="Dit pdf-bestand bevat vectorafbeeldingen die nog niet worden ondersteund en daarom niet zijn geconverteerd."/>
		<!-- Options panel. Left column  -->
		<!--*** String To Translate ***--><ItemForTranslation ItemName="NoTextWarning" ItemTranslation="No text in File"/>
		<!-- Options panel. Description -->
		<ItemForTranslation ItemName="NoTextWarningDescription" ItemTranslation="Geef deze waarschuwing weer als het geconverteerde bestand geen tekst bevat. De oorzaak is waarschijnlijk dat het bestand een gescand document is waarin elke pagina een bitmapafbeelding is."/>
		<!-- Warning text -->
		<ItemForTranslation ItemName="NoTextWarningText" ItemTranslation="Dit bestand bevat geen tekst. De oorzaak is waarschijnlijk dat het bestand een gescand document is waarin elke pagina een bitmapafbeelding is."/>
		<!-- Options panel. Left column  -->
		<ItemForTranslation ItemName="HiddenTextWarning" ItemTranslation="Hidden text in File"/>
		<!-- Options panel. Description -->
		<ItemForTranslation ItemName="HiddenTextWarningDescription" ItemTranslation="Show this warning if there is a page with completely hidden(covered with graphics) text in the converted file. The most likely reason is that it is a scanned document which consists entirely of bitmap image pages and recognized text covered with this image (Searchable image)."/>
		<!-- Warning text -->
		<ItemForTranslation ItemName="HiddenTextWarningText" ItemTranslation="This file contains text under graphics(image). The most likely reason is that it is a scanned document which consists entirely of bitmap image pages and recognized text covered with this image (Searchable image)."/>
		<!-- Options panel. Left column  -->
		<ItemForTranslation ItemName="SymbolicFontWarning" ItemTranslation="Symbol lettertypen"/>
		<!-- Options panel. Description -->
		<ItemForTranslation ItemName="SymbolicFontWarningDescription" ItemTranslation="Toon deze fout wanneer het document niet-standaard codering zoals symbol lettertypen bevat."/>
		<!-- Warning text -->
		<ItemForTranslation ItemName="SymbolicFontWarningText" ItemTranslation="Dit bestand bevat afwijkende lettertypecodering en is mogelijk onjuist verwerkt."/>
		<!-- Options panel. Left column  -->
		<ItemForTranslation ItemName="InsufficientOfficeVersionWarning" ItemTranslation="Versie Microsoft Office"/>
		<!-- Options panel. Description -->
		<ItemForTranslation ItemName="InsufficientOfficeVersionWarningDescription" ItemTranslation="Toon deze waarschuwing wanneer de huidige geïnstalleerde versie van Microsoft Office ouder is dan Office XP."/>
		<!-- Warning text -->
		<ItemForTranslation ItemName="InsufficientOfficeVersionWarningText" ItemTranslation="Uw kopie van Microsoft Office is ouder dan Office XP. Het bestand kan worden geconverteerd, maar uw zult niet in staat zijn het op deze computer te openen."/>
		<ItemForTranslation ItemName="{applicationname} Wizard ({1})" ItemTranslation="Wizard {applicationname} ({1})"/>
		<ItemForTranslation ItemName="{applicationname} Settings ({1})" ItemTranslation="Instellingen voor {applicationname} ({1})"/>
		<!-- v2.0 -->
		<ItemForTranslation ItemName="FormatingMode" ItemTranslation="Reconstructiemodus"/>
		<ItemForTranslation ItemName="FormatingModeDescription" ItemTranslation="Afhankelijk van het documenttype en het doeleinde van de conversie biedt de reconstructiemodus ruime mogelijkheden voor de lay-out, de opmaak en het herstel van de tekstdoorloop."/>
		<ItemForTranslation ItemName="Do not recover columns" ItemTranslation="Tabellen"/>
		<ItemForTranslation ItemName="Detect and preserve columns" ItemTranslation="Doorlopende pagina"/>
		<ItemForTranslation ItemName="Formatting_and_no_Layout" ItemTranslation="Doorlopend"/>
		<ItemForTranslation ItemName="No_Formatting_or_Layout" ItemTranslation="Platte tekst"/>
		<ItemForTranslation ItemName="True_Page" ItemTranslation="Ware pagina"/>
		<ItemForTranslation ItemName="FM_FORMAT_LAYOUT_COLUMNS" ItemTranslation="Doorlopende pagina - paginalay-out, kolommen, opmaak en afbeeldingen herstellen en tekstvolgorde behouden."/>
		<ItemForTranslation ItemName="FM_FORMAT_LAYOUT" ItemTranslation="Tabellen - paginalay-out, opmaak en afbeeldingen herstellen en tekstvolgorde behouden, maar kolommen negeren."/>
		<ItemForTranslation ItemName="FM_FORMAT" ItemTranslation="Doorlopend - paginalay-out en kolommen herkennen, maar alleen de opmaak, afbeeldingen en tekstvolgorde herstellen."/>
		<ItemForTranslation ItemName="FM_NONE" ItemTranslation="Platte tekst - paginalay-out en kolommen herkennen, maar alleen de tekstvolgorde zonder opmaak herstellen."/>
		<ItemForTranslation ItemName="FM_TRUEPAGE" ItemTranslation="Ware pagina - exacte paginalay-out herstellen met tekstvakken in Microsoft Word."/>
		<ItemForTranslation ItemName="WA_CONVERT_WORD" ItemTranslation="Pdf-bestand converteren naar Word"/>
		<ItemForTranslation ItemName="WA_EXTRACT_IMAGE" ItemTranslation="Afbeeldingen ophalen uit pdf-bestand"/>
		<!-- ExtractImage Message -->
		<ItemForTranslation ItemName="ExtractImageMessage" ItemTranslation="{1}Afbeelding {2} opgehaald uit pagina {3}"/>
		<!--*** String To Translate ***--><ItemForTranslation ItemName="ImagesProcessing" ItemTranslation="Image Handling"/>
		<!--*** String To Translate ***--><ItemForTranslation ItemName="ImagesProcessingDescription" ItemTranslation="Select Remove Images to remove specific images from the document. You can also select Automatic Anchoring to convert all images to inline anchoring, Anchor to Paragraph, or Anchor to Page."/>
		<ItemForTranslation ItemName="RemoveImage" ItemTranslation="Afbeeldingen verwijderen"/>
		<ItemForTranslation ItemName="RemoveImages" ItemTranslation="In line-afbeeldingen verwijderen"/>
		<ItemForTranslation ItemName="Remove_Images" ItemTranslation="Afbeeldingen verwijderen"/>
		<ItemForTranslation ItemName="Remove_Inline_Images" ItemTranslation="In line-afbeeldingen verwijderen"/>
		<ItemForTranslation ItemName="RemoveAllImages" ItemTranslation="Alle afbeeldingen verwijderen"/>
		<ItemForTranslation ItemName="RemoveAllImagesExceptInline" ItemTranslation="Afbeeldingen verwijderen (behalve in line-afbeeldingen)"/>
		<ItemForTranslation ItemName="AnchoringAutomatic" ItemTranslation="Automatisch verankeren"/>
		<ItemForTranslation ItemName="AnchoringParagraph" ItemTranslation="Verankeren aan alinea"/>
		<ItemForTranslation ItemName="AnchoringPage" ItemTranslation="Verankeren aan pagina"/>
		<ItemForTranslation ItemName="RemoveImagePrompt1" ItemTranslation="Wanneer de lay-out niet wordt behouden, kunnen alleen in line-afbeeldingen worden hersteld.{n}Met deze optie kunt u ook de in line-afbeeldingen verwijderen."/>
		<ItemForTranslation ItemName="RemoveImagePrompt2" ItemTranslation="Wanneer de lay-out wordt behouden, worden in line-afbeeldingen altijd hersteld.{n}Met deze optie kunt u afbeeldingen die niet in line zijn, verwijderen of verankeren."/>
		<ItemForTranslation ItemName="SaveEmbededFont" ItemTranslation="Ingesloten lettertypen overbrengen"/>
		<ItemForTranslation ItemName="SaveEmbededFontDescription" ItemTranslation="Ingesloten lettertypen kunnen worden overgebracht naar doc-bestanden. U kunt kiezen of u alle TrueType-lettertypen, alleen TrueType-lettertypen met afwijkende coderingen of geen enkel lettertype wilt overbrengen."/>
		<ItemForTranslation ItemName="EmbedNone-standardEncoding" ItemTranslation="TrueType-lettertypen met afwijkende coderingen insluiten"/>
		<ItemForTranslation ItemName="EmbedAllTrueType" ItemTranslation="Alle TrueType-lettertypen insluiten"/>
		<ItemForTranslation ItemName="DoNotEmbed" ItemTranslation="Geen lettertypen insluiten"/>
		<ItemForTranslation ItemName="InstallEmbededFont" ItemTranslation="Ingesloten lettertypen installeren"/>
		<ItemForTranslation ItemName="InstallEmbededFontDescription" ItemTranslation="U kunt kiezen of u TrueType- en Type 1-lettertypen die zijn ingesloten in het pdf-bestand, wilt installeren op uw computer."/>
		<ItemForTranslation ItemName="HeadersAndFooters" ItemTranslation="Kop- en voetteksten"/>
		<ItemForTranslation ItemName="PDFFilterHeadersAndFootersDescription" ItemTranslation="{applicationname} kan kop- en voetteksten herstellen of verwijderen."/>
		<ItemForTranslation ItemName="Detect" ItemTranslation="Herkennen en herstellen"/>
		<ItemForTranslation ItemName="DetectAndRemove" ItemTranslation="Herkennen en verwijderen"/>
		<ItemForTranslation ItemName="DoNotDetect" ItemTranslation="Niet herkennen"/>
		<ItemForTranslation ItemName="ExtractImageFilter" ItemTranslation="Configuratie voor het ophalen van afbeeldingen"/>
		<ItemForTranslation ItemName="ExtractImageFilterDescription" ItemTranslation="Naast documenten converteren kunt u met {applicationname} ook afbeeldingen ophalen uit documenten. Configureer de gewenste specifieke functies voor het ophalen van afbeeldingen."/>
		<ItemForTranslation ItemName="ImageTargetType" ItemTranslation="Grafische indeling"/>
		<ItemForTranslation ItemName="ImageTargetTypeDescription" ItemTranslation="Wanneer u afbeeldingen uit een pdf-bestand ophaalt, kunt u deze desgewenst opslaan in een andere indeling dan de oorspronkelijke."/>
		<ItemForTranslation ItemName="KeepSourceFormat" ItemTranslation="&lt;Bronindeling behouden&gt;"/>
		<ItemForTranslation ItemName="bmp" ItemTranslation="bmp"/>
		<ItemForTranslation ItemName="jpg" ItemTranslation="jpg"/>
		<ItemForTranslation ItemName="png" ItemTranslation="png"/>
		<ItemForTranslation ItemName="tif" ItemTranslation="tif"/>
		<ItemForTranslation ItemName="ImageColorDepth" ItemTranslation="Kleurdiepte van afbeeldingen"/>
		<ItemForTranslation ItemName="ImageColorDepthDescription" ItemTranslation="Wanneer u afbeeldingen uit een pdf-bestand ophaalt, kunt u deze desgewenst opslaan in een andere kleurdiepte dan de oorspronkelijke."/>
		<ItemForTranslation ItemName="KeepSourceColorDepth" ItemTranslation="&lt;Bronkleurdiepte behouden&gt;"/>
		<ItemForTranslation ItemName="1_bit_per_pixel_Monochrome" ItemTranslation="1 bit per pixel - monochroom"/>
		<ItemForTranslation ItemName="8_bits_per_pixel_Grayscale" ItemTranslation="8 bits per pixel - grijstinten"/>
		<ItemForTranslation ItemName="8_bits_per_pixel_Color" ItemTranslation="8 bits per pixel - kleur"/>
		<ItemForTranslation ItemName="16_bits_per_pixel_Color" ItemTranslation="16 bits per pixel - kleur"/>
		<ItemForTranslation ItemName="24_bits_per_pixel_Color" ItemTranslation="24 bits per pixel - kleur"/>
		<ItemForTranslation ItemName="Convert_Through_Wizard" ItemTranslation="Converteren met wizard..."/>
		<ItemForTranslation ItemName="Save_As_DOC" ItemTranslation="Opslaan als doc-bestand"/>
		<ItemForTranslation ItemName="Save_As_RTF" ItemTranslation="Opslaan als rtf-bestand"/>
		<ItemForTranslation ItemName="Extract_Images" ItemTranslation="Afbeeldingen ophalen"/>
		<ItemForTranslation ItemName="Extract_Images_Through_Wizard" ItemTranslation="Afbeeldingen ophalen met wizard..."/>
		<!-- Wizard: -->
		<ItemForTranslation ItemName="Browse" ItemTranslation="Bladeren..."/>
		<ItemForTranslation ItemName="Next &gt;" ItemTranslation="Volgende &gt;"/>
		<ItemForTranslation ItemName="Last &gt;&gt;" ItemTranslation="Laatste &gt;&gt;"/>
		<ItemForTranslation ItemName="&lt; Previous" ItemTranslation="&lt; Vorige"/>
		<!-- Wizard: Layout nd Formatting page-->
		<ItemForTranslation ItemName="Layout_and_Formatting" ItemTranslation="Lay-out en opmaak"/>
		<ItemForTranslation ItemName="Choose_Reconstruction_Mode" ItemTranslation="Selecteer de meest geschikte reconstructiemodus voor dit pdf-bestand:"/>
		<!-- Wizard: Image Recovery page-->
		<ItemForTranslation ItemName="Image_Recovery" ItemTranslation="Bewerking Afbeelding"/>
		<!-- Wizard: Char spacing page-->
		<ItemForTranslation ItemName="Custom_Character_Spacing" ItemTranslation="Aangepaste spatiëring in pdf-bestand"/>
		<ItemForTranslation ItemName="Custom_Character_Spacing_Prompt" ItemTranslation="Wanneer de paginalay-out wordt behouden, kunt u desgewenst de exacte aangepaste spatiëring en tekenbreedten in het pdf-bestand behouden. Deze optie is zeer geschikt voor het behoud van de exacte paginalay-out, maar niet voor het uitvoeren van verdere uitgebreide tekstbewerkingen."/>
<!-- Wizard: Detect Tables page-->
                <!--*** String To Translate ***--><ItemForTranslation ItemName="Custom_DetectTables_Spacing"                  ItemTranslation="Table Detection"/>
                <!--*** String To Translate ***--><ItemForTranslation ItemName="Custom_Detect_Tables_Prompt"	            ItemTranslation="Table detection applies when page layout is recognized using flowing or continuous reconstruction mode. This option is ideal for text documents but not for brochures."/>
		<!-- Wizard: Document Format and Output Path page-->
		<ItemForTranslation ItemName="Document_Format" ItemTranslation="Documentindeling en uitvoerpad"/>
		<ItemForTranslation ItemName="Document_Format_Prompt" ItemTranslation="Kies de indeling van het uitvoerbestand. Complexe modi voor de opmaak en paginalay-out worden echter niet ondersteund in de indeling voor tekst zonder opmaak (.txt)."/>
		<ItemForTranslation ItemName="DOC_Format_Choice" ItemTranslation="Binaire doc-indeling (*.doc) van Microsoft Word (ondersteuning van ingesloten lettertypen)"/>
		<ItemForTranslation ItemName="RTF_Format_Choice" ItemTranslation="Rtf-indeling (*.rtf) van Microsoft Word"/>
		<ItemForTranslation ItemName="TXT_Format_Choice" ItemTranslation="Tekst zonder opmaak (*.txt) in UTF-8-codering"/>
		<ItemForTranslation ItemName="WORDML_Format_Choice" ItemTranslation="Microsoft Word WordML-formaat (.xml)"/>
		<ItemForTranslation ItemName="DestinationPrompt" ItemTranslation="{n}Geef aan waar u het doelbestand wilt opslaan en of u het bestand wilt openen in Microsoft Word nadat het is geconverteerd."/>
		<ItemForTranslation ItemName="Save_File_To" ItemTranslation="Bestand opslaan in:"/>
		<ItemForTranslation ItemName="Open_For_Editing" ItemTranslation="Document na conversie voor bewerking openen"/>
		<!-- Wizard: Font Embedding/installing page-->
		<ItemForTranslation ItemName="Embedding_Installing_Fonts" ItemTranslation="Lettertypen insluiten en installeren"/>
		<ItemForTranslation ItemName="Embed_Font_Prompt" ItemTranslation="Pdf-bestanden kunnen lettertypen bevatten die niet zijn geïnstalleerd op uw computer. U kunt deze lettertypen desgewenst in het geconverteerde document insluiten als u in het vorige venster van de wizard hebt gekozen voor de binaire doc-indeling van Microsoft Word.{n}{n}Wanneer lettertypen worden ingesloten, neemt de grootte van het geconverteerde document toe."/>
		<ItemForTranslation ItemName="Install_Fonts_Prompt" ItemTranslation="{n}Pdf-bestanden bevatten vaak ingesloten lettertypen die niet standaard zijn voor Windows. U kunt dergelijke lettertypen desgewenst vanuit het pdf-bestand installeren op uw computer, in plaats van de lettertypen in te sluiten in het geconverteerde document."/>
		<!-- Wizard: Headers & footers page-->
		<ItemForTranslation ItemName="HeadersAndFootersPrompt" ItemTranslation="{applicationname} kan kop- en voetteksten herstellen of verwijderen. De hersteloptie is alleen beschikbaar als de paginalay-out wordt behouden."/>
		<!-- Wizard: Finish: Convert Document page-->
		<ItemForTranslation ItemName="FinishPage" ItemTranslation="Voltooien: document converteren"/>
		<ItemForTranslation ItemName="FinishPagePrompt" ItemTranslation="Hieronder vindt u een overzicht van de instellingen die u hebt gekozen. Klik op Vorige als u de huidige instellingen wilt wijzigen.{n}Klik op Voltooien om het document te converteren."/>
		<!-- Duplicate -->
		<ItemForTranslation ItemName="FormatingMode:" ItemTranslation="Reconstructiemodus:"/>
		<!-- Duplicate -->
		<ItemForTranslation ItemName="Image_Recovery:" ItemTranslation="Afbeeldingen herstellen:"/>
		<ItemForTranslation ItemName="Character_Spacing:" ItemTranslation="Spatiëring:"/>
		<ItemForTranslation ItemName="Embed_Fonts:" ItemTranslation="Lettertypen insluiten:"/>
		<ItemForTranslation ItemName="Install_Fonts:" ItemTranslation="Lettertypen installeren:"/>
		<ItemForTranslation ItemName="Page_Range" ItemTranslation="Te converteren paginabereik:"/>
		<ItemForTranslation ItemName="OutputPath:" ItemTranslation="Uitvoerpad:"/>
		<!-- Duplicate -->
		<!-- New strings -->
		<ItemForTranslation ItemName="Use_Short_Wizard" ItemTranslation="Voortaan alleen dit laatste venster weergeven. U kunt deze instelling later eenvoudig wijzigen."/>
		<ItemForTranslation ItemName="ShortWizard" ItemTranslation="Conversie-instellingen"/>
		<ItemForTranslation ItemName="ShortWizardPrompt" ItemTranslation="Hieronder worden de conversie-instellingen weergegeven. Klik op Wizard activeren als u wijzigingen wilt doorvoeren of klik op Converteren (&lt;enter&gt;) om door te gaan."/>
		<ItemForTranslation ItemName="Run_Wizard" ItemTranslation="Wizard activeren"/>
		<ItemForTranslation ItemName="Convert" ItemTranslation="Converteren"/>
		<!-- Wizard: Finish -->
		<ItemForTranslation ItemName="PreserveExactSpacing" ItemTranslation="Exacte spatiëring behouden"/>
		<ItemForTranslation ItemName="RegularCharacterSpacing" ItemTranslation="Normale spatiëring"/>
		<ItemForTranslation ItemName="EmbedNonStandardTrueType" ItemTranslation="TrueType-lettertypen met afwijkende coderingen uit pdf-bestand insluiten in doc-bestand"/>
		<ItemForTranslation ItemName="EmbedAllTrueTypeLong" ItemTranslation="Alle TrueType-lettertypen uit pdf-bestand insluiten in doc-bestand"/>
		<ItemForTranslation ItemName="HeadersAndFooters:" ItemTranslation="Kop- en voetteksten:"/>
		<ItemForTranslation ItemName="DetectAndPreserveHF" ItemTranslation="Kop- en voetteksten herkennen en behouden"/>
		<ItemForTranslation ItemName="DetectAndRemoveHF" ItemTranslation="Kop- en voetteksten herkennen en verwijderen"/>
		<ItemForTranslation ItemName="InstallFontsTTandT1" ItemTranslation="Alle TrueType- en Type 1-lettertypen uit pdf-bestand installeren"/>
		<ItemForTranslation ItemName="Frompage{1}topage{2}" ItemTranslation="Pagina's {1} tot en met {2}"/>
		<!-- ui:dialogBox extractpath -->
		<ItemForTranslation ItemName="extractpath_Image_Format_Output_Path" ItemTranslation="Afbeeldingsindeling en uitvoerpad"/>
		<ItemForTranslation ItemName="extractpath_choose_file_format" ItemTranslation="Kies de bestandsindeling voor de afbeeldingen die worden opgehaald:"/>
		<ItemForTranslation ItemName="extractpath_same_as_source_images" ItemTranslation="Dezelfde indeling als bron"/>
		<ItemForTranslation ItemName="extractpath_choose_path" ItemTranslation="{n}Kies het pad waar u de afbeeldingen wilt opslaan:"/>
		<ItemForTranslation ItemName="extractpath_save_to" ItemTranslation="Afbeeldingen opslaan in:"/>
		<ItemForTranslation ItemName="extractpath_filepath" ItemTranslation="{n}{n}{n}{n}{n}bestandspad moet een redelijk lange dummy-tekenreeks zijn"/>
		<!-- ui:dialogBox finishextract -->
		<ItemForTranslation ItemName="finishextract_finish" ItemTranslation="Voltooien: afbeeldingen ophalen"/>
		<ItemForTranslation ItemName="finishextract_description" ItemTranslation="Hierna vindt u een overzicht van de instellingen die u hebt gekozen.Klik op Vorige als u de huidige instellingen wilt wijzigen.{n}Klik op Voltooien om de afbeeldingen op te halen."/>
		<!-- Create Options -->
		<ItemForTranslation ItemName="CreatePdfTitle" ItemTranslation="Pdf-bestand maken"/>
		<ItemForTranslation ItemName="CreatePdfOptionsSection" ItemTranslation="Opties voor het maken van pdf-bestanden"/>
		<ItemForTranslation ItemName="CreatePdfOptionsSectionDescription" ItemTranslation="Configureer de gewenste specifieke functies voor het maken van een pdf-bestand."/>
		<ItemForTranslation ItemName="EmbedAllFont" ItemTranslation="Alle lettertypen insluiten"/>
		<ItemForTranslation ItemName="EmbedAllFontDescription" ItemTranslation="Sluit alle lettertypen in het pdf-bestand in."/>
		<ItemForTranslation ItemName="PasswordProtection" ItemTranslation="Wachtwoorden en beveiliging"/>
		<ItemForTranslation ItemName="PasswordProtectionDescription" ItemTranslation="Configureer de beveiligingsbeperkingen voor het pdf-bestand."/>
		<!-- Encryption level -->
		<ItemForTranslation ItemName="EncryptionLevel" ItemTranslation="Coderingsniveau"/>
		<ItemForTranslation ItemName="EncryptionLevelDescription" ItemTranslation="De standaardinstelling voor de codering is de sterkste beveiligingsoptie: 128 bits RC4"/>
		<ItemForTranslation ItemName="High (128-bit RC4)" ItemTranslation="Hoog (128-bit RC4)"/>
		<ItemForTranslation ItemName="Low (40-bit RC4)" ItemTranslation="Laag (40-bit RC4)"/>
		<ItemForTranslation ItemName="EncryptionNone" ItemTranslation="Geen"/>
		<ItemForTranslation ItemName="&lt;No password&gt;" ItemTranslation="&lt;Geen wachtwoord&gt;"/>
		<ItemForTranslation ItemName="&lt;PromptWhenSaving&gt;" ItemTranslation="&lt;Vragen bij opslaan&gt;"/>
		<ItemForTranslation ItemName="&lt;SetPassword&gt;" ItemTranslation="&lt;Wachtwoord instellen&gt;"/>
		<!-- User password strings -->
		<ItemForTranslation ItemName="PasswodForOpen" ItemTranslation="Gebruikerswachtwoord"/>
		<ItemForTranslation ItemName="PasswodForOpenDescription" ItemTranslation="Als u een gebruikerswachtwoord instelt (ook wel het wachtwoord voor document openen genoemd), kunnen andere gebruikers het bestand uitsluitend openen als zij het wachtwoord opgeven. Gebruik een eigenaarswachtwoord om beperkingen in te stellen voor het afdrukken en bewerken."/>
		<ItemForTranslation ItemName="Require_User_Password" ItemTranslation="Gebruikerswachtwoord vereisen voor openen van document"/>
		<ItemForTranslation ItemName="User_Password:" ItemTranslation="Gebruikerswachtwoord:"/>
		<ItemForTranslation ItemName="Repeat_User_Password:" ItemTranslation="Bevestig gebruikerswachtwoord:"/>
		<!-- Owner password strings -->
		<ItemForTranslation ItemName="Permissions" ItemTranslation="Beveiligingsbeperkingen voor pdf-bestanden"/>
		<ItemForTranslation ItemName="PermissionsDescription" ItemTranslation="Met deze machtigingen beperkt u de mogelijkheden voor gebruikers van een pdf-bestand."/>
		<ItemForTranslation ItemName="PermissionsPassword" ItemTranslation="Eigenaarswachtwoord"/>
		<ItemForTranslation ItemName="PermissionsPasswordDescription" ItemTranslation="Als u beveiligingsbeperkingen instelt voor uw pdf-bestand, moet u ook een eigenaarswachtwoord opgeven (ook wel het wachtwoord voor machtigingen genoemd). Het gebruikerswachtwoord of het eigenaarswachtwoord kan worden gebruikt om het pdf-bestand te openen."/>
		<!--*** String To Translate ***--><ItemForTranslation ItemName="Use_Owner_Password" ItemTranslation="Use owner password to restrict printing, editing and extraction"/>
		<ItemForTranslation ItemName="Owner_Password:" ItemTranslation="Eigenaarswachtwoord:"/>
		<ItemForTranslation ItemName="Repeat_Owner_Password:" ItemTranslation="Bevestig eigenaarswachtwoord:"/>
		<!-- Permissions modes -->
		<ItemForTranslation ItemName="AllowPrinting" ItemTranslation="Afdrukken toestaan"/>
		<ItemForTranslation ItemName="AllowPrintingDescription" ItemTranslation="Selecteer Ja om alle gebruikers toestemming te geven het pdf-bestand af te drukken en Nee om het afdrukken alleen toe te staan aan gebruikers die het eigenaarswachtwoord weten."/>
		<ItemForTranslation ItemName="AllowChanging" ItemTranslation="Wijzigingen toestaan"/>
		<ItemForTranslation ItemName="AllowChangingLong" ItemTranslation="Bewerken van inhoud toestaan"/>
		<ItemForTranslation ItemName="AllowChangingDescription" ItemTranslation="Selecteer Ja om aan alle gebruikers de toestemming te geven wijzigingen te maken in de inhoud van het pdf-bestand of Nee om het maken van wijzigingen alleen toe te staan voor gebruikers die het eigenaarswachtwoord weten."/>
		<ItemForTranslation ItemName="AllowCopying" ItemTranslation="Kopiëren toestaan"/>
		<ItemForTranslation ItemName="AllowCopyingDescription" ItemTranslation="Selecteer Ja om alle gebruikers toestemming te geven inhoud van het pdf-bestand te kopiëren of op te halen of Nee om het kopiëren en ophalen alleen toe te staan aan gebruikers die het eigenaarswachtwoord weten."/>
		<ItemForTranslation ItemName="AllowChangingComments" ItemTranslation="Opmerkingen toestaan"/>
		<ItemForTranslation ItemName="AllowChangingCommentsLong" ItemTranslation="Toevoegen of bewerken van opmerkingen toestaan"/>
		<ItemForTranslation ItemName="AllowChangingCommentsDescription" ItemTranslation="Selecteer Ja om alle gebruikers toestemming te geven opmerkingen in het pdf-bestand te bewerken of toe te voegen of Nee om het bewerken alleen toe te staan aan gebruikers die het eigenaarswachtwoord weten."/>
		<!-- Acrobat plug-in messages (labels and menu items) -->
		<ItemForTranslation ItemName="SC_TOOLBAR_TITLE" ItemTranslation="{applicationname}"/>
		<ItemForTranslation ItemName="SC_BUTTON_LABEL" ItemTranslation="Openen met Word"/>
		<ItemForTranslation ItemName="SC_BUTTON_TOOLTIP" ItemTranslation="{applicationname} gebruiken om dit document te converteren en te openen in Microsoft Word"/>
		<ItemForTranslation ItemName="SC_MENUITEM_RUN" ItemTranslation="Openen met Microsoft Word"/>
		<ItemForTranslation ItemName="SC_MENUITEM_ABOUT" ItemTranslation="Info..."/>
		<!-- SolidConverterPDF plug-in messages -->
		<ItemForTranslation ItemName="UnableAddToolbarToExcel" ItemTranslation="Niet in staat om de Solid Converter besturingselementen aan Excel toe te voegen."/>
		<ItemForTranslation ItemName="UnableAddToolbarToPowerPoint" ItemTranslation="Niet in staat om de Solid Converter besturingselementen aan PowerPoint toe te voegen."/>
		<ItemForTranslation ItemName="NoWorkbooksOpen" ItemTranslation="Er zijn geen werkboeken geopend."/>
		<ItemForTranslation ItemName="NoPresentationsOpen" ItemTranslation="Er zijn geen presentaties geopend."/>
		<ItemForTranslation ItemName="NoDocumentsOpen" ItemTranslation="Er zijn geen documenten geopend."/>
		<ItemForTranslation ItemName="EmptyWorksheet" ItemTranslation="{applicationname} kon niets vinden om af te drukken, het proces van de PDF-creatie zal daarom niet starten."/>
		<ItemForTranslation ItemName="PrinterNotFound" ItemTranslation="Er is geen Solid PDF Creator printer geïnstalleerd. {applicationname} a.u.b. opnieuw installeren."/>
		<!-- Explorer Extensions -->
		<ItemForTranslation ItemName="INFO_LOAD" ItemTranslation="{applicationname} converteert pdf-bestanden naar Word. U moet eerst een pdf-bestand laden om dit te kunnen uitvoeren."/>
		<ItemForTranslation ItemName="TITLE_PROGRESS" ItemTranslation="{applicationname}"/>
		<ItemForTranslation ItemName="WAIT_DOWNLOAD" ItemTranslation="Bezig met downloaden van pdf-bestand..."/>
		<!-- SpreadsheetML export filter -->
		<ItemForTranslation ItemName="SpreadsheetML_Files_Filter" ItemTranslation="Microsoft Excel XML bestanden (*.xml)"/>
		<ItemForTranslation ItemName="Extract_Tables_To_Excel" ItemTranslation="Extract tables to Excel (Office XP or higher)"/>
		<ItemForTranslation ItemName="TableNotFound" ItemTranslation="Geen tabellen gevonden..."/>
		<ItemForTranslation ItemName="NoTablesToExtract" ItemTranslation="Geen tabellen om te kopiëren."/>
		<ItemForTranslation ItemName="NoTablesToExtractDesc" ItemTranslation="Bestand overgeslagen: geen bestanden gevonden om te kopieren."/>
		<!-- WordML export filter -->
		<ItemForTranslation ItemName="WordML_Files_Filter" ItemTranslation="Microsoft Word XML bestanden Filter (*.xml)"/>
		<ItemForTranslation ItemName="Save_As_WordML" ItemTranslation="Opslaan als Microsoft Word XML "/>
		<!-- Solid PDF Creator -->
		<ItemForTranslation ItemName="ToolTips801" ItemTranslation="Opties"/>
		<ItemForTranslation ItemName="ToolTips802" ItemTranslation="Help"/>
		<ItemForTranslation ItemName="ToolTips803" ItemTranslation="Afsluiten"/>
		<ItemForTranslation ItemName="ToolTips800" ItemTranslation="Creëer PDF-bestand"/>
		<!--*** String To Translate ***--><ItemForTranslation ItemName="_Splash_1" ItemTranslation="Purchase your copy of {applicationname} now and receive..."/>
		<!--*** String To Translate ***--><ItemForTranslation ItemName="_Splash_2" ItemTranslation="- First-class customer support"/>
		<!--*** String To Translate ***--><ItemForTranslation ItemName="_Splash_3" ItemTranslation="- Service releases and upgrades"/>
		<!--*** String To Translate ***--><ItemForTranslation ItemName="_Splash_4" ItemTranslation="- Special offers and discounts"/>
		<!--*** String To Translate ***--><ItemForTranslation ItemName="_Splash_5" ItemTranslation="Click"/>
		<!--*** String To Translate ***--><ItemForTranslation ItemName="_Splash_6" ItemTranslation="Purchase"/>
		<!--*** String To Translate ***--><ItemForTranslation ItemName="_Splash_7" ItemTranslation="to register {applicationname} today!"/>
		<!--*** String To Translate ***--><ItemForTranslation ItemName="_PROMPT_INFO" ItemTranslation="Prompt for document information"/>
		<!--*** String To Translate ***--><ItemForTranslation ItemName="_ENTER_UNLOCK" ItemTranslation="Enter Unlock Code"/>
		<!--*** String To Translate ***--><ItemForTranslation ItemName="_Title" ItemTranslation="Title:"/>
		<!--*** String To Translate ***--><ItemForTranslation ItemName="_Subject" ItemTranslation="Subject:"/>
		<!--*** String To Translate ***--><ItemForTranslation ItemName="_Author" ItemTranslation="Author:"/>
		<!--*** String To Translate ***--><ItemForTranslation ItemName="_Keywords" ItemTranslation="Keywords:"/>
		<!--*** String To Translate ***--><ItemForTranslation ItemName="Default_Document_information" ItemTranslation="Default document information"/>
		<!--*** String To Translate ***--><ItemForTranslation ItemName="_Override" ItemTranslation="Override"/>
		<!--*** String To Translate ***--><ItemForTranslation ItemName="_Skip" ItemTranslation="Skip"/>
		<!--*** String To Translate ***--><ItemForTranslation ItemName="_Append" ItemTranslation="Append"/>
		<!--*** String To Translate ***--><ItemForTranslation ItemName="AskIfExist" ItemTranslation="If file already exist do"/>
		<!--*** String To Translate ***--><ItemForTranslation ItemName="Color_Images" ItemTranslation="Color Images"/>
		<!--*** String To Translate ***--><ItemForTranslation ItemName="Color_Images_to_Grayscale" ItemTranslation="Convert color images to grayscale"/>
		<!--*** String To Translate ***--><ItemForTranslation ItemName="CImages_Downsample" ItemTranslation="Downsample (DPI):"/>
		<!--*** String To Translate ***--><ItemForTranslation ItemName="GImages_Downsample" ItemTranslation="Downsample (DPI):"/>
		<!--*** String To Translate ***--><ItemForTranslation ItemName="MImages_Downsample" ItemTranslation="Downsample (DPI):"/>
		<!--*** String To Translate ***--><ItemForTranslation ItemName="Use_Original_DPI" ItemTranslation="Keep original DPI"/>
		<!--*** String To Translate ***--><ItemForTranslation ItemName="CImages_Compression" ItemTranslation="Compression:"/>
		<!--*** String To Translate ***--><ItemForTranslation ItemName="GImages_Compression" ItemTranslation="Compression:"/>
		<!--*** String To Translate ***--><ItemForTranslation ItemName="MImages_Compression" ItemTranslation="Compression:"/>
		<!--*** String To Translate ***--><ItemForTranslation ItemName="CImages_Quality" ItemTranslation="Image Quality:"/>
		<!--*** String To Translate ***--><ItemForTranslation ItemName="GImages_Quality" ItemTranslation="Image Quality:"/>
		<!--*** String To Translate ***--><ItemForTranslation ItemName="Grayscale_Images" ItemTranslation="Grayscale Images"/>
		<!--*** String To Translate ***--><ItemForTranslation ItemName="Grayscale_Images_to_Monochrome" ItemTranslation="Convert grayscale images to monochrome"/>
		<!--*** String To Translate ***--><ItemForTranslation ItemName="Monochrome_Images" ItemTranslation="Monochrome Images"/>
		<!--*** String To Translate ***--><ItemForTranslation ItemName="Descr_None" ItemTranslation="No image compression, no image resampling, embedded fonts."/>
		<!--*** String To Translate ***--><ItemForTranslation ItemName="Descr_Web" ItemTranslation="Ideal for screen display. (Lossy compression, image resampling, no embedded fonts.)"/>
		<!--*** String To Translate ***--><ItemForTranslation ItemName="Descr_Draftquality" ItemTranslation="Ideal for drafts or low-resolution print jobs. (No resampling, lossy compression, no embedded fonts.)"/>
		<!--*** String To Translate ***--><ItemForTranslation ItemName="Descr_Professional" ItemTranslation="Ideal for high-quality print jobs. (No resampling, lossless compression, all fonts embedded.)"/>
		<!--*** String To Translate ***--><ItemForTranslation ItemName="Descr_Custom2" ItemTranslation="Select your own optimization settings."/>
		<!--*** String To Translate ***--><ItemForTranslation ItemName="_Web" ItemTranslation="Web"/>
		<!--*** String To Translate ***--><ItemForTranslation ItemName="_Draftquality" ItemTranslation="Draft quality"/>
		<!--*** String To Translate ***--><ItemForTranslation ItemName="_Professional" ItemTranslation="Professional quality"/>
		<!--*** String To Translate ***--><ItemForTranslation ItemName="_Settings" ItemTranslation="Settings"/>
		<!--*** String To Translate ***--><ItemForTranslation ItemName="Main_PDF_Advanced_Description" ItemTranslation="Select the optimization method that suits your requirements."/>
		<!--*** String To Translate ***--><ItemForTranslation ItemName="_Grayscale" ItemTranslation="Grayscale"/>
		<!--*** String To Translate ***--><ItemForTranslation ItemName="Close_Progress" ItemTranslation="Close progress window when finished"/>
		<ItemForTranslation ItemName="Font_List" ItemTranslation="Lijst lettertypen"/>
		<!--*** String To Translate ***--><ItemForTranslation ItemName="_space" ItemTranslation=" {n}"/>
		<!--*** String To Translate ***--><ItemForTranslation ItemName="Never_Font" ItemTranslation="Embed none"/>
		<!--*** String To Translate ***--><ItemForTranslation ItemName="Never_Font_List" ItemTranslation="Never Embed"/>
		<!--*** String To Translate ***--><ItemForTranslation ItemName="Embed_Font" ItemTranslation="Embed all"/>
		<!--*** String To Translate ***--><ItemForTranslation ItemName="Always_Font_List" ItemTranslation="Always Embed"/>
		<!--*** String To Translate ***--><ItemForTranslation ItemName="Add_Font" ItemTranslation="Add &gt;"/>
		<!--*** String To Translate ***--><ItemForTranslation ItemName="Remove_Font" ItemTranslation="&lt; Remove"/>
		<!--*** String To Translate ***--><ItemForTranslation ItemName="_Subset" ItemTranslation="Subset embedded fonts when less than"/>
		<!--*** String To Translate ***--><ItemForTranslation ItemName="Characters_Persents" ItemTranslation="% of characters used"/>
		<!--*** String To Translate ***--><ItemForTranslation ItemName="Embed_Fail" ItemTranslation="If embedding fails:"/>
		<ItemForTranslation ItemName="PDF_Setup" ItemTranslation="PDF-instellingen"/>
		<ItemForTranslation ItemName="_Advanced" ItemTranslation="Compressie"/>
		<!-- ENCRYPTION PDF DIALOAG -->
		<ItemForTranslation ItemName="Encrypt_Level_Static" ItemTranslation="Coderingsniveau:"/>
		<ItemForTranslation ItemName="128bit" ItemTranslation="Hoog(128-bit RC4) - Acrobat 5.0 of nieuwer"/>
		<ItemForTranslation ItemName="40bit" ItemTranslation="Laag(40-bit RC4) - Acrobat 3.0 of nieuwer"/>
		<ItemForTranslation ItemName="_Prompt" ItemTranslation="Prompt"/>
		<ItemForTranslation ItemName="OpenPasswordsMustMatch" ItemTranslation="Het bevestigingswachtwoord komt niet overeen met het eerder opgegeven wachtwoord."/>
		<ItemForTranslation ItemName="OpenPasswordMustBePresent" ItemTranslation="De optie 'Gebruikerswachtwoord benodigd voor het openen van het document' is geselecteerd, maar het veld 'Gebruikerswachtwoord' is leeg. Maak de keuze ongedaan of voeg een wachtwoord in."/>
		<ItemForTranslation ItemName="PermissionPasswordsMustMatch" ItemTranslation="De bevestiging van Wachtwoord Eigenaar komt niet overeen met het eerder opgegeven wachtwoord."/>
		<ItemForTranslation ItemName="PermissionPasswordMustBePresent" ItemTranslation="De optie 'Gebruikerswachtwoord benodigd voor het printen, bewerken en extraheren van het document' is geselecteerd, maar het veld 'Wachtwoord Eigenaar' is leeg. Maak de keuze ongedaan of voeg een wachtwoord in."/>
		<ItemForTranslation ItemName="PasswordMustBePresent" ItemTranslation="Om beveiligingsinstellingen toe te passen, maak een Wachtwoord Gebruiker of Wachtwoord Eigenaar aan."/>
		<ItemForTranslation ItemName="PasswordsMustBeDiffered" ItemTranslation="De Gebruiker of Eigenaar Wachtwoorden kunnen niet dezelfde zijn."/>
		<!--    PDF OPTIONS -->
		<ItemForTranslation ItemName="_Encryption" ItemTranslation="Beveiliging"/>
		<ItemForTranslation ItemName="Pdf_Encrypt_Dialog" ItemTranslation="Beveiliging"/>
		<ItemForTranslation ItemName="_Save" ItemTranslation="Opslaan"/>
		<ItemForTranslation ItemName="_PDFSavePageDlg" ItemTranslation="Opslaan"/>
		<ItemForTranslation ItemName="_High" ItemTranslation="Hoog"/>
		<ItemForTranslation ItemName="_Medium" ItemTranslation="Middelhoog"/>
		<ItemForTranslation ItemName="_Low" ItemTranslation="Laag"/>
		<ItemForTranslation ItemName="The_Lowest" ItemTranslation="Het laagst"/>
		<ItemForTranslation ItemName="_Custom" ItemTranslation="Op maat gemaakt"/>
		<ItemForTranslation ItemName="Ask_Fname" ItemTranslation="Vraag naar de bestandsnaam van de bestemming"/>
		<ItemForTranslation ItemName="Predefine_Fname" ItemTranslation="Gebruik de vooraf ingestelde bestandsnaam van de bestemming"/>
		<ItemForTranslation ItemName="_Path" ItemTranslation="Doelmap:"/>
		<ItemForTranslation ItemName="_Browse" ItemTranslation="Bladeren"/>
		<ItemForTranslation ItemName="File_Name" ItemTranslation="Bestandsnaam:"/>
		<ItemForTranslation ItemName="_Macro" ItemTranslation="Wijzigen"/>
		<ItemForTranslation ItemName="_Example" ItemTranslation="Voorbeeld:"/>
		<ItemForTranslation ItemName="Append_Pages_to_Existing_File" ItemTranslation="Voeg pagina's aan bestaand bestand toe"/>
		<ItemForTranslation ItemName="Document_Name" ItemTranslation="Naam origineel document"/>
		<ItemForTranslation ItemName="_Date" ItemTranslation="Huidige datum"/>
		<ItemForTranslation ItemName="_Time" ItemTranslation="Huidige tijd"/>
		<ItemForTranslation ItemName="_Invalid_Target_Folder" ItemTranslation="Ongeldige doelmap"/>
		<ItemForTranslation ItemName="Source_Document_Name" ItemTranslation="Naam origineel document"/>
		<ItemForTranslation ItemName="Current_Date" ItemTranslation="Huidige datum"/>
		<ItemForTranslation ItemName="Current_Time" ItemTranslation="Huidige tijd"/>
		<ItemForTranslation ItemName="_PDFImagesDlg" ItemTranslation="Afbeeldingmogelijkheden voor PDF-formaat"/>
		<ItemForTranslation ItemName="Use_original" ItemTranslation="Gebruik originele DPI"/>
		<ItemForTranslation ItemName="_DPI" ItemTranslation="Gebruik DPI:"/>
		<ItemForTranslation ItemName="_Monochrome" ItemTranslation="Converteer kleuren afbeeldingen (groter) naar monochrome afbeeldingen (kleiner)"/>
		<ItemForTranslation ItemName="Use_Compression_Encode" ItemTranslation="Gebruik compressie:"/>
		<ItemForTranslation ItemName="_None" ItemTranslation="Geen"/>
		<ItemForTranslation ItemName="_ASCIIHexEncode" ItemTranslation="ASCII Hex-codering"/>
		<ItemForTranslation ItemName="_LZWEncode" ItemTranslation="LZW-codering"/>
		<ItemForTranslation ItemName="_FlateEncode" ItemTranslation="Flate-codering"/>
		<ItemForTranslation ItemName="_ASCII85Encode" ItemTranslation="ASCII 85-codering"/>
		<ItemForTranslation ItemName="_RunLengthEncode" ItemTranslation="Run Lengte/Length-codering"/>
		<ItemForTranslation ItemName="_CCITTFaxEncode" ItemTranslation="CCITT Fax-codering"/>
		<ItemForTranslation ItemName="_JBIG2Encode" ItemTranslation="JBIG2-codering"/>
		<ItemForTranslation ItemName="_DCTEncode" ItemTranslation="DCT-codering"/>
		<ItemForTranslation ItemName="_J2KEncode" ItemTranslation="J2K-codering"/>
		<ItemForTranslation ItemName="_PDFFontsDlg" ItemTranslation="Lettertypemogelijkheden voor PDF-formaat"/>
		<ItemForTranslation ItemName="Font_Embedding" ItemTranslation="Gebruik verankerde lettertypen"/>
		<ItemForTranslation ItemName="_Never" ItemTranslation="Nooit lettertypen verankeren"/>
		<ItemForTranslation ItemName="_SubSet" ItemTranslation="Bewaar lettertypen-subset"/>
		<ItemForTranslation ItemName="_All" ItemTranslation="Alle"/>
		<ItemForTranslation ItemName="Never_Embed_Fonts" ItemTranslation="Nooit lettertypen verankeren"/>
		<ItemForTranslation ItemName="_CMap" ItemTranslation="CMap"/>
		<ItemForTranslation ItemName="Compression_Select" ItemTranslation="Detail niveau/level:"/>
		<ItemForTranslation ItemName="Compression_Description" ItemTranslation="Beschrijving detailniveau"/>
		<ItemForTranslation ItemName="_Fonts" ItemTranslation="Mogelijkheden lettertypen"/>
		<ItemForTranslation ItemName="_Images" ItemTranslation="Mogelijkheden afbeeldingen"/>
		<ItemForTranslation ItemName="Descr_High" ItemTranslation="Behoudt het kleurmodel en compressie (DPI) van de originele afbeelding."/>
		<ItemForTranslation ItemName="Descr_Medium" ItemTranslation="Origineel kleurmodel voor afbeeldingen. Vermindering DPI afbeelding "/>
		<ItemForTranslation ItemName="Descr_Low" ItemTranslation="Gebruikt een monochroom kleurmodel, maar behoudt de compressie (DPI) van de originele afbeelding"/>
		<ItemForTranslation ItemName="Descr_TheLowest" ItemTranslation="Monochroom kleurmodel voor afbeeldingen. Vermindering DPI afbeelding"/>
		<ItemForTranslation ItemName="Descr_Custom" ItemTranslation="Klik op de onderstaande knop om de mogelijkheden voor de afbeeldingen te selecteren."/>
		<ItemForTranslation ItemName="_KeepOpen" ItemTranslation="Houdt open"/>
		<ItemForTranslation ItemName="_Details" ItemTranslation="Houdt open"/>
		<!--*** String To Translate ***--><ItemForTranslation ItemName="_PROMPT_FOR_PASSWORD" ItemTranslation="Prompt for password and security settings"/>
		<!--*** String To Translate ***--><ItemForTranslation ItemName="_OPEN_PDF_FILE" ItemTranslation="Open converted file"/>
		<!--*** String To Translate ***--><ItemForTranslation ItemName="PrintNotAvailable" ItemTranslation="This functionality is available only in professional version"/>
		<!--*** String To Translate ***--><ItemForTranslation ItemName="TrialNotFullConvertionDescription" ItemTranslation="Thank you for trying Solid Converter PDF. The trial version of this product only converts 10% of your document, with a 10 page maximum."/>
		<!--*** String To Translate ***--><ItemForTranslation ItemName="font_cannot_be_embedded" ItemTranslation="font cannot be embedded"/>
		<!--*** String To Translate ***--><ItemForTranslation ItemName="font_will_be_embedded" ItemTranslation="font will be embedded"/>
		<!--*** String To Translate ***--><ItemForTranslation ItemName="font_as_rasters" ItemTranslation="font cannot be created{n}All glyphs will be representd as rasters"/>
		<!--*** String To Translate ***--><ItemForTranslation ItemName="font_conversion_error" ItemTranslation="font cannot be created{n}Job is canceled"/>
		<!--*** String To Translate ***--><ItemForTranslation ItemName="Warn_and_continue" ItemTranslation="Warn and continue"/>
		<!--*** String To Translate ***--><ItemForTranslation ItemName="_Ignore" ItemTranslation="Ignore"/>
		<!--*** String To Translate ***--><ItemForTranslation ItemName="Cancel_job" ItemTranslation="Cancel job"/>
		<!--*** String To Translate ***--><ItemForTranslation ItemName="_Folder" ItemTranslation="Folder"/>
		<!--*** String To Translate ***--><ItemForTranslation ItemName="Font_Lists" ItemTranslation="Font Lists"/>
		<!--*** String To Translate ***--><ItemForTranslation ItemName="NoImagesToExtract" ItemTranslation="Image not found"/>
		<!--*** String To Translate ***--><ItemForTranslation ItemName="NoImagesToExtractDesc" ItemTranslation="File skipped: no image were found to extract"/>
		<!--*** String To Translate ***--><ItemForTranslation ItemName="_CREATE_SUCCESS" ItemTranslation="File conversion successful."/>
		<!--*** String To Translate ***--><ItemForTranslation ItemName="_Creating_PDF..." ItemTranslation="Creating PDF..."/>
		<!--*** String To Translate ***--><ItemForTranslation ItemName="AllowCopyingLong" ItemTranslation="Allow copying and extraction of contents"/>
		<!--*** String To Translate ***--><ItemForTranslation ItemName="Encryption_Level" ItemTranslation="Encryption Level"/>
		<!--*** String To Translate ***--><ItemForTranslation ItemName="User_Options" ItemTranslation="User Options"/>
		<!--*** String To Translate ***--><ItemForTranslation ItemName="Owner_Options" ItemTranslation="Owner Options"/>
		<ItemForTranslation ItemName="_PDFAdvancedPageDlg" ItemTranslation="Compressie"/>
		<!--*** String To Translate ***--><ItemForTranslation ItemName="_Recent_Folder" ItemTranslation="Recent Folder"/>
			<!--*** Replace Images Dialog Strings ***-->
        <!--*** String To Translate ***--><ItemForTranslation ItemName="CompleteReplaceFolder"		ItemTranslation="Completely replace folder content?"/>
	<!--*** String To Translate ***--><ItemForTranslation ItemName="UseAnotherFolder"		ItemTranslation="Create or select another folder?"/>
	<!--*** String To Translate ***--><ItemForTranslation ItemName="OverrideFolder" 		ItemTranslation="Override existing images with the same name and add new images to the folder?"/>
	<!--*** String To Translate ***--><ItemForTranslation ItemName="ReplaceImageOnExtraction"	ItemTranslation="The folder {1} already exists.{n}Do you want to: "/>

	<!--*** String To Translate ***--><ItemForTranslation ItemName="ConversionOptions"	ItemTranslation="Conversion Settings"/>

	<!--*** String To Translate ***--><ItemForTranslation ItemName="_Form_Name" 				ItemTranslation="Form Name"/>
	<!--*** String To Translate ***--><ItemForTranslation ItemName="_Width_x_Height" 			ItemTranslation="Width x Height"/>
	<!--*** String To Translate ***--><ItemForTranslation ItemName="_Units" 					ItemTranslation="Units"/>
		<!--*** String To Translate ***--><ItemForTranslation ItemName="_mm" 						ItemTranslation="mm"/>
		<!--*** String To Translate ***--><ItemForTranslation ItemName="_Invalid_Form_name" 		ItemTranslation="Invalid Form name"/>
		<!--*** String To Translate ***--><ItemForTranslation ItemName="_Already_exists" 			ItemTranslation="The form already exists"/>
	<!--*** String To Translate ***--><ItemForTranslation ItemName="Automatic_Enc" 			ItemTranslation="Automatic"/>
	<!--*** String To Translate ***--><ItemForTranslation ItemName="CCITTFaxEncode_Group3"		ItemTranslation="CCITTFaxEncode, Group 3"/>
	<!--*** String To Translate ***--><ItemForTranslation ItemName="CCITTFaxEncode_Group4" 		ItemTranslation="CCITTFaxEncode, Group 4"/>

	<!--*** String To Translate ***--><ItemForTranslation ItemName="_Add"             ItemTranslation="Add"/>
	<!--*** String To Translate ***--><ItemForTranslation ItemName="_Edit"            ItemTranslation="Edit"/>
	<!--*** String To Translate ***--><ItemForTranslation ItemName="_Remove"          ItemTranslation="Remove"/>
	<!--*** String To Translate ***--><ItemForTranslation ItemName="Page_Orientation" ItemTranslation="Orientation:"/>
	<!--*** String To Translate ***--><ItemForTranslation ItemName="Custom_Forms"     ItemTranslation="Custom Forms"/>
	<!--*** String To Translate ***--><ItemForTranslation ItemName="_Portrait"        ItemTranslation="Portrait"/>
	<!--*** String To Translate ***--><ItemForTranslation ItemName="_Landscape"       ItemTranslation="Landscape"/>



	<!--*** String To Translate ***--><ItemForTranslation ItemName="sp__10x11" ItemTranslation="10x11"/>
	<!--*** String To Translate ***--><ItemForTranslation ItemName="sp__10x14" ItemTranslation="10x14"/>
	<!--*** String To Translate ***--><ItemForTranslation ItemName="sp__11 x 17" ItemTranslation="11 x 17"/>
	<!--*** String To Translate ***--><ItemForTranslation ItemName="sp__12x11" ItemTranslation="12x11"/>
	<!--*** String To Translate ***--><ItemForTranslation ItemName="sp__15x11" ItemTranslation="15x11"/>
	<!--*** String To Translate ***--><ItemForTranslation ItemName="sp__6 3/4 Envelope" ItemTranslation="6 3/4 Envelope"/>
	<!--*** String To Translate ***--><ItemForTranslation ItemName="sp__92 x 92" ItemTranslation="92 x 92"/>
	<!--*** String To Translate ***--><ItemForTranslation ItemName="sp__9x11" ItemTranslation="9x11"/>
	<!--*** String To Translate ***--><ItemForTranslation ItemName="sp__A0" ItemTranslation="A0"/>
	<!--*** String To Translate ***--><ItemForTranslation ItemName="sp__A1" ItemTranslation="A1"/>
	<!--*** String To Translate ***--><ItemForTranslation ItemName="sp__A2" ItemTranslation="A2"/>
	<!--*** String To Translate ***--><ItemForTranslation ItemName="sp__A3" ItemTranslation="A3"/>
	<!--*** String To Translate ***--><ItemForTranslation ItemName="sp__A3 Extra" ItemTranslation="A3 Extra"/>
	<!--*** String To Translate ***--><ItemForTranslation ItemName="sp__A3 Rotated" ItemTranslation="A3 Rotated"/>
	<!--*** String To Translate ***--><ItemForTranslation ItemName="sp__A4" ItemTranslation="A4"/>
	<!--*** String To Translate ***--><ItemForTranslation ItemName="sp__A4 Extra" ItemTranslation="A4 Extra"/>
	<!--*** String To Translate ***--><ItemForTranslation ItemName="sp__A4 Plus" ItemTranslation="A4 Plus"/>
	<!--*** String To Translate ***--><ItemForTranslation ItemName="sp__A4 Rotated" ItemTranslation="A4 Rotated"/>
	<!--*** String To Translate ***--><ItemForTranslation ItemName="sp__A5" ItemTranslation="A5"/>
	<!--*** String To Translate ***--><ItemForTranslation ItemName="sp__A5 Extra" ItemTranslation="A5 Extra"/>
	<!--*** String To Translate ***--><ItemForTranslation ItemName="sp__A5 Rotated" ItemTranslation="A5 Rotated"/>
	<!--*** String To Translate ***--><ItemForTranslation ItemName="sp__A6" ItemTranslation="A6"/>
	<!--*** String To Translate ***--><ItemForTranslation ItemName="sp__A6 Rotated" ItemTranslation="A6 Rotated"/>
	<!--*** String To Translate ***--><ItemForTranslation ItemName="sp__ANSI C" ItemTranslation="ANSI C"/>
	<!--*** String To Translate ***--><ItemForTranslation ItemName="sp__ANSI D" ItemTranslation="ANSI D"/>
	<!--*** String To Translate ***--><ItemForTranslation ItemName="sp__ANSI E" ItemTranslation="ANSI E"/>
	<!--*** String To Translate ***--><ItemForTranslation ItemName="sp__ANSI F" ItemTranslation="ANSI F"/>
	<!--*** String To Translate ***--><ItemForTranslation ItemName="sp__ARCH A" ItemTranslation="ARCH A"/>
	<!--*** String To Translate ***--><ItemForTranslation ItemName="sp__ARCH B" ItemTranslation="ARCH B"/>
	<!--*** String To Translate ***--><ItemForTranslation ItemName="sp__ARCH C" ItemTranslation="ARCH C"/>
	<!--*** String To Translate ***--><ItemForTranslation ItemName="sp__ARCH D" ItemTranslation="ARCH D"/>
	<!--*** String To Translate ***--><ItemForTranslation ItemName="sp__ARCH E" ItemTranslation="ARCH E"/>
	<!--*** String To Translate ***--><ItemForTranslation ItemName="sp__ARCH E1" ItemTranslation="ARCH E1"/>
	<!--*** String To Translate ***--><ItemForTranslation ItemName="sp__ARCH E2" ItemTranslation="ARCH E2"/>
	<!--*** String To Translate ***--><ItemForTranslation ItemName="sp__ARCH E3" ItemTranslation="ARCH E3"/>
	<!--*** String To Translate ***--><ItemForTranslation ItemName="sp__B4 (ISO)" ItemTranslation="B4 (ISO)"/>
	<!--*** String To Translate ***--><ItemForTranslation ItemName="sp__B4 (JIS)" ItemTranslation="B4 (JIS)"/>
	<!--*** String To Translate ***--><ItemForTranslation ItemName="sp__B4 (JIS) Rotated" ItemTranslation="B4 (JIS) Rotated"/>
	<!--*** String To Translate ***--><ItemForTranslation ItemName="sp__B5 (ISO) Extra" ItemTranslation="B5 (ISO) Extra"/>
	<!--*** String To Translate ***--><ItemForTranslation ItemName="sp__B5 (JIS)" ItemTranslation="B5 (JIS)"/>
	<!--*** String To Translate ***--><ItemForTranslation ItemName="sp__B5 (JIS) Rotated" ItemTranslation="B5 (JIS) Rotated"/>
	<!--*** String To Translate ***--><ItemForTranslation ItemName="sp__B6 (JIS)" ItemTranslation="B6 (JIS)"/>
	<!--*** String To Translate ***--><ItemForTranslation ItemName="sp__B6 (JIS) Rotated" ItemTranslation="B6 (JIS) Rotated"/>
	<!--*** String To Translate ***--><ItemForTranslation ItemName="sp__C5" ItemTranslation="C5"/>
	<!--*** String To Translate ***--><ItemForTranslation ItemName="sp__Double Japan Postcard Rotated" ItemTranslation="Double Japan Postcard Rotated"/>
	<!--*** String To Translate ***--><ItemForTranslation ItemName="sp__Envelope" ItemTranslation="Envelope"/>
	<!--*** String To Translate ***--><ItemForTranslation ItemName="sp__Envelope #10" ItemTranslation="Envelope #10"/>
	<!--*** String To Translate ***--><ItemForTranslation ItemName="sp__Envelope #11" ItemTranslation="Envelope #11"/>
	<!--*** String To Translate ***--><ItemForTranslation ItemName="sp__Envelope #12" ItemTranslation="Envelope #12"/>
	<!--*** String To Translate ***--><ItemForTranslation ItemName="sp__Envelope #14" ItemTranslation="Envelope #14"/>
	<!--*** String To Translate ***--><ItemForTranslation ItemName="sp__Envelope #9" ItemTranslation="Envelope #9"/>
	<!--*** String To Translate ***--><ItemForTranslation ItemName="sp__Envelope B5" ItemTranslation="Envelope B5"/>
	<!--*** String To Translate ***--><ItemForTranslation ItemName="sp__Envelope B6" ItemTranslation="Envelope B6"/>
	<!--*** String To Translate ***--><ItemForTranslation ItemName="sp__Envelope C3" ItemTranslation="Envelope C3"/>
	<!--*** String To Translate ***--><ItemForTranslation ItemName="sp__Envelope C4" ItemTranslation="Envelope C4"/>
	<!--*** String To Translate ***--><ItemForTranslation ItemName="sp__Envelope C5" ItemTranslation="Envelope C5"/>
	<!--*** String To Translate ***--><ItemForTranslation ItemName="sp__Envelope C6" ItemTranslation="Envelope C6"/>
	<!--*** String To Translate ***--><ItemForTranslation ItemName="sp__Envelope C65" ItemTranslation="Envelope C65"/>
	<!--*** String To Translate ***--><ItemForTranslation ItemName="sp__Envelope DL" ItemTranslation="Envelope DL"/>
	<!--*** String To Translate ***--><ItemForTranslation ItemName="sp__Envelope Invite" ItemTranslation="Envelope Invite"/>
	<!--*** String To Translate ***--><ItemForTranslation ItemName="sp__Envelope Monarch" ItemTranslation="Envelope Monarch"/>
	<!--*** String To Translate ***--><ItemForTranslation ItemName="sp__Executive" ItemTranslation="Executive"/>
	<!--*** String To Translate ***--><ItemForTranslation ItemName="sp__Folio" ItemTranslation="Folio"/>
	<!--*** String To Translate ***--><ItemForTranslation ItemName="sp__German Std Fanfold" ItemTranslation="German Std Fanfold"/>
	<!--*** String To Translate ***--><ItemForTranslation ItemName="sp__ISO A1 594 x 841 mm" ItemTranslation="ISO A1 594 x 841 mm"/>
	<!--*** String To Translate ***--><ItemForTranslation ItemName="sp__ISO B1" ItemTranslation="ISO B1"/>
	<!--*** String To Translate ***--><ItemForTranslation ItemName="sp__ISO B2" ItemTranslation="ISO B2"/>
	<!--*** String To Translate ***--><ItemForTranslation ItemName="sp__ISO B4" ItemTranslation="ISO B4"/>
	<!--*** String To Translate ***--><ItemForTranslation ItemName="sp__ISO B5" ItemTranslation="ISO B5"/>
	<!--*** String To Translate ***--><ItemForTranslation ItemName="sp__Japan Envelope Chou #3 Rotated" ItemTranslation="Japan Envelope Chou #3 Rotated"/>
	<!--*** String To Translate ***--><ItemForTranslation ItemName="sp__Japan Envelope Chou #4 Rotated" ItemTranslation="Japan Envelope Chou #4 Rotated"/>
	<!--*** String To Translate ***--><ItemForTranslation ItemName="sp__Japan Envelope Kaku #2 Rotated" ItemTranslation="Japan Envelope Kaku #2 Rotated"/>
	<!--*** String To Translate ***--><ItemForTranslation ItemName="sp__Japan Envelope Kaku #3 Rotated" ItemTranslation="Japan Envelope Kaku #3 Rotated"/>
	<!--*** String To Translate ***--><ItemForTranslation ItemName="sp__Japan Envelope You #4" ItemTranslation="Japan Envelope You #4"/>
	<!--*** String To Translate ***--><ItemForTranslation ItemName="sp__Japan Envelope You #4 Rotated" ItemTranslation="Japan Envelope You #4 Rotated"/>
	<!--*** String To Translate ***--><ItemForTranslation ItemName="sp__Japanese Double Postcard" ItemTranslation="Japanese Double Postcard"/>
	<!--*** String To Translate ***--><ItemForTranslation ItemName="sp__Japanese Envelope Chou #3" ItemTranslation="Japanese Envelope Chou #3"/>
	<!--*** String To Translate ***--><ItemForTranslation ItemName="sp__Japanese Envelope Chou #4" ItemTranslation="Japanese Envelope Chou #4"/>
	<!--*** String To Translate ***--><ItemForTranslation ItemName="sp__Japanese Envelope Kaku #2" ItemTranslation="Japanese Envelope Kaku #2"/>
	<!--*** String To Translate ***--><ItemForTranslation ItemName="sp__Japanese Envelope Kaku #3" ItemTranslation="Japanese Envelope Kaku #3"/>
	<!--*** String To Translate ***--><ItemForTranslation ItemName="sp__Japanese Postcard" ItemTranslation="Japanese Postcard"/>
	<!--*** String To Translate ***--><ItemForTranslation ItemName="sp__Japanese Postcard Rotated" ItemTranslation="Japanese Postcard Rotated"/>
	<!--*** String To Translate ***--><ItemForTranslation ItemName="sp__JIS B0" ItemTranslation="JIS B0"/>
	<!--*** String To Translate ***--><ItemForTranslation ItemName="sp__JIS B1" ItemTranslation="JIS B1"/>
	<!--*** String To Translate ***--><ItemForTranslation ItemName="sp__JIS B2" ItemTranslation="JIS B2"/>
	<!--*** String To Translate ***--><ItemForTranslation ItemName="sp__JIS B3" ItemTranslation="JIS B3"/>
	<!--*** String To Translate ***--><ItemForTranslation ItemName="sp__JIS B4" ItemTranslation="JIS B4"/>
	<!--*** String To Translate ***--><ItemForTranslation ItemName="sp__Ledger" ItemTranslation="Ledger"/>
	<!--*** String To Translate ***--><ItemForTranslation ItemName="sp__Legal" ItemTranslation="Legal"/>
	<!--*** String To Translate ***--><ItemForTranslation ItemName="sp__Legal Extra" ItemTranslation="Legal Extra"/>
	<!--*** String To Translate ***--><ItemForTranslation ItemName="sp__Letter" ItemTranslation="Letter"/>
	<!--*** String To Translate ***--><ItemForTranslation ItemName="sp__Letter Extra" ItemTranslation="Letter Extra"/>
	<!--*** String To Translate ***--><ItemForTranslation ItemName="sp__Letter Plus" ItemTranslation="Letter Plus"/>
	<!--*** String To Translate ***--><ItemForTranslation ItemName="sp__Letter Rotated" ItemTranslation="Letter Rotated"/>
	<!--*** String To Translate ***--><ItemForTranslation ItemName="sp__Oversize A0" ItemTranslation="Oversize A0"/>
	<!--*** String To Translate ***--><ItemForTranslation ItemName="sp__Oversize A1" ItemTranslation="Oversize A1"/>
	<!--*** String To Translate ***--><ItemForTranslation ItemName="sp__Oversize A2" ItemTranslation="Oversize A2"/>
	<!--*** String To Translate ***--><ItemForTranslation ItemName="sp__PRC 16K" ItemTranslation="PRC 16K"/>
	<!--*** String To Translate ***--><ItemForTranslation ItemName="sp__PRC 16K Rotated" ItemTranslation="PRC 16K Rotated"/>
	<!--*** String To Translate ***--><ItemForTranslation ItemName="sp__PRC 32K" ItemTranslation="PRC 32K"/>
	<!--*** String To Translate ***--><ItemForTranslation ItemName="sp__PRC 32K Rotated" ItemTranslation="PRC 32K Rotated"/>
	<!--*** String To Translate ***--><ItemForTranslation ItemName="sp__PRC 32K(Big)" ItemTranslation="PRC 32K(Big)"/>
	<!--*** String To Translate ***--><ItemForTranslation ItemName="sp__PRC 32K(Big) Rotated" ItemTranslation="PRC 32K(Big) Rotated"/>
	<!--*** String To Translate ***--><ItemForTranslation ItemName="sp__PRC Envelope #1" ItemTranslation="PRC Envelope #1"/>
	<!--*** String To Translate ***--><ItemForTranslation ItemName="sp__PRC Envelope #1 Rotated" ItemTranslation="PRC Envelope #1 Rotated"/>
	<!--*** String To Translate ***--><ItemForTranslation ItemName="sp__PRC Envelope #10 Rotated" ItemTranslation="PRC Envelope #10 Rotated"/>
	<!--*** String To Translate ***--><ItemForTranslation ItemName="sp__PRC Envelope #2" ItemTranslation="PRC Envelope #2"/>
	<!--*** String To Translate ***--><ItemForTranslation ItemName="sp__PRC Envelope #2 Rotated" ItemTranslation="PRC Envelope #2 Rotated"/>
	<!--*** String To Translate ***--><ItemForTranslation ItemName="sp__PRC Envelope #3" ItemTranslation="PRC Envelope #3"/>
	<!--*** String To Translate ***--><ItemForTranslation ItemName="sp__PRC Envelope #4" ItemTranslation="PRC Envelope #4"/>
	<!--*** String To Translate ***--><ItemForTranslation ItemName="sp__PRC Envelope #4 Rotated" ItemTranslation="PRC Envelope #4 Rotated"/>
	<!--*** String To Translate ***--><ItemForTranslation ItemName="sp__PRC Envelope #5 Rotated" ItemTranslation="PRC Envelope #5 Rotated"/>
	<!--*** String To Translate ***--><ItemForTranslation ItemName="sp__PRC Envelope #6" ItemTranslation="PRC Envelope #6"/>
	<!--*** String To Translate ***--><ItemForTranslation ItemName="sp__PRC Envelope #6 Rotated" ItemTranslation="PRC Envelope #6 Rotated"/>
	<!--*** String To Translate ***--><ItemForTranslation ItemName="sp__PRC Envelope #7" ItemTranslation="PRC Envelope #7"/>
	<!--*** String To Translate ***--><ItemForTranslation ItemName="sp__PRC Envelope #7 Rotated" ItemTranslation="PRC Envelope #7 Rotated"/>
	<!--*** String To Translate ***--><ItemForTranslation ItemName="sp__PRC Envelope #8" ItemTranslation="PRC Envelope #8"/>
	<!--*** String To Translate ***--><ItemForTranslation ItemName="sp__PRC Envelope #8 Rotated" ItemTranslation="PRC Envelope #8 Rotated"/>
	<!--*** String To Translate ***--><ItemForTranslation ItemName="sp__PRC Envelope #9 Rotated" ItemTranslation="PRC Envelope #9 Rotated"/>
	<!--*** String To Translate ***--><ItemForTranslation ItemName="sp__Quarto" ItemTranslation="Quarto"/>
	<!--*** String To Translate ***--><ItemForTranslation ItemName="sp__Screen" ItemTranslation="Screen"/>
	<!--*** String To Translate ***--><ItemForTranslation ItemName="sp__Statement" ItemTranslation="Statement"/>
	<!--*** String To Translate ***--><ItemForTranslation ItemName="sp__Super A" ItemTranslation="Super A"/>
	<!--*** String To Translate ***--><ItemForTranslation ItemName="sp__Super B" ItemTranslation="Super B"/>
	<!--*** String To Translate ***--><ItemForTranslation ItemName="sp__US Std Fanfold" ItemTranslation="US Std Fanfold"/>
</LanguageOptions>
</Root>
