<?xml version="1.0" encoding="utf-8"?>
<Root>
- <!--
    <LanguageOptions xmlns="x-schema:LanguageSchema.xml" Name="English">
  -->
- <LanguageOptions Name="English"><!-- Text for Main(File Open)  dialog -->
		<ItemForTranslation ItemName="DoNoRecoverColumns" ItemTranslation="컬럼 무시하고 변환"/><!-- Button tooltips for main toolbar: {1} is replaced by the current hotkey for each -->
		<ItemForTranslation ItemName="ToolTips1010" ItemTranslation="옵션"/>
		<ItemForTranslation ItemName="ToolTips1011" ItemTranslation="도움말"/>
		<ItemForTranslation ItemName="ToolTips1012" ItemTranslation="변환"/>
		<ItemForTranslation ItemName="ToolTips1013" ItemTranslation="나가기"/>
		<ItemForTranslation ItemName="ToolTips1014" ItemTranslation="Pdf 파일 만들기"/>
		<ItemForTranslation ItemName="ToolTips1500" ItemTranslation="선택하면 컬럼을 인식하지 않고 변환하게 됩니다. 아트웍이나 테이블이 있는 경우에 유용합니다."/>
		<ItemForTranslation ItemName="ToolTips1501" ItemTranslation="선택하면 컬럼을 인식하며 변화되며 문서의 문자열이나 기타 설정을 그대로 유지시키며 변환 시킵니다."/>
        <!--*** String To Translate ***--><ItemForTranslation ItemName="ToolTips1502"                             ItemTranslation="Table detection applies when page layout is recognized using flowing or continuous reconstruction mode."/>
		<!--*** String To Translate ***--><ItemForTranslation ItemName="ToolTips1503" ItemTranslation="Select No to convert all pages or Yes to be prompted to convert a specific page range."/>
		<ItemForTranslation ItemName="TBOptions" ItemTranslation="옵션"/>
		<ItemForTranslation ItemName="TBHelp" ItemTranslation="도움말"/>
		<ItemForTranslation ItemName="TBConvert" ItemTranslation="변환"/>
		<ItemForTranslation ItemName="TBExit" ItemTranslation="종료"/>
		<ItemForTranslation ItemName="TBSave" ItemTranslation="만들기"/><!-- Text for Options dialog -->
		<ItemForTranslation ItemName="$applicationname Options" ItemTranslation="{applicationname}옵션"/>
		<ItemForTranslation ItemName="ProgramOptions" ItemTranslation="프로그램 옵션"/>
		<ItemForTranslation ItemName="LaunchViewer" ItemTranslation="뷰어 실행"/>
		<ItemForTranslation ItemName="ForSingleFile" ItemTranslation="하나의 파일에만 적용"/>
		<ItemForTranslation ItemName="ForMultipleFiles" ItemTranslation="모든 변환 파일에 적용"/>
		<ItemForTranslation ItemName="TargetPath" ItemTranslation="경로"/>
		<ItemForTranslation ItemName="TargetFormat" ItemTranslation="파일 형식"/>
		<ItemForTranslation ItemName="Language" ItemTranslation="언어"/>
		<ItemForTranslation ItemName="CloseProgressDlg" ItemTranslation="변환 과정 항상 보이게"/>
		<ItemForTranslation ItemName="RestoreDefaults" ItemTranslation="기본설정 초기화"/>
		<ItemForTranslation ItemName="PromptForPages" ItemTranslation="페이지 범위 설정 프람프트"/>
		<ItemForTranslation ItemName="CharSpacing" ItemTranslation="문자간격 유지"/>
		<ItemForTranslation ItemName="ShowWizard" ItemTranslation="마법사 사용"/>
		<ItemForTranslation ItemName="ExtractText" ItemTranslation="Extract text"/>
		<ItemForTranslation ItemName="LineLength" ItemTranslation="Line length"/><!-- <ItemForTranslation ItemName="Columns Recovery"         ItemTranslation="Columns Recovery"/> -->
		<ItemForTranslation ItemName="FilterOptions" ItemTranslation="필터옵션"/><!--
                    <ItemForTranslation ItemName="Image Anchoring"          ItemTranslation="Image Anchoring"/>
                    <ItemForTranslation ItemName="Automatic"                ItemTranslation="Automatic"/>
                    <ItemForTranslation ItemName="Paragraph"                ItemTranslation="Paragraph"/>
                    <ItemForTranslation ItemName="Page"                     ItemTranslation="Page"/>
                -->
		<!-- Errors -->
		<!-- Descriptions for Options dialog -->
		<ItemForTranslation ItemName="ProgramOptionsDescription" ItemTranslation="{applicationname}를 다음의 옵션으로 설정합니다."/>
		<ItemForTranslation ItemName="LaunchViewerDescription" ItemTranslation="변환 후 자동으로 RTF파일을 열게 설정하는 옵션."/>
		<ItemForTranslation ItemName="CloseWindowDescription" ItemTranslation="변환 과정이 보이게 변환창을 항상 열어놓도록 설정합니다."/>
		<ItemForTranslation ItemName="TargetPathDescription" ItemTranslation="변환된 파일의 저장 경로를 선택하는 옵션."/>
		<ItemForTranslation ItemName="DefaultFilterDescription" ItemTranslation="워드의 DOC파일은 엠베디드 폰트를 지원합니다. RTF파일은 윈도우는 물론 매킨토시나 유닉스드에서 열어볼 수 있으며 TXT파일은 이미지나 문서형식을 저장 할 수 없습니다."/>
		<ItemForTranslation ItemName="LanguageDescription" ItemTranslation="{applicationname}의 사용언어를 선택하십시오."/>
		<ItemForTranslation ItemName="ShowWizardDescription" ItemTranslation="마법사를 사용하여 설정."/>
		<ItemForTranslation ItemName="FilterOptionsDescription" ItemTranslation="{applicationname}을 설정."/>
		<ItemForTranslation ItemName="PDFFilterDescription" ItemTranslation="{applicationname}을 설정."/>
		<ItemForTranslation ItemName="PDFFilterPromptForPagesDescription" ItemTranslation="전체가 아닌 일부 페이지를 변환 시키려면 이 옵션을 선택해야 합니다."/>
		<ItemForTranslation ItemName="PDFFilterColumnsRecoveryDescription" ItemTranslation="컬럼 설정. 컬럼을 무시하거나 원본 컬럼 설정 그대로 RTF파일로 변환/저장합니다."/>
		<ItemForTranslation ItemName="PDFFilterCharSpacingDescription" ItemTranslation="PDF파일의 문자 간격을 그대로 유지."/>
		<ItemForTranslation ItemName="PDFFilterImagesAnchoringDescription" ItemTranslation="문서에 있는 특정된 이미지를 제거하려면 이미지 제거를 선택하십시오. 자동 고정을 선택하면 모든 이미지를 인라인 고정, 단락 고정 또는 페이지 고정으로 변환시킬 수 있습니다."/>
		<ItemForTranslation ItemName="ExtractTextDescription" ItemTranslation="Configure text extraction options."/>
		<ItemForTranslation ItemName="LineLengthDescription" ItemTranslation="Type the maximum number of characters to display in each line of your output document."/><!-- Text for Progress dialog -->
		<ItemForTranslation ItemName="FileName" ItemTranslation="파일 이름"/>
		<ItemForTranslation ItemName="Source" ItemTranslation="소스"/>
		<ItemForTranslation ItemName="Destination" ItemTranslation="결과물"/>
		<ItemForTranslation ItemName="Status" ItemTranslation="상태"/>
		<ItemForTranslation ItemName="Description" ItemTranslation="설명"/>
		<ItemForTranslation ItemName="ButtonStateClose" ItemTranslation="닫기"/>
		<ItemForTranslation ItemName="StatusStringCompleted" ItemTranslation="파일변환 완료."/>
		<ItemForTranslation ItemName="StatusStringCanceled" ItemTranslation="변환 취소."/>
		<ItemForTranslation ItemName="StatusStringCompletedWithFault" ItemTranslation="변환 실패."/>
		<ItemForTranslation ItemName="Converting" ItemTranslation="변환 중..."/>
		<ItemForTranslation ItemName="General" ItemTranslation="일반사항"/>
		<ItemForTranslation ItemName="Details" ItemTranslation="세부사항"/>
		<ItemForTranslation ItemName="Conversion Progress" ItemTranslation="변환 진척율"/><!-- Error codes -->
		<ItemForTranslation ItemName="InternalError" ItemTranslation="내부 에러."/>
		<ItemForTranslation ItemName="InternalErrorDesc" ItemTranslation="내부 에러."/>
		<ItemForTranslation ItemName="Succeed" ItemTranslation="성공."/>
		<ItemForTranslation ItemName="SucceedDesc" ItemTranslation="성공."/>
		<ItemForTranslation ItemName="Canceled" ItemTranslation="취소됨."/>
		<ItemForTranslation ItemName="CanceledDesc" ItemTranslation="사용자가 취소시킴."/>
		<ItemForTranslation ItemName="BadData" ItemTranslation="데이터에 문제가 있음."/>
		<ItemForTranslation ItemName="BadDataDesc" ItemTranslation="파일 내용에 문제가 있음."/>
		<ItemForTranslation ItemName="IOError" ItemTranslation="IO 에러."/>
		<ItemForTranslation ItemName="IOErrorDesc" ItemTranslation="소스파일을 열 수 없음."/>
		<ItemForTranslation ItemName="FileHasCopyPtotection" ItemTranslation="저작권 문제로 변환 불가능함."/>
		<ItemForTranslation ItemName="FileHasCopyPtotectionDesc" ItemTranslation="저작권 문제로 변환 불가능함."/>
		<ItemForTranslation ItemName="InvalidPagesRange" ItemTranslation="변환할 페이지 설정에 오류가 있음."/>
		<ItemForTranslation ItemName="InvalidPagesRangeDesc" ItemTranslation="변환할 페이지 설정에 오류가 있음."/>
		<ItemForTranslation ItemName="InvalidArgumentsDesc" ItemTranslation="IO 에러."/>
		<ItemForTranslation ItemName="Internal program error" ItemTranslation="프로그램 내부 에러"/><!-- messages -->
		<ItemForTranslation ItemName="OverwriteOptions" ItemTranslation="기본설정으로 초기화 합니다. 현재 사용자 설정이 모두 초기화 됩니다. 초기화 하시겠습니까?"/>
		<ItemForTranslation ItemName="FileNotFound" ItemTranslation="{1} {n}파일을 찾을 수 없습니다.{n}찾으려는 파일 이름이 맞는지 다시 확인하십시오."/>
		<!--*** String To Translate ***--><ItemForTranslation ItemName="FileCantBeReplaced" ItemTranslation="{n}Output file cannot be overwritten.{n}The file is locked by an application (Open in Word?) or protected from deletion.{n}Please unlock the file or change the target file name."/>
		<ItemForTranslation ItemName="STR_END_IS_GREAT" ItemTranslation="시작 페이지는 끝나는 페이지와 같거나 커야 합니다."/>
		<ItemForTranslation ItemName="STR_INVALID_NUM" ItemTranslation="숫자를 입력해야 하며 반드시 0보다 커야 합니다."/><!-- Stop Convert Dlg -->
		<ItemForTranslation ItemName="CancelConversionMessage" ItemTranslation="파일 변환을 취소하시겠습니까?"/><!-- Progress bar -->
		<ItemForTranslation ItemName="ConversionLogMessage" ItemTranslation="변환 로그파일"/>
		<ItemForTranslation ItemName="StartingConversionMessage" ItemTranslation="------- 변환 시작되었음: {1} -------"/>
		<ItemForTranslation ItemName="FileConversionMessage" ItemTranslation="파일 변환중:"/>
		<ItemForTranslation ItemName="ElapsedMessage" ItemTranslation="변환 마침. 변환 소요 시간: {1}"/>
		<ItemForTranslation ItemName="ReportMessage" ItemTranslation="{n}{1}페이지부터 {2} 페이지까지 변환되었음."/>
		<ItemForTranslation ItemName="ImageNotFound" ItemTranslation="문서 안에 이미지가 없습니다."/>
		<ItemForTranslation ItemName="FailedSaveImage" ItemTranslation="{1}에 이미지 저장 실패"/>
		<!--*** String To Translate ***--><ItemForTranslation ItemName="ConversionFailedMessage" ItemTranslation="Conversion failed on page {1}."/>
		<ItemForTranslation ItemName="DaysFormat" ItemTranslation="{1} 일"/>
		<ItemForTranslation ItemName="HoursFormat" ItemTranslation="{1} 시간"/>
		<ItemForTranslation ItemName="DayFormat" ItemTranslation="{1} 일"/>
		<ItemForTranslation ItemName="HourFormat" ItemTranslation="{1} 시간"/>
		<ItemForTranslation ItemName="MinutesFormat" ItemTranslation="{1} 분"/>
		<ItemForTranslation ItemName="MinuteFormat" ItemTranslation="{1} 분"/>
		<ItemForTranslation ItemName="SecondsFormat" ItemTranslation="{1} 초"/>
		<ItemForTranslation ItemName="SecondFormat" ItemTranslation="{1} 초"/><!-- RTF filter message -->
		<ItemForTranslation ItemName="OutputPathMessage" ItemTranslation="결과물이 {1}에 저장되었습니다."/>
		<ItemForTranslation ItemName="WritingFileMessage" ItemTranslation="{1}파일을 저장 중..."/><!-- PDF filter messsages -->
		<ItemForTranslation ItemName="PDFPreScanInfoText" ItemTranslation="{1} 파일을 찾는 중..."/>
		<ItemForTranslation ItemName="PDFLoadingInfoText" ItemTranslation="{1} 파일을 여는 중..."/>
		<ItemForTranslation ItemName="FractionalFontSize" ItemTranslation="원본 파일에 소수점이하 크기의 폰트가 사용되었습니다.{n}변환된 파일은 0.5의 배수로만 폰트의 크기를 지원합니다."/>
		<ItemForTranslation ItemName="FontHeadMessage" ItemTranslation="폰트 {1} 경고(s):"/>
		<ItemForTranslation ItemName="FontSubstMessage" ItemTranslation="{1}폰트가 대체되었습니다."/>
		<ItemForTranslation ItemName="FontEmbedMessage" ItemTranslation="{1} 폰트가 데이터에 임베디드 되어 있습니다."/>
		<ItemForTranslation ItemName="DifferentLookingWarning" ItemTranslation="변환된 결과물이 ...때문에 원본과 다르게 보일 수 있습니다.:"/>
		<ItemForTranslation ItemName="FontEmbedWarning" ItemTranslation="원본 파일에 임베디드 폰트가 존재합니다."/>
		<ItemForTranslation ItemName="FontNotBuiltInWarning" ItemTranslation="원본 파일에 빌트인된 폰트가 없습니다."/>
		<ItemForTranslation ItemName="EvaluationInfoMessage" ItemTranslation="평가판: 사용 기능이 제한되어 있습니다."/><!--
                Text1 :
                    Thank you for trying SolidConverter PDF.
                    The trial version of this product only converts 10% of your document, with a 10 page maximum.
                    Please register SolidConverter PDF to remove this restriction.
                 -->
		<ItemForTranslation ItemName="EvaluationMessage1" ItemTranslation="{applicationname} 평가판을 사용해 주셔서 감사합니다.{n} 평가판은 전체 대상 파일의 10%만을 변화 시킬 수 있으며 한번에 10페이지 이상 변환이 불가능합니다. {n} 평가판이 가진 제한을 풀기위해서는 {link:applicationpurchaseurl}{applicationname}{/link}에서 정품을 구매하여 등록 코드를 부여 받으셔야 합니다.{n}"/><!--
                Text2 (contain some parts from Text1 ) :
                    Thank you for trying SolidConverter PDF.{n}
                    The trial version of this product only converts 10% of your document, with a 10 page maximum.{n}
                    For this conversion, SolidConverter PDF converted 1 of 1 pages.{n}
                    Please register SolidConverter PDF at http://www.solidpdf.com to remove this restriction.{n}
                 -->
		<ItemForTranslation ItemName="EvaluationMessage2" ItemTranslation="{applicationname}평가판을 사용해 주셔서 감사합니다. {pb/}평가판은 전체 대상 파일의 10%만을 변화 시킬 수 있으며 한번에 10페이지 이상 변환이 불가능합니다. {pb/}이번 변환에서는 {applicationname}이 {2} 페이지 중 {1} 만을 변환 시켰습니다.{pb/}{b}평가판이 가진 제한을 풀기 위해서는 정품 {color}{applicationname}{/color}를 {applicationpurchaseurl}에서 구매하여 등록 코드를 부여 받으셔야 합니다.{/b}"/><!-- Promt for password -->
		<ItemForTranslation ItemName="Enter password" ItemTranslation="패스워드 입력"/>
		<ItemForTranslation ItemName="This file is protected." ItemTranslation="암호로 보호된 문서입니다."/>
		<ItemForTranslation ItemName="Password:" ItemTranslation="패스워드:"/>
		<ItemForTranslation ItemName="Invalid Password." ItemTranslation="패스워드가 정확치 않음."/>
		<ItemForTranslation ItemName="You don't have permissions for extract operation." ItemTranslation="파일을 변환 시킬 수 있는 권한이 없습니다.."/><!-- Promt for pages -->
		<ItemForTranslation ItemName="Convert Pages" ItemTranslation="변환 페이지"/>
		<ItemForTranslation ItemName="All %d pages" ItemTranslation="전체 {1} 페이지"/>
		<ItemForTranslation ItemName="Pages From:" ItemTranslation="시작 페이지:"/>
		<ItemForTranslation ItemName="To:" ItemTranslation="끝나는 페이지:"/>
		<ItemForTranslation ItemName="The starting page must be less than or the same as the ending page number." ItemTranslation="변환 시작 페이지는 끝나는 페이지와 같거나 작아야 합니다."/>
		<ItemForTranslation ItemName="There is no page numbered '{1}' in this document." ItemTranslation="문서 안에 선택하신 '{1}'페이지가 없슴니다."/><!-- Wizard: Page Range -->
		<ItemForTranslation ItemName="PageRange" ItemTranslation="변환범위"/>
		<ItemForTranslation ItemName="AllPages" ItemTranslation="전체"/>
		<ItemForTranslation ItemName="Pages" ItemTranslation="페이지"/>
		<ItemForTranslation ItemName="From:" ItemTranslation="시작:"/>
		<ItemForTranslation ItemName="extractpagerange" ItemTranslation="범위 설정"/>
		<ItemForTranslation ItemName="convertpagerange" ItemTranslation="변환범위 설정"/><!-- V2.1 TEXT
                 ItemForTranslation     ItemName="SolidConverterPDFUsage" ItemTranslation="Usage: SolidConverterPDF.exe [/h] /i Input [/o Output] [/w argument] [/y | /n] [/c] [/s] [/a argument] [/f argument] [/p xxx[-yyy]] {n}{n}{t}/h  {t}Displays this help. {n}{n}{t}/i  {t}Specifies the file or files to be converted. {n}{n}{t}/o  {t}Specifies the file name or directory for the new file(s). {n}{n}{t}/w  {t}Silent mode (hide progress dialog is default). {n}{n}{t}{t}  argument:  + : Always show progress dialog (/w +). {n}{n}{t}{t}      {t}     x : Automatically close progress dialog if successful (/w x). {n}{n}{t}/y  {t}Force overwriting of existing files (prompt to overwrite is default). {n}{n}{t}/n  {t}Force converter to not overwrite exiting files (no conversion if output file exists). {n}{n}{t}/c  {t}Don't detect columns (detect columns is default). {n}{n}{t}/f  {t}Format options (the default is Flowing.){n}{t}{t}If this parameter exists, /c parameter is ignored. {n}{n}{t}{t}  argument:   tabl : Tables (/f tabl). {n}{n}{t}{t}      {t}     cont : Continuous (/f cont). {n}{n}{t}{t}      {t}      txt : Text (/f txt). {n}{n}{t}{t}      {t}      exact : Exact (/f exact). {n}{n}{t}                /s  {t}Ignore character spacing (keep character spacing is default). {n}{n}{t}                /a  {t}                Image anchoring (the default is automatic). {n}{n}{t}{t}                  argument:   g : page anchoring (/a g). {n}{n}{t}{t}      {t}      p : paragraph anchoring (/a p). {n}{n}{t}{t}      {t}      r : remove images (/a r). {n}{n}{t}{t}      {t}      x : extract images (/a x)                 {n}{n}{t}/p  {t}Page conversion (/p xxx-yyy): {n}{n}{t}{t}  xxx : is starting page number and must be greater than 0. {n}{n}{t}{t}  yyy : is ending page number and must be greater or equal to xxx. {n}"/
                -->
		<!-- V2.0 TEXT -->
		<ItemForTranslation ItemName="help_dlg_title" ItemTranslation="{applicationname} 도움말"/>
		<ItemForTranslation ItemName="SolidConverterPDFUsage" ItemTranslation="사용법: SolidConverterPDF.exe [/h] /i 입력 [/o 출력] [/w 함수인자(argument)] [/y | /n] [/c] [/s] [/a 함수인자(argument)] [/f 함수인자(argument)] [/p xxx[-yyy]] {n}{n}{t}/h {t}도움말 표시.{n}{n}{t}/i {t}변환하려는 파일을 지정하시오. {n}{n}{t}/o {t}변환되어 저장할 파일의 이름이나 경로를 지정하시오. {n}{n}{t}/w {t}변환과정 비활성화(변환 진행 프로그레스바 화면이 보이지 않게된다). {n}{n}{t}{t} 함수인자(argument): + : 변환 진행 상태를 항상 보이게 (/w +). {n}{n}{t}{t} {t} x : 변환이 끝나면 자동으로 화면을 닫음 (/w x). {n}{n}{t}/y {t}같은 이름의 기존 파일을 덮어쓰게 설정 (덮어쓰기 확인창은 기본으로 뜸). {n}{n}{t}/n {t}같은 이름의 기존파일이 있을 경우 덮어쓰지 않되게 설정 (같은 이름의 파일이 있을 경우 변환 자체가 일어나지 않음). {n}{n}{t}/c {t}컬럼을 인식하지 않음(기본설정은 컬럼 인식하게). {n}{n}{t}/f {t}문서형식 옵션 {n}{t}{t}이 매개변수가 존재하는 경우, /c 매개변수 무시됨. {n}{n}{t}{t} 함수인자(argument): tabl : 표 (/f tabl). {n}{n}{t}{t} {t} cont : 연속 (/f cont). {n}{n}{t}{t} {t} txt : 텍스트 (/f txt). {n}{n}{t}{t} {t} exact : 트루 페이지 (/f exact). {n}{n}{t}/s {t}문자 간격 무시. {n}{n}{t}/a {t}이미지 변환 (기본은 자동으로 설정됨). {n}{n}{t}{t} 함수인자(argument): g : 페이지 고정 (/a g). {n}{n}{t}{t} {t} p : 단락 고정 (/a p). {n}{n}{t}{t} {t} r : 이미지 제거 (/a r). {n}{n}{t}/p {t}페이지변환 (/p xxx-yyy): {n}{n}{t}{t} xxx : 시작 페이지는 반드시 0보다 커야함. {n}{n}{t}{t} yyy : 끝나는 페이지는 반드시 시작페이지 xxx보다 크거나 같아야 함."/>
		<ItemForTranslation ItemName="SolidConverterPDFUsageHead" ItemTranslation="사용법:"/>
		<!--*** String To Translate ***--><ItemForTranslation ItemName="SolidConverterPDFUsageCmdString" ItemTranslation="[/h] /i Input [/o Output] [/w argument] [/y | /n] [/c argument]{n} [/f argument] [/s] [/a argument] [/p xxx[-yyy]{n}[/pwd [&quot;password&quot;]]]"/>
		<!--*** String To Translate ***--><ItemForTranslation ItemName="SolidConverterPDFUsageCmdString_lite" ItemTranslation="[/h] /i Input [/o Output] [/w argument] [/y | /n] [/c argument]{n} [/f argument] [/s] [/p xxx[-yyy]]{n}[/pwd [&quot;password&quot;]] "/>
		<ItemForTranslation ItemName="ArgumentStr" ItemTranslation="함수인자(argument):"/>
		<ItemForTranslation ItemName="ParametersStr" ItemTranslation="파라미터:"/>
		<ItemForTranslation ItemName="hDescription" ItemTranslation="도움말 표시."/>
		<ItemForTranslation ItemName="iDescription" ItemTranslation="변환하려는 파일 선택."/>
		<ItemForTranslation ItemName="oDescription" ItemTranslation="새로운 파일의 이름이나 폴더를 선택."/>
		<ItemForTranslation ItemName="wDescription" ItemTranslation="과정이 보이지 않게."/>
		<ItemForTranslation ItemName="wArguments" ItemTranslation="+ : 변환과정을 항상 보이게 (/w +).{n}x : 변환이 끝나면 자동으로 창이 닫힘 (/w x)."/>
		<ItemForTranslation ItemName="yDescription" ItemTranslation="기존 파일을 덮어 씌움."/>
		<ItemForTranslation ItemName="nDescription" ItemTranslation="기존 파일을 덮어 씌우지 않음."/>
		<ItemForTranslation ItemName="cDescription" ItemTranslation="포맷옵션 (기본값은 플로잉 페이지.)"/>
		<ItemForTranslation ItemName="cArguments" ItemTranslation="tabl : 표 (/c tabl).{n}cont : 계속 (/c cont).{n}txt : 텍스트 (/c txt).{n}exact : 트루 페이지 (/c exact).{n}x : 이미지만 추출(/c x)"/><ItemForTranslation ItemName="cArguments_lite" ItemTranslation="txt : 텍스트 (/c txt)."/>
		<ItemForTranslation ItemName="sDescription" ItemTranslation="문자간격 무시(문자간격 유지는 기본)."/>
		<ItemForTranslation ItemName="aDescription" ItemTranslation="이미지 배치 모드 (기본은 자동으로 설정됨)."/>
		<ItemForTranslation ItemName="aArguments" ItemTranslation="g : 페이지 고정 (/a g).{n}p : 단락 고정 (/a p).{n}r : 이미지 제거 (/a r)."/>
		<ItemForTranslation ItemName="pDescription" ItemTranslation="페이지 변환 (/p xxx-yyy)"/>
		<ItemForTranslation ItemName="pArguments" ItemTranslation="xxx : 시작 페이지는 반드시 0보다 커야함.{n}yyy : 끝나는 페이지는 xxx와 같거나 커야한다. {n}"/>
		<ItemForTranslation ItemName="dDescription" ItemTranslation="머릿글 및 꼬릿글 처리 (기본값은 감지)"/>
		<ItemForTranslation ItemName="dArguments" ItemTranslation="r : 감지와 제거 (/d r){n}i : 무시하고문자로 변환(/d r)"/>
		<ItemForTranslation ItemName="tDescription" ItemTranslation="타겟 포맷(기본값은 프로그램 옵션으로 규정)"/>
		<!--*** String To Translate ***--><ItemForTranslation ItemName="tArguments" ItemTranslation="rtf    : Rich Text format (/f rtf){n}doc : Microsoft Word format (/f doc){n}wordml: Microsoft Word XML format"/>
		<ItemForTranslation ItemName="eDescription" ItemTranslation="인베디드 폰트 프로세싱(기본값 무시)"/>
		<ItemForTranslation ItemName="eArguments" ItemTranslation="s : 시스템에 설치 (/e s){n}e : 출력 문서로 인베드 {n} (마이크로소프트 워드 타켓 포맷에서만) (/e e)"/>
		<ItemForTranslation ItemName="pwdDescription" ItemTranslation="암호 옵션 (암호화된 파일은 무시하는 것이 기본값 입니다)"/>
		<ItemForTranslation ItemName="pwdArguments" ItemTranslation="잘못된 함수인자(argument): 각 암호화된 파일에 대해 암호 묻기 {n}&quot;암호&quot; : 따옴표 포함한 문자열. 암호화된 파일의 경우 사용. {n}빈 암호로 파일의 암호화 가능 - 이러한 경우 큰 따옴표(&quot;&quot;)만 사용"/><!-- -->
		<!-- V1.0 TEXT
                 ItemTranslation="Usage: SolidConverterPDF.exe [/h] /i Input [/o Output] [/w argument] [/y | /n] [/c] [/s] [/a argument]                         [/p xxx[-yyy]] {n}{n}{t}/h  {t}Displays this help. {n}{n}{t}/i  {t}Specifies the file or files to be converted. {n}{n}{t}/o  {t}Specifies the file name or directory for the new file(s). {n}{n}{t}/w  {t}Silent mode (hide progress dialog is default). {n}{n}{t}{t}  argument:  + : Always show progress dialog (/w +). {n}{n}{t}{t}      {t}     x : Automatically close progress dialog if successful (/w x). {n}{n}{t}/y  {t}Force overwriting of existing files (prompt to overwrite is default). {n}{n}{t}/n  {t}Force converter to not overwrite exiting files (no conversion if output file exists). {n}{n}{t}/c  {t}Don't detect columns (detect columns is default). {n}{n}{t}/s  {t}Ignore character spacing (keep character spacing is default). {n}{n}{t}/a  {t}Image anchoring (the default is automatic). {n}{n}{t}{t}  argument:   g : page anchoring (/a g). {n}{n}{t}{t}      {t}      p : paragraph anchoring (/a p). {n}{n}{t}/p  {t}Page conversion (/p xxx-yyy): {n}{n}{t}{t}  xxx : is starting page number and must be greater than 0. {n}{n}{t}{t}  yyy : is ending page number and must be greater or equal to xxx. {n}"/
                -->
		<ItemForTranslation ItemName="Source_File_Type_Filter" ItemTranslation="PDF 파일(*.pdf)|*.pdf||"/>
		<ItemForTranslation ItemName="RTF_Files_Filter" ItemTranslation="RTF 파일 (*.rtf)"/>
		<ItemForTranslation ItemName="DOC_Files_Filter" ItemTranslation="DOC 파일 (*.doc)"/>
		<ItemForTranslation ItemName="TXT_Files_Filter" ItemTranslation="TXT 파일 (*.txt)"/><!-- Warnings -->
		<ItemForTranslation ItemName="Warnings" ItemTranslation="경고"/>
		<ItemForTranslation ItemName="WarningsSetDescription" ItemTranslation="변환 작업시 원하는 경고 메시지 선택하기."/><!-- Options panel. Left column  -->
		<ItemForTranslation ItemName="VectorGrfWarning" ItemTranslation="벡터 그래픽"/><!-- Options panel. Description -->
		<ItemForTranslation ItemName="VectorGrfWarningDescription" ItemTranslation="아직 지원하지 않고 있는 벡터 그래픽을 지닌 파일을 변환할 경우에 경고 메시지 보여줌. 벡터 그래픽은 전환되지 않는다."/><!-- Warning text -->
		<ItemForTranslation ItemName="VectorGrfWarningText" ItemTranslation="아직 지원하지 않고 있는 백터 그래픽을 지닌 PDF 파일은 변환할 수 없습니다"/><!-- Options panel. Left column  -->
		<!--*** String To Translate ***--><ItemForTranslation ItemName="NoTextWarning" ItemTranslation="No text in File"/>
		<!-- Options panel. Description -->
		<ItemForTranslation ItemName="NoTextWarningDescription" ItemTranslation="변환된 파일에 텍스트가 없을 경우, 경고 메시지를 보여준다. 전체가 비트맵 이미지로 된 스캔받은 문서일 경우에 주로 발생합니다."/><!-- Warning text -->
		<ItemForTranslation ItemName="NoTextWarningText" ItemTranslation="이 파일은 텍스트가 없습니다. 모든 페이지가 비트맵 이미지로 된 스캔받은 문서일 경우에 주로 발생합니다."/>
		<!-- Options panel. Left column  -->
		<ItemForTranslation ItemName="HiddenTextWarning" ItemTranslation="Hidden text in File"/>
		<!-- Options panel. Description -->
		<ItemForTranslation ItemName="HiddenTextWarningDescription" ItemTranslation="Show this warning if there is a page with completely hidden(covered with graphics) text in the converted file. The most likely reason is that it is a scanned document which consists entirely of bitmap image pages and recognized text covered with this image (Searchable image)."/>
		<!-- Warning text -->
		<ItemForTranslation ItemName="HiddenTextWarningText" ItemTranslation="This file contains text under graphics(image). The most likely reason is that it is a scanned document which consists entirely of bitmap image pages and recognized text covered with this image (Searchable image)."/><!-- Options panel. Left column  -->
		<ItemForTranslation ItemName="SymbolicFontWarning" ItemTranslation="심볼 폰트"/><!-- Options panel. Description -->
		<ItemForTranslation ItemName="SymbolicFontWarningDescription" ItemTranslation="심볼 폰트와 같은 비표준화된 인코딩이 문서에 포함된 경우 이 에러 메시지가 나타남."/><!-- Warning text -->
		<ItemForTranslation ItemName="SymbolicFontWarningText" ItemTranslation="이 파일은 비표준화된 인코딩이 포함되어 있어, 제대로 실행되지 않을수 있습니다."/>
		<!-- Options panel. Left column  -->
		<ItemForTranslation ItemName="InsufficientOfficeVersionWarning" ItemTranslation="Microsoft Office 버전"/>
		<!-- Options panel. Description -->
		<ItemForTranslation ItemName="InsufficientOfficeVersionWarningDescription" ItemTranslation="설치돼 있는 Microsoft Office가 Office XP 보다 더 오래된 경우 이 경고 메시지가 나옴."/>
		<!-- Warning text -->
		<ItemForTranslation ItemName="InsufficientOfficeVersionWarningText" ItemTranslation="설치돼 있는 Microsoft Office가 Office XP 보다 더 오래된 것입니다. 파일을 변환할 수는 있으나 이 컴퓨터로 변환된 파일을 열지는 못합니다."/>
		<ItemForTranslation ItemName="{applicationname} Wizard ({1})" ItemTranslation="{applicationname} 마법사 ({1})"/>
		<ItemForTranslation ItemName="{applicationname} Settings ({1})" ItemTranslation="{applicationname} 세팅({1})"/><!-- v2.0 -->
		<ItemForTranslation ItemName="FormatingMode" ItemTranslation="재구성 모드"/>
		<ItemForTranslation ItemName="FormatingModeDescription" ItemTranslation="문서의 형태나 변환 목적에 따라 문서 재구성 모드는 레이아웃, 포맷팅 및 프로우 복구시 상당한 유연성을 보여줍니다."/>
		<ItemForTranslation ItemName="Do not recover columns" ItemTranslation="테이블"/>
		<ItemForTranslation ItemName="Detect and preserve columns" ItemTranslation="플로잉 페이지"/>
		<ItemForTranslation ItemName="Formatting_and_no_Layout" ItemTranslation="계속"/>
		<ItemForTranslation ItemName="No_Formatting_or_Layout" ItemTranslation="일반 텍스트"/>
		<ItemForTranslation ItemName="True_Page" ItemTranslation="트루 페이지"/>
		<ItemForTranslation ItemName="FM_FORMAT_LAYOUT_COLUMNS" ItemTranslation="플로잉 페이지 - 페이지 레이아웃, 컬럼, 포매팅,그래픽과 보존된 텍스트 플로우를 복구합니다."/>
		<ItemForTranslation ItemName="FM_FORMAT_LAYOUT" ItemTranslation="테이블 - 페이지 레이아웃, 포매팅,그래픽과 보존된 텍스트 플로우는 복구하지만, 컬럼들은 무시합니다."/>
		<ItemForTranslation ItemName="FM_FORMAT" ItemTranslation="계속 - 레이아웃과 컬럼은 인식만 할 수 있습니다. 복구는 포매팅, 그래픽과 텍스트 플로우에서만 가능합니다."/>
		<ItemForTranslation ItemName="FM_NONE" ItemTranslation="일반 텍스트 - 레이아웃과 컬럼은 인식만 할 수 있습니다. 복구는 포맷되지 않은 텍스트 플로우에서만 가능합니다."/>
		<ItemForTranslation ItemName="FM_TRUEPAGE" ItemTranslation="트루 페이지 - 마이크로소프트 워드의 텍스트 박스를 사용하는 확실한 페이지 프리젠테이션을 복구합니다."/>
		<ItemForTranslation ItemName="WA_CONVERT_WORD" ItemTranslation="PDF 문서 파일을 워드 파일로 변환"/>
		<ItemForTranslation ItemName="WA_EXTRACT_IMAGE" ItemTranslation="PDF 파일의 이미지 추출"/><!-- ExtractImage Message -->
		<ItemForTranslation ItemName="ExtractImageMessage" ItemTranslation="{3}페이지에서 {1}이미지가 {2} 추출되었습니다."/>
		<!--*** String To Translate ***--><ItemForTranslation ItemName="ImagesProcessing" ItemTranslation="Image Handling"/>
		<!--*** String To Translate ***--><ItemForTranslation ItemName="ImagesProcessingDescription" ItemTranslation="Select Remove Images to remove specific images from the document. You can also select Automatic Anchoring to convert all images to inline anchoring, Anchor to Paragraph, or Anchor to Page."/>
		<ItemForTranslation ItemName="RemoveImage" ItemTranslation="이미지 제거"/>
		<ItemForTranslation ItemName="RemoveImages" ItemTranslation="인라인 이미지 제거"/>
		<ItemForTranslation ItemName="Remove_Images" ItemTranslation="이미지 제거"/>
		<ItemForTranslation ItemName="Remove_Inline_Images" ItemTranslation="인라인 이미지 제거"/>
		<ItemForTranslation ItemName="RemoveAllImages" ItemTranslation="모든 이미지 제거"/>
		<ItemForTranslation ItemName="RemoveAllImagesExceptInline" ItemTranslation="이미지 제거(인라인 이미지는 제외)"/>
		<ItemForTranslation ItemName="AnchoringAutomatic" ItemTranslation="자동 고정"/>
		<ItemForTranslation ItemName="AnchoringParagraph" ItemTranslation="컬럼으로 고정"/>
		<ItemForTranslation ItemName="AnchoringPage" ItemTranslation="페이지로 고정"/>
		<ItemForTranslation ItemName="RemoveImagePrompt1" ItemTranslation="레이아웃이 보존되어 있지 않을 경우, 인라인 이미지만 복구할 수 있습니다.{n}이 옵션으로 또한 인라인 이미지만을 제거할 수 있습니다."/>
		<ItemForTranslation ItemName="RemoveImagePrompt2" ItemTranslation="레이아웃이 보존되어 있으면, 인라인 이미지들을 언제나 복구할 수 있습니다.{n}이 옵션으로 인라인에 없는 이미지를 제공, 고정할 수 있습니다."/>
		<ItemForTranslation ItemName="SaveEmbededFont" ItemTranslation="인베디드 폰트 변환하기"/>
		<ItemForTranslation ItemName="SaveEmbededFontDescription" ItemTranslation="인베디드 폰드들은 .doc 파일로 변환될 수도 있을 것 입니다. 당신은 모든 투루타입 폰트와 비표준화된 인코딩 폰드도 선택하여 변환할 수 있습니다."/>
		<ItemForTranslation ItemName="EmbedNone-standardEncoding" ItemTranslation="비표준화된 인코딩 트루 타입 폰트 인베드"/>
		<ItemForTranslation ItemName="EmbedAllTrueType" ItemTranslation="모든 트루 타입 폰트 인베드"/>
		<ItemForTranslation ItemName="DoNotEmbed" ItemTranslation="폰트 인베드 안하기"/>
		<ItemForTranslation ItemName="InstallEmbededFont" ItemTranslation="인베디드 폰드 설치하기"/>
		<ItemForTranslation ItemName="InstallEmbededFontDescription" ItemTranslation="PDF 파일로 인베디드된 트루타입과 타입1 폰트들은 옵션으로 PC에 설치될 수 있습니다."/>
		<ItemForTranslation ItemName="HeadersAndFooters" ItemTranslation="머릿글 및 꼬릿글"/>
		<ItemForTranslation ItemName="PDFFilterHeadersAndFootersDescription" ItemTranslation="{applicationname}은 머릿글과 꼬릿글을 복구, 제거할 수 있습니다."/>
		<ItemForTranslation ItemName="Detect" ItemTranslation="감지와 복구"/>
		<ItemForTranslation ItemName="DetectAndRemove" ItemTranslation="감지와 제거"/>
		<ItemForTranslation ItemName="DoNotDetect" ItemTranslation="감지하지 않음"/>
		<ItemForTranslation ItemName="ExtractImageFilter" ItemTranslation="이미지 추출 구성하기"/>
		<ItemForTranslation ItemName="ExtractImageFilterDescription" ItemTranslation="이미지 추출은 문서 변환과 함께 {applicationname}의 또 다른 특징입니다. 특정한 구성을 선택할 수 있다는 것도 이미지 추출의 특징입니다."/>
		<ItemForTranslation ItemName="ImageTargetType" ItemTranslation="이미지 포맷"/>
		<ItemForTranslation ItemName="ImageTargetTypeDescription" ItemTranslation="PDF 파일에서 이미지를 추출할때, 이미지를 다른 포맷으로 저장할 수 있습니다."/>
		<ItemForTranslation ItemName="KeepSourceFormat" ItemTranslation="&gt;소스 포맷 유지하기&lt;"/>
		<ItemForTranslation ItemName="bmp" ItemTranslation="BMP"/>
		<ItemForTranslation ItemName="jpg" ItemTranslation="JPG"/>
		<ItemForTranslation ItemName="png" ItemTranslation="PNG"/>
		<ItemForTranslation ItemName="tif" ItemTranslation="TIF"/>
		<ItemForTranslation ItemName="ImageColorDepth" ItemTranslation="이미지 컬러 설정하기"/>
		<ItemForTranslation ItemName="ImageColorDepthDescription" ItemTranslation="PDF 문서에서 이미지를 추출한 후, 추출한 이미지를 원래 이미지와 다른 컬러 설정값으로도 저장할 수 있습니다."/>
		<ItemForTranslation ItemName="KeepSourceColorDepth" ItemTranslation="&gt;원래 컬러 설정값 유지&lt;"/>
		<ItemForTranslation ItemName="1_bit_per_pixel_Monochrome" ItemTranslation="1 비트 픽셀 모노크롬"/>
		<ItemForTranslation ItemName="8_bits_per_pixel_Grayscale" ItemTranslation="8 비트 픽셀 그레이스케일"/>
		<ItemForTranslation ItemName="8_bits_per_pixel_Color" ItemTranslation="8 비트 픽셀 컬러"/>
		<ItemForTranslation ItemName="16_bits_per_pixel_Color" ItemTranslation="16 비트 픽셀 컬러"/>
		<ItemForTranslation ItemName="24_bits_per_pixel_Color" ItemTranslation="24 비트 픽셀 컬러"/>
		<ItemForTranslation ItemName="Convert_Through_Wizard" ItemTranslation="마법사를 사용하여 변환..."/>
		<ItemForTranslation ItemName="Save_As_DOC" ItemTranslation="DOC로 저장"/>
		<ItemForTranslation ItemName="Save_As_RTF" ItemTranslation="RTF로 저장"/>
		<ItemForTranslation ItemName="Extract_Images" ItemTranslation="이미지 추출"/>
		<ItemForTranslation ItemName="Extract_Images_Through_Wizard" ItemTranslation="마법사를 사용하여 이미지 추출..."/><!-- Wizard: -->
		<ItemForTranslation ItemName="Browse" ItemTranslation="찾아보기..."/>
		<ItemForTranslation ItemName="Next &gt;" ItemTranslation="다음 &gt;"/>
		<ItemForTranslation ItemName="Last &gt;&gt;" ItemTranslation="끝 &gt;&gt;"/>
		<ItemForTranslation ItemName="&lt; Previous" ItemTranslation="&lt; 이전"/><!-- Wizard: Layout nd Formatting page-->
		<ItemForTranslation ItemName="Layout_and_Formatting" ItemTranslation="레이아웃과 포매팅"/>
		<ItemForTranslation ItemName="Choose_Reconstruction_Mode" ItemTranslation="PDF파일에 가장 적절한 재구성 모드 선택하기:"/><!-- Wizard: Image Recovery page-->
		<ItemForTranslation ItemName="Image_Recovery" ItemTranslation="이미지 조작"/><!-- Wizard: Char spacing page-->
		<ItemForTranslation ItemName="Custom_Character_Spacing" ItemTranslation="PDF 커스톰 문자 간격"/>
		<ItemForTranslation ItemName="Custom_Character_Spacing_Prompt" ItemTranslation="페이지 레이아웃이 보존되어 있다면, PDF 파일의 커스톰 문자 간격과 폭을 그대로 유지하도록 선택합니다. 이것이 정확한 페이지 레이아웃을 그대로 보존하는데 이상적인 방법이기 때문입니다."/>
                <!-- Wizard: Detect Tables page-->
                <!--*** String To Translate ***--><ItemForTranslation ItemName="Custom_DetectTables_Spacing"                  ItemTranslation="Table Detection"/>
                <!--*** String To Translate ***--><ItemForTranslation ItemName="Custom_Detect_Tables_Prompt"	            ItemTranslation="Table detection applies when page layout is recognized using flowing or continuous reconstruction mode. This option is ideal for text documents but not for brochures."/>

<!-- Wizard: Document Format and Output Path page-->
		<ItemForTranslation ItemName="Document_Format" ItemTranslation="문서 포맷과 출력 경로"/>
		<ItemForTranslation ItemName="Document_Format_Prompt" ItemTranslation="출력 파일 포맷 선택. 포맷되지 않은 텍스트(.txt)는 복잡한 포맷팅과 페이지 레이아웃 모드에서 지원되지 않는다."/>
		<ItemForTranslation ItemName="DOC_Format_Choice" ItemTranslation="마이크로소프트 워드 바이너리.doc 포맷 (임베디드 폰트 기능 지원)"/>
		<ItemForTranslation ItemName="RTF_Format_Choice" ItemTranslation="마이크로소프트 워드 리치 텍스트 포맷(.rtf)"/>
		<ItemForTranslation ItemName="TXT_Format_Choice" ItemTranslation="포맷안된 UTF-8 텍스트 (.txt)"/>
		<ItemForTranslation ItemName="WORDML_Format_Choice" ItemTranslation=" Microsoft Word WordML 포맷 (.xml)"/>
		<ItemForTranslation ItemName="DestinationPrompt" ItemTranslation="{n}변환 작업한 파일의 저장 위치를 선택하고, 마이크로소프트 워드로 변환된 문서를 연다."/>
		<ItemForTranslation ItemName="Save_File_To" ItemTranslation="파일 저장하기:"/>
		<ItemForTranslation ItemName="Open_For_Editing" ItemTranslation="편집하기 위해 변환된 문서 열기."/><!-- Wizard: Font Embedding/installing page-->
		<ItemForTranslation ItemName="Embedding_Installing_Fonts" ItemTranslation="폰트 인베딩하고, 설치하기"/>
		<ItemForTranslation ItemName="Embed_Font_Prompt" ItemTranslation="PDF 파일에는 당신의 PC에는 없는 폰트가 있을 수 있습니다. 변환된 문서에서 이러한 폰트들을 선택해 임베드할 수 있습니다. 그러기 위해서는 이전 마법사 화면에 가서 마이크로소프트의 바이너리.doc 포맷을 선택해야 합니다.{n}{n}폰트를 임베딩하면 변환된 문서 크기가 커집니다."/>
		<ItemForTranslation ItemName="Install_Fonts_Prompt" ItemTranslation="{n}표준화된 윈도우즈 폰트가 아닌 다른 폰트들이 종종 PDF 문서에 인베드되어 있습니다. PDF 파일에 있는 비표준화된 폰트들을 선택해 PC에 설치하면, 변환된 문서에서 비표준화된 폰트들을 임베딩할 필요가 없습니다."/><!-- Wizard: Headers & footers page-->
		<ItemForTranslation ItemName="HeadersAndFootersPrompt" ItemTranslation="{applicationname}은 머릿글과 꼬릿글을 복구 또는 제거할 수 있습니다. 페이지 레이아웃은 복구 옵션에서도 그대로 보존됩니다."/><!-- Wizard: Finish: Convert Document page-->
		<ItemForTranslation ItemName="FinishPage" ItemTranslation="끝: 문서 변환"/>
		<ItemForTranslation ItemName="FinishPagePrompt" ItemTranslation="변환 선택은 아래 그림을 참조하십시오. 이전 버튼을 사용하면 변환 작업이 진행됩니다.{n}변환 작업을 마칠려면 마침을 누르십시오."/><!-- Duplicate -->
		<ItemForTranslation ItemName="FormatingMode:" ItemTranslation="재구성 모드:"/><!-- Duplicate -->
		<ItemForTranslation ItemName="Image_Recovery:" ItemTranslation="이미지 복구:"/>
		<ItemForTranslation ItemName="Character_Spacing:" ItemTranslation="문자 간격:"/>
		<ItemForTranslation ItemName="Embed_Fonts:" ItemTranslation="인베드 폰트:"/>
		<ItemForTranslation ItemName="Install_Fonts:" ItemTranslation="설치 폰트:"/>
		<ItemForTranslation ItemName="Page_Range" ItemTranslation="변환해야할 페이지 범주:"/>
		<ItemForTranslation ItemName="OutputPath:" ItemTranslation="출력 경로는:"/><!-- Duplicate -->
		<!-- New strings -->
		<ItemForTranslation ItemName="Use_Short_Wizard" ItemTranslation="마지막 페이지만 보이게 설정."/>
		<ItemForTranslation ItemName="ShortWizard" ItemTranslation="변환 세팅"/>
		<ItemForTranslation ItemName="ShortWizardPrompt" ItemTranslation="변환 셋팅은 아래 참조. 변환 작업을 할려면 마법사 활성화 버튼을 사용하십시오. 더욱 간단한 방법은 변환 버튼을 누르는 것입니다. 계속하려면 (&gt;enter&lt;)를 누릅니다."/>
		<ItemForTranslation ItemName="Run_Wizard" ItemTranslation="마법사 실행"/>
		<ItemForTranslation ItemName="Convert" ItemTranslation="변환하기"/><!-- Wizard: Finish -->
		<ItemForTranslation ItemName="PreserveExactSpacing" ItemTranslation="정확한 문자 간격 보존"/>
		<ItemForTranslation ItemName="RegularCharacterSpacing" ItemTranslation="규칙적인 문자 간격"/>
		<ItemForTranslation ItemName="EmbedNonStandardTrueType" ItemTranslation="비표준형 인코딩 트루타입 폰트 지닌 PDF, doc로 인베드"/>
		<ItemForTranslation ItemName="EmbedAllTrueTypeLong" ItemTranslation="모든 트루타입 폰트 지닌 PDF, doc로 인베드"/>
		<ItemForTranslation ItemName="HeadersAndFooters:" ItemTranslation="머릿글과 꼬릿글:"/>
		<ItemForTranslation ItemName="DetectAndPreserveHF" ItemTranslation="머릿글과 꼬릿글 감지하고, 보존하기"/>
		<ItemForTranslation ItemName="DetectAndRemoveHF" ItemTranslation="머릿글과 꼬릿글 감지하고, 제거하기"/>
		<ItemForTranslation ItemName="InstallFontsTTandT1" ItemTranslation="PDF 파일로 인베드된 모든 트루타입 폰트와 타입1 폰트 설치하기."/>
		<ItemForTranslation ItemName="Frompage{1}topage{2}" ItemTranslation="페이지 {1}에서 페이지 {2}로"/><!-- ui:dialogBox extractpath -->
		<ItemForTranslation ItemName="extractpath_Image_Format_Output_Path" ItemTranslation="이미지 포맷과 출력 경로"/>
		<ItemForTranslation ItemName="extractpath_choose_file_format" ItemTranslation="추출된 이미지의 파일 포맷 선택:"/>
		<ItemForTranslation ItemName="extractpath_same_as_source_images" ItemTranslation="소스 이미지와 동일하게"/>
		<ItemForTranslation ItemName="extractpath_choose_path" ItemTranslation="{n}이미지를 저장할 경로 선택:"/>
		<ItemForTranslation ItemName="extractpath_save_to" ItemTranslation="이미지 저장 위치:"/>
		<ItemForTranslation ItemName="extractpath_filepath" ItemTranslation="{n}{n}{n}{n}{n}파일 경로는 광범위한 더미 스트링에 필요합니다"/><!-- ui:dialogBox finishextract -->
		<ItemForTranslation ItemName="finishextract_finish" ItemTranslation="끝: 이미지 추출"/>
		<ItemForTranslation ItemName="finishextract_description" ItemTranslation="이미지 추출 선택은 아래 참조. 변경하려면 이전 버튼을 누름. 이미지를 추출하기 위해서는 완료를 선택."/><!-- Create Options -->
		<ItemForTranslation ItemName="CreatePdfTitle" ItemTranslation="PDF 만들기"/>
		<ItemForTranslation ItemName="CreatePdfOptionsSection" ItemTranslation="PDF 옵션 만들기"/>
		<ItemForTranslation ItemName="CreatePdfOptionsSectionDescription" ItemTranslation="특정한 PDF 변환 특징들만을 선택하여 구성할 수 있습니다."/>
		<ItemForTranslation ItemName="EmbedAllFont" ItemTranslation="모든 폰트 인베드하기"/>
		<ItemForTranslation ItemName="EmbedAllFontDescription" ItemTranslation="PDF 파일에 있는 모든 폰트 인베드하기."/>
		<ItemForTranslation ItemName="PasswordProtection" ItemTranslation="패스워드와 보호"/>
		<ItemForTranslation ItemName="PasswordProtectionDescription" ItemTranslation="PDF 파일의 보안 수준을 구성합니다."/><!-- Encryption level -->
		<ItemForTranslation ItemName="EncryptionLevel" ItemTranslation="암호화 수준"/>
		<ItemForTranslation ItemName="EncryptionLevelDescription" ItemTranslation="암호화 기본값은 가장 안전한 옵션인 128 비트 RC4로 구성"/>
		<ItemForTranslation ItemName="High (128-bit RC4)" ItemTranslation="높음 (128-bit RC4)"/>
		<ItemForTranslation ItemName="Low (40-bit RC4)" ItemTranslation="낮음 (40-bit RC4)"/>
		<ItemForTranslation ItemName="EncryptionNone" ItemTranslation="없음"/>
		<ItemForTranslation ItemName="&lt;No password&gt;" ItemTranslation="&lt;패스워드 없음&gt;"/>
		<ItemForTranslation ItemName="&lt;PromptWhenSaving&gt;" ItemTranslation="&lt;저장시 Prompt;"/>
		<ItemForTranslation ItemName="&lt;SetPassword&gt;" ItemTranslation="&lt;패스워드 만들기d&gt;"/><!-- User password strings -->
		<ItemForTranslation ItemName="PasswodForOpen" ItemTranslation="유저 패스워드"/>
		<ItemForTranslation ItemName="PasswodForOpenDescription" ItemTranslation="유저 암호를 설정하면('문서 열기 암호'라고도 함) 파일을 열 때 암호를 입력해야 함. 프린팅 및 편집 작업을 제한하려면 오너 패스워드를 설정해야 함."/>
		<ItemForTranslation ItemName="Require_User_Password" ItemTranslation="문서를 열기위해 유저 패스워드 요구"/>
		<ItemForTranslation ItemName="User_Password:" ItemTranslation="유저 패스워드:"/>
		<ItemForTranslation ItemName="Repeat_User_Password:" ItemTranslation="유저 패스워드 재입력:"/><!-- Owner password strings -->
		<ItemForTranslation ItemName="Permissions" ItemTranslation="PDF 사용 제한"/>
		<ItemForTranslation ItemName="PermissionsDescription" ItemTranslation="PDF 파일을 사용할 수 있는 유저들을 제한합니다."/>
		<ItemForTranslation ItemName="PermissionsPassword" ItemTranslation="오너 패스워드"/>
		<ItemForTranslation ItemName="PermissionsPasswordDescription" ItemTranslation="PDF 파일을 보안 설정하는 경우 오너 패스워드(권한 암호라고도 함)도 설정 해야 함. PDF 파일을 열 때는 유저 또는 오너 패스워드를 사용할 수 있음."/>
		<!--*** String To Translate ***--><ItemForTranslation ItemName="Use_Owner_Password" ItemTranslation="Use owner password to restrict printing, editing and extraction"/>
		<ItemForTranslation ItemName="Owner_Password:" ItemTranslation="오너 패스워드:"/>
		<ItemForTranslation ItemName="Repeat_Owner_Password:" ItemTranslation="오너 패스워드 재입력:"/><!-- Permissions modes -->
		<ItemForTranslation ItemName="AllowPrinting" ItemTranslation="프린트 허용"/>
		<ItemForTranslation ItemName="AllowPrintingDescription" ItemTranslation="[예]를 선택하는 경우 누구나 이PDF 파일을 프린트 할 수 있고 [아니오]를 선택하면 오너 패스워드를 가진 유저만 프린트 할 수 있음."/>
		<ItemForTranslation ItemName="AllowChanging" ItemTranslation="바꾸기 허용"/>
		<ItemForTranslation ItemName="AllowChangingLong" ItemTranslation="내용 편집 허용"/>
		<ItemForTranslation ItemName="AllowChangingDescription" ItemTranslation="[예]를 선택하면 누구나 이PDF 파일의 내용을 변경할 수 있고 [아니오]를 선택하면 오너 패스워드를 가진 유저만 파일 내용을 변경 할 수 있음."/>
		<ItemForTranslation ItemName="AllowCopying" ItemTranslation="복사 허용"/>
		<ItemForTranslation ItemName="AllowCopyingDescription" ItemTranslation="[예]를 선택하면 누구나 이PDF 파일의 내용을 추출 또는 복사할 수 있고 [아니오]를 선택하면 오너 패스워드를 가진 유저만 파일 내용을 추출, 복사할 수 있음."/>
		<ItemForTranslation ItemName="AllowChangingComments" ItemTranslation="주석 허용"/>
		<ItemForTranslation ItemName="AllowChangingCommentsLong" ItemTranslation="주석 추가 및 편집 허용"/>
		<ItemForTranslation ItemName="AllowChangingCommentsDescription" ItemTranslation="[예]를 선택하면 누구나 이PDF 파일의 주석이나 폼 필드를 편집 또는 추가할 수 있고 [아니오]를 선택하면 오너 패스워드를 가진 유저만 이들을 편집 할 수 있게 함."/><!-- Acrobat plug-in messages (labels and menu items) -->
		<ItemForTranslation ItemName="SC_TOOLBAR_TITLE" ItemTranslation="{applicationname}"/>
		<ItemForTranslation ItemName="SC_BUTTON_LABEL" ItemTranslation="워드 열기"/>
		<ItemForTranslation ItemName="SC_BUTTON_TOOLTIP" ItemTranslation="{applicationname}을 사용해 문서를 변환하고, 마이크로소프트 워드로 열기"/>
		<ItemForTranslation ItemName="SC_MENUITEM_RUN" ItemTranslation="마이크로소프트 워드 열기"/>
		<ItemForTranslation ItemName="SC_MENUITEM_ABOUT" ItemTranslation="{applicationname}..."/><!-- SolidConverterPDF plug-in messages -->
		<ItemForTranslation ItemName="UnableAddToolbarToExcel" ItemTranslation="Solid Converter 컨트롤을 Excel에 추가할 수 없음."/>
		<ItemForTranslation ItemName="UnableAddToolbarToPowerPoint" ItemTranslation="Solid Converter 컨트롤을 PowerPoint에 추가할 수 없음."/>
		<ItemForTranslation ItemName="NoWorkbooksOpen" ItemTranslation="열려진 통합문서가 없음."/>
		<ItemForTranslation ItemName="NoPresentationsOpen" ItemTranslation="열려진 프레젠테이션이 없음."/>
		<ItemForTranslation ItemName="NoDocumentsOpen" ItemTranslation="열려진 문서가 없음."/>
		<ItemForTranslation ItemName="EmptyWorksheet" ItemTranslation="{applicationname} 이(가) 인쇄할 대상을 찾을 수 없음으로 PDF 파일을 만드는 과정이 시작되지 않을 수 있음."/>
		<ItemForTranslation ItemName="PrinterNotFound" ItemTranslation="Solid PDF Creator 프린터가 설치되지 않았습니다. {applicationname}을(를) 다시 설치하십시오."/><!-- Explorer Extensions -->
		<ItemForTranslation ItemName="INFO_LOAD" ItemTranslation="{applicationname} PDF 문서 파일을 Word 파일로 변환. 우선 PDF 파일을 로드해야 함."/>
		<ItemForTranslation ItemName="TITLE_PROGRESS" ItemTranslation="{applicationname}"/>
		<ItemForTranslation ItemName="WAIT_DOWNLOAD" ItemTranslation="PDF 파일 다운로드 중..."/>
		<!-- SpreadsheetML export filter -->
		<ItemForTranslation ItemName="SpreadsheetML_Files_Filter" ItemTranslation="Microsoft Excel XML 파일 (*.xml)"/>
		<ItemForTranslation ItemName="Extract_Tables_To_Excel" ItemTranslation="Extract tables to Excel (Office XP or higher)"/>
		<ItemForTranslation ItemName="TableNotFound" ItemTranslation="테이블을 찾을 수 없음..."/>
		<ItemForTranslation ItemName="NoTablesToExtract" ItemTranslation="테이블이 없음."/>
		<ItemForTranslation ItemName="NoTablesToExtractDesc" ItemTranslation="파일을 건너뛰었음: 추출할 테이블이 없음."/>
		<!-- WordML export filter -->
		<ItemForTranslation ItemName="WordML_Files_Filter" ItemTranslation="Microsoft Word XML 파일 (*.xml)"/>
		<ItemForTranslation ItemName="Save_As_WordML" ItemTranslation="Microsoft Word XML로 저장"/>
		<!-- Solid PDF Creator -->
		<ItemForTranslation ItemName="ToolTips801" ItemTranslation="옵션"/>
		<ItemForTranslation ItemName="ToolTips802" ItemTranslation="도움말"/>
		<ItemForTranslation ItemName="ToolTips803" ItemTranslation="끝내기"/>
		<ItemForTranslation ItemName="ToolTips800" ItemTranslation="PDF 파일 만들기"/>
		<!--*** String To Translate ***--><ItemForTranslation ItemName="_Splash_1" ItemTranslation="Purchase your copy of {applicationname} now and receive..."/>
		<!--*** String To Translate ***--><ItemForTranslation ItemName="_Splash_2" ItemTranslation="- First-class customer support"/>
		<!--*** String To Translate ***--><ItemForTranslation ItemName="_Splash_3" ItemTranslation="- Service releases and upgrades"/>
		<!--*** String To Translate ***--><ItemForTranslation ItemName="_Splash_4" ItemTranslation="- Special offers and discounts"/>
		<!--*** String To Translate ***--><ItemForTranslation ItemName="_Splash_5" ItemTranslation="Click"/>
		<!--*** String To Translate ***--><ItemForTranslation ItemName="_Splash_6" ItemTranslation="Purchase"/>
		<!--*** String To Translate ***--><ItemForTranslation ItemName="_Splash_7" ItemTranslation="to register {applicationname} today!"/>
		<!--*** String To Translate ***--><ItemForTranslation ItemName="_PROMPT_INFO" ItemTranslation="Prompt for document information"/>
		<!--*** String To Translate ***--><ItemForTranslation ItemName="_ENTER_UNLOCK" ItemTranslation="Enter Unlock Code"/>
		<!--*** String To Translate ***--><ItemForTranslation ItemName="_Title" ItemTranslation="Title:"/>
		<!--*** String To Translate ***--><ItemForTranslation ItemName="_Subject" ItemTranslation="Subject:"/>
		<!--*** String To Translate ***--><ItemForTranslation ItemName="_Author" ItemTranslation="Author:"/>
		<!--*** String To Translate ***--><ItemForTranslation ItemName="_Keywords" ItemTranslation="Keywords:"/>
		<!--*** String To Translate ***--><ItemForTranslation ItemName="Default_Document_information" ItemTranslation="Default document information"/>
		<!--*** String To Translate ***--><ItemForTranslation ItemName="_Override" ItemTranslation="Override"/>
		<!--*** String To Translate ***--><ItemForTranslation ItemName="_Skip" ItemTranslation="Skip"/>
		<!--*** String To Translate ***--><ItemForTranslation ItemName="_Append" ItemTranslation="Append"/>
		<!--*** String To Translate ***--><ItemForTranslation ItemName="AskIfExist" ItemTranslation="If file already exist do"/>
		<!--*** String To Translate ***--><ItemForTranslation ItemName="Color_Images" ItemTranslation="Color Images"/>
		<!--*** String To Translate ***--><ItemForTranslation ItemName="Color_Images_to_Grayscale" ItemTranslation="Convert color images to grayscale"/>
		<!--*** String To Translate ***--><ItemForTranslation ItemName="CImages_Downsample" ItemTranslation="Downsample (DPI):"/>
		<!--*** String To Translate ***--><ItemForTranslation ItemName="GImages_Downsample" ItemTranslation="Downsample (DPI):"/>
		<!--*** String To Translate ***--><ItemForTranslation ItemName="MImages_Downsample" ItemTranslation="Downsample (DPI):"/>
		<!--*** String To Translate ***--><ItemForTranslation ItemName="Use_Original_DPI" ItemTranslation="Keep original DPI"/>
		<!--*** String To Translate ***--><ItemForTranslation ItemName="CImages_Compression" ItemTranslation="Compression:"/>
		<!--*** String To Translate ***--><ItemForTranslation ItemName="GImages_Compression" ItemTranslation="Compression:"/>
		<!--*** String To Translate ***--><ItemForTranslation ItemName="MImages_Compression" ItemTranslation="Compression:"/>
		<!--*** String To Translate ***--><ItemForTranslation ItemName="CImages_Quality" ItemTranslation="Image Quality:"/>
		<!--*** String To Translate ***--><ItemForTranslation ItemName="GImages_Quality" ItemTranslation="Image Quality:"/>
		<!--*** String To Translate ***--><ItemForTranslation ItemName="Grayscale_Images" ItemTranslation="Grayscale Images"/>
		<!--*** String To Translate ***--><ItemForTranslation ItemName="Grayscale_Images_to_Monochrome" ItemTranslation="Convert grayscale images to monochrome"/>
		<!--*** String To Translate ***--><ItemForTranslation ItemName="Monochrome_Images" ItemTranslation="Monochrome Images"/>
		<!--*** String To Translate ***--><ItemForTranslation ItemName="Descr_None" ItemTranslation="No image compression, no image resampling, embedded fonts."/>
		<!--*** String To Translate ***--><ItemForTranslation ItemName="Descr_Web" ItemTranslation="Ideal for screen display. (Lossy compression, image resampling, no embedded fonts.)"/>
		<!--*** String To Translate ***--><ItemForTranslation ItemName="Descr_Draftquality" ItemTranslation="Ideal for drafts or low-resolution print jobs. (No resampling, lossy compression, no embedded fonts.)"/>
		<!--*** String To Translate ***--><ItemForTranslation ItemName="Descr_Professional" ItemTranslation="Ideal for high-quality print jobs. (No resampling, lossless compression, all fonts embedded.)"/>
		<!--*** String To Translate ***--><ItemForTranslation ItemName="Descr_Custom2" ItemTranslation="Select your own optimization settings."/>
		<!--*** String To Translate ***--><ItemForTranslation ItemName="_Web" ItemTranslation="Web"/>
		<!--*** String To Translate ***--><ItemForTranslation ItemName="_Draftquality" ItemTranslation="Draft quality"/>
		<!--*** String To Translate ***--><ItemForTranslation ItemName="_Professional" ItemTranslation="Professional quality"/>
		<!--*** String To Translate ***--><ItemForTranslation ItemName="_Settings" ItemTranslation="Settings"/>
		<!--*** String To Translate ***--><ItemForTranslation ItemName="Main_PDF_Advanced_Description" ItemTranslation="Select the optimization method that suits your requirements."/>
		<!--*** String To Translate ***--><ItemForTranslation ItemName="_Grayscale" ItemTranslation="Grayscale"/>
		<!--*** String To Translate ***--><ItemForTranslation ItemName="Close_Progress" ItemTranslation="Close progress window when finished"/>
		<ItemForTranslation ItemName="Font_List" ItemTranslation="글꼴 목록"/>
		<!--*** String To Translate ***--><ItemForTranslation ItemName="_space" ItemTranslation=" {n}"/>
		<!--*** String To Translate ***--><ItemForTranslation ItemName="Never_Font" ItemTranslation="Embed none"/>
		<!--*** String To Translate ***--><ItemForTranslation ItemName="Never_Font_List" ItemTranslation="Never Embed"/>
		<!--*** String To Translate ***--><ItemForTranslation ItemName="Embed_Font" ItemTranslation="Embed all"/>
		<!--*** String To Translate ***--><ItemForTranslation ItemName="Always_Font_List" ItemTranslation="Always Embed"/>
		<!--*** String To Translate ***--><ItemForTranslation ItemName="Add_Font" ItemTranslation="Add &gt;"/>
		<!--*** String To Translate ***--><ItemForTranslation ItemName="Remove_Font" ItemTranslation="&lt; Remove"/>
		<!--*** String To Translate ***--><ItemForTranslation ItemName="_Subset" ItemTranslation="Subset embedded fonts when less than"/>
		<!--*** String To Translate ***--><ItemForTranslation ItemName="Characters_Persents" ItemTranslation="% of characters used"/>
		<!--*** String To Translate ***--><ItemForTranslation ItemName="Embed_Fail" ItemTranslation="If embedding fails:"/>
		<ItemForTranslation ItemName="PDF_Setup" ItemTranslation="PDF 설정"/>
		<ItemForTranslation ItemName="_Advanced" ItemTranslation="압축"/>
		<!-- ENCRYPTION PDF DIALOAG -->
		<ItemForTranslation ItemName="Encrypt_Level_Static" ItemTranslation="암호화 수준:"/>
		<ItemForTranslation ItemName="128bit" ItemTranslation="높음 (128 비트 RC4) - Acrobat 5.0 또는 그 이상"/>
		<ItemForTranslation ItemName="40bit" ItemTranslation="낮음 (40 비트 RC4) - Acrobat 3.0 또는 그 이상"/>
		<ItemForTranslation ItemName="_Prompt" ItemTranslation="확인"/>
		<ItemForTranslation ItemName="OpenPasswordsMustMatch" ItemTranslation="확인 유저 패스워드가 일치하지 않습니다."/>
		<ItemForTranslation ItemName="OpenPasswordMustBePresent" ItemTranslation="문서를 열려면 유저 패스워드가 필요하다는 옵션을 선택하였으나 유저 패스워드를 입력하지 않았습니다. 이 옵션을 취소하거나 또는 패스워드를 입력하십시오."/>
		<ItemForTranslation ItemName="PermissionPasswordsMustMatch" ItemTranslation="확인 오너 패스워드가 일치하지 않습니다."/>
		<ItemForTranslation ItemName="PermissionPasswordMustBePresent" ItemTranslation="프린팅, 편집 및 추출하려면 유저 패스워드가 필요하다는 옵션을 선택하였으나 오너 패스워드를 입력하지 않았습니다. 이 옵션을 취소하거나 또는 패스워드를 입력하십시오."/>
		<ItemForTranslation ItemName="PasswordMustBePresent" ItemTranslation="보안 설정을 적용하려면 유저 패스워드 또는 오너 패스워드를 설정하십시오."/>
		<ItemForTranslation ItemName="PasswordsMustBeDiffered" ItemTranslation="유저 패스워드와 오너 패스워드가 동일합니다."/>
		<!--    PDF OPTIONS -->
		<ItemForTranslation ItemName="_Encryption" ItemTranslation="보안"/>
		<ItemForTranslation ItemName="Pdf_Encrypt_Dialog" ItemTranslation="보안"/>
		<ItemForTranslation ItemName="_Save" ItemTranslation="저장"/>
		<ItemForTranslation ItemName="_PDFSavePageDlg" ItemTranslation="저장"/>
		<ItemForTranslation ItemName="_High" ItemTranslation="높음"/>
		<ItemForTranslation ItemName="_Medium" ItemTranslation="중간"/>
		<ItemForTranslation ItemName="_Low" ItemTranslation="낮음"/>
		<ItemForTranslation ItemName="The_Lowest" ItemTranslation="가장 낮음"/>
		<ItemForTranslation ItemName="_Custom" ItemTranslation="사용자 정의"/>
		<ItemForTranslation ItemName="Ask_Fname" ItemTranslation="대상 파일 이름 질문."/>
		<ItemForTranslation ItemName="Predefine_Fname" ItemTranslation="미리 정의된 대상 파일 이름을 사용하십시오"/>
		<ItemForTranslation ItemName="_Path" ItemTranslation="대상 폴더:"/>
		<ItemForTranslation ItemName="_Browse" ItemTranslation="찾아보기"/>
		<ItemForTranslation ItemName="File_Name" ItemTranslation="파일 이름:"/>
		<ItemForTranslation ItemName="_Macro" ItemTranslation="변경"/>
		<ItemForTranslation ItemName="_Example" ItemTranslation="예:"/>
		<ItemForTranslation ItemName="Append_Pages_to_Existing_File" ItemTranslation="기존 파일에 페이지 추가"/>
		<ItemForTranslation ItemName="Document_Name" ItemTranslation="원본 문서 이름"/>
		<ItemForTranslation ItemName="_Date" ItemTranslation="현재 날짜"/>
		<ItemForTranslation ItemName="_Time" ItemTranslation="현재 시간"/>
		<ItemForTranslation ItemName="_Invalid_Target_Folder" ItemTranslation="대상 폴더 이름이 틀립니다"/>
		<ItemForTranslation ItemName="Source_Document_Name" ItemTranslation="원본 문서 이름"/>
		<ItemForTranslation ItemName="Current_Date" ItemTranslation="현재 날짜"/>
		<ItemForTranslation ItemName="Current_Time" ItemTranslation="현재 시간"/>
		<ItemForTranslation ItemName="_PDFImagesDlg" ItemTranslation="PDF 포맷 이미지 옵션"/>
		<ItemForTranslation ItemName="Use_original" ItemTranslation="오리지날 DPI 사용"/>
		<ItemForTranslation ItemName="_DPI" ItemTranslation="DPI 사용:"/>
		<ItemForTranslation ItemName="_Monochrome" ItemTranslation="큰 칼러 이미지를 보다 작은 단색 이미지로 변환"/>
		<ItemForTranslation ItemName="Use_Compression_Encode" ItemTranslation="압축 사용:"/>
		<ItemForTranslation ItemName="_None" ItemTranslation="없음"/>
		<ItemForTranslation ItemName="_ASCIIHexEncode" ItemTranslation="ASCII 16진수 압축"/>
		<ItemForTranslation ItemName="_LZWEncode" ItemTranslation="LZW 압축"/>
		<ItemForTranslation ItemName="_FlateEncode" ItemTranslation="Flate 압축"/>
		<ItemForTranslation ItemName="_ASCII85Encode" ItemTranslation="ASCII 85 압축"/>
		<ItemForTranslation ItemName="_RunLengthEncode" ItemTranslation="RLE 압축"/>
		<ItemForTranslation ItemName="_CCITTFaxEncode" ItemTranslation="CCITT 팩시 압축 Encode"/>
		<ItemForTranslation ItemName="_JBIG2Encode" ItemTranslation="JBIG2 압축"/>
		<ItemForTranslation ItemName="_DCTEncode" ItemTranslation="DCT 압축"/>
		<ItemForTranslation ItemName="_J2KEncode" ItemTranslation="J2K 압축"/>
		<ItemForTranslation ItemName="_PDFFontsDlg" ItemTranslation="PDF 포맷 폰트 옵션"/>
		<ItemForTranslation ItemName="Font_Embedding" ItemTranslation="글꼴 포함 사용"/>
		<ItemForTranslation ItemName="_Never" ItemTranslation="글꼴 포함하지 않음"/>
		<ItemForTranslation ItemName="_SubSet" ItemTranslation="폰트 서브세트 저장"/>
		<ItemForTranslation ItemName="_All" ItemTranslation="전부"/>
		<ItemForTranslation ItemName="Never_Embed_Fonts" ItemTranslation="글꼴 포함하지 않음"/>
		<ItemForTranslation ItemName="_CMap" ItemTranslation="Cmap(문자표)"/>
		<ItemForTranslation ItemName="Compression_Select" ItemTranslation="세부 수준:"/>
		<ItemForTranslation ItemName="Compression_Description" ItemTranslation="세부 수준 설명"/>
		<ItemForTranslation ItemName="_Fonts" ItemTranslation="글꼴 옵션"/>
		<ItemForTranslation ItemName="_Images" ItemTranslation="이미지 옵션"/>
		<ItemForTranslation ItemName="Descr_High" ItemTranslation="칼러 모델을 유지하고 오리지날 이미지 압축(dpi)."/>
		<ItemForTranslation ItemName="Descr_Medium" ItemTranslation="이미지의 오리지날 칼라 모델을 사용하나 이미지의 dpi 감소."/>
		<ItemForTranslation ItemName="Descr_Low" ItemTranslation="단색 모델을 사용하나 오리지날 이미지의 압축비(dpi) 사용."/>
		<ItemForTranslation ItemName="Descr_TheLowest" ItemTranslation="이미지의 단색 모델을 사용하며 이미지의 dpi도 감소"/>
		<ItemForTranslation ItemName="Descr_Custom" ItemTranslation="아래의 버튼을 클릭해 이미지 옵션을 선택하십시오."/>
		<ItemForTranslation ItemName="_KeepOpen" ItemTranslation="열어 둠"/>
		<ItemForTranslation ItemName="_Details" ItemTranslation="열어 둠"/>
		<!--*** String To Translate ***--><ItemForTranslation ItemName="_PROMPT_FOR_PASSWORD" ItemTranslation="Prompt for password and security settings"/>
		<!--*** String To Translate ***--><ItemForTranslation ItemName="_OPEN_PDF_FILE" ItemTranslation="Open converted file"/>
		<!--*** String To Translate ***--><ItemForTranslation ItemName="PrintNotAvailable" ItemTranslation="This functionality is available only in professional version"/>
		<!--*** String To Translate ***--><ItemForTranslation ItemName="TrialNotFullConvertionDescription" ItemTranslation="Thank you for trying Solid Converter PDF. The trial version of this product only converts 10% of your document, with a 10 page maximum."/>
		<!--*** String To Translate ***--><ItemForTranslation ItemName="font_cannot_be_embedded" ItemTranslation="font cannot be embedded"/>
		<!--*** String To Translate ***--><ItemForTranslation ItemName="font_will_be_embedded" ItemTranslation="font will be embedded"/>
		<!--*** String To Translate ***--><ItemForTranslation ItemName="font_as_rasters" ItemTranslation="font cannot be created{n}All glyphs will be representd as rasters"/>
		<!--*** String To Translate ***--><ItemForTranslation ItemName="font_conversion_error" ItemTranslation="font cannot be created{n}Job is canceled"/>
		<!--*** String To Translate ***--><ItemForTranslation ItemName="Warn_and_continue" ItemTranslation="Warn and continue"/>
		<!--*** String To Translate ***--><ItemForTranslation ItemName="_Ignore" ItemTranslation="Ignore"/>
		<!--*** String To Translate ***--><ItemForTranslation ItemName="Cancel_job" ItemTranslation="Cancel job"/>
		<!--*** String To Translate ***--><ItemForTranslation ItemName="_Folder" ItemTranslation="Folder"/>
		<!--*** String To Translate ***--><ItemForTranslation ItemName="Font_Lists" ItemTranslation="Font Lists"/>
		<!--*** String To Translate ***--><ItemForTranslation ItemName="NoImagesToExtract" ItemTranslation="Image not found"/>
		<!--*** String To Translate ***--><ItemForTranslation ItemName="NoImagesToExtractDesc" ItemTranslation="File skipped: no image were found to extract"/>
		<!--*** String To Translate ***--><ItemForTranslation ItemName="_CREATE_SUCCESS" ItemTranslation="File conversion successful."/>
		<!--*** String To Translate ***--><ItemForTranslation ItemName="_Creating_PDF..." ItemTranslation="Creating PDF..."/>
		<!--*** String To Translate ***--><ItemForTranslation ItemName="AllowCopyingLong" ItemTranslation="Allow copying and extraction of contents"/>
		<!--*** String To Translate ***--><ItemForTranslation ItemName="Encryption_Level" ItemTranslation="Encryption Level"/>
		<!--*** String To Translate ***--><ItemForTranslation ItemName="User_Options" ItemTranslation="User Options"/>
		<!--*** String To Translate ***--><ItemForTranslation ItemName="Owner_Options" ItemTranslation="Owner Options"/>
		<ItemForTranslation ItemName="_PDFAdvancedPageDlg" ItemTranslation="압축"/>
		<!--*** String To Translate ***--><ItemForTranslation ItemName="_Recent_Folder" ItemTranslation="Recent Folder"/>
			<!--*** Replace Images Dialog Strings ***-->
        <!--*** String To Translate ***--><ItemForTranslation ItemName="CompleteReplaceFolder"		ItemTranslation="Completely replace folder content?"/>
	<!--*** String To Translate ***--><ItemForTranslation ItemName="UseAnotherFolder"		ItemTranslation="Create or select another folder?"/>
	<!--*** String To Translate ***--><ItemForTranslation ItemName="OverrideFolder" 		ItemTranslation="Override existing images with the same name and add new images to the folder?"/>
	<!--*** String To Translate ***--><ItemForTranslation ItemName="ReplaceImageOnExtraction"	ItemTranslation="The folder {1} already exists.{n}Do you want to: "/>

	<!--*** String To Translate ***--><ItemForTranslation ItemName="ConversionOptions"	ItemTranslation="Conversion Settings"/>

	<!--*** String To Translate ***--><ItemForTranslation ItemName="_Form_Name" 				ItemTranslation="Form Name"/>
	<!--*** String To Translate ***--><ItemForTranslation ItemName="_Width_x_Height" 			ItemTranslation="Width x Height"/>
	<!--*** String To Translate ***--><ItemForTranslation ItemName="_Units" 					ItemTranslation="Units"/>
		<!--*** String To Translate ***--><ItemForTranslation ItemName="_mm" 						ItemTranslation="mm"/>
		<!--*** String To Translate ***--><ItemForTranslation ItemName="_Invalid_Form_name" 		ItemTranslation="Invalid Form name"/>
		<!--*** String To Translate ***--><ItemForTranslation ItemName="_Already_exists" 			ItemTranslation="The form already exists"/>
	<!--*** String To Translate ***--><ItemForTranslation ItemName="Automatic_Enc" 			ItemTranslation="Automatic"/>
	<!--*** String To Translate ***--><ItemForTranslation ItemName="CCITTFaxEncode_Group3"		ItemTranslation="CCITTFaxEncode, Group 3"/>
	<!--*** String To Translate ***--><ItemForTranslation ItemName="CCITTFaxEncode_Group4" 		ItemTranslation="CCITTFaxEncode, Group 4"/>

	<!--*** String To Translate ***--><ItemForTranslation ItemName="_Add"             ItemTranslation="Add"/>
	<!--*** String To Translate ***--><ItemForTranslation ItemName="_Edit"            ItemTranslation="Edit"/>
	<!--*** String To Translate ***--><ItemForTranslation ItemName="_Remove"          ItemTranslation="Remove"/>
	<!--*** String To Translate ***--><ItemForTranslation ItemName="Page_Orientation" ItemTranslation="Orientation:"/>
	<!--*** String To Translate ***--><ItemForTranslation ItemName="Custom_Forms"     ItemTranslation="Custom Forms"/>
	<!--*** String To Translate ***--><ItemForTranslation ItemName="_Portrait"        ItemTranslation="Portrait"/>
	<!--*** String To Translate ***--><ItemForTranslation ItemName="_Landscape"       ItemTranslation="Landscape"/>



	<!--*** String To Translate ***--><ItemForTranslation ItemName="sp__10x11" ItemTranslation="10x11"/>
	<!--*** String To Translate ***--><ItemForTranslation ItemName="sp__10x14" ItemTranslation="10x14"/>
	<!--*** String To Translate ***--><ItemForTranslation ItemName="sp__11 x 17" ItemTranslation="11 x 17"/>
	<!--*** String To Translate ***--><ItemForTranslation ItemName="sp__12x11" ItemTranslation="12x11"/>
	<!--*** String To Translate ***--><ItemForTranslation ItemName="sp__15x11" ItemTranslation="15x11"/>
	<!--*** String To Translate ***--><ItemForTranslation ItemName="sp__6 3/4 Envelope" ItemTranslation="6 3/4 Envelope"/>
	<!--*** String To Translate ***--><ItemForTranslation ItemName="sp__92 x 92" ItemTranslation="92 x 92"/>
	<!--*** String To Translate ***--><ItemForTranslation ItemName="sp__9x11" ItemTranslation="9x11"/>
	<!--*** String To Translate ***--><ItemForTranslation ItemName="sp__A0" ItemTranslation="A0"/>
	<!--*** String To Translate ***--><ItemForTranslation ItemName="sp__A1" ItemTranslation="A1"/>
	<!--*** String To Translate ***--><ItemForTranslation ItemName="sp__A2" ItemTranslation="A2"/>
	<!--*** String To Translate ***--><ItemForTranslation ItemName="sp__A3" ItemTranslation="A3"/>
	<!--*** String To Translate ***--><ItemForTranslation ItemName="sp__A3 Extra" ItemTranslation="A3 Extra"/>
	<!--*** String To Translate ***--><ItemForTranslation ItemName="sp__A3 Rotated" ItemTranslation="A3 Rotated"/>
	<!--*** String To Translate ***--><ItemForTranslation ItemName="sp__A4" ItemTranslation="A4"/>
	<!--*** String To Translate ***--><ItemForTranslation ItemName="sp__A4 Extra" ItemTranslation="A4 Extra"/>
	<!--*** String To Translate ***--><ItemForTranslation ItemName="sp__A4 Plus" ItemTranslation="A4 Plus"/>
	<!--*** String To Translate ***--><ItemForTranslation ItemName="sp__A4 Rotated" ItemTranslation="A4 Rotated"/>
	<!--*** String To Translate ***--><ItemForTranslation ItemName="sp__A5" ItemTranslation="A5"/>
	<!--*** String To Translate ***--><ItemForTranslation ItemName="sp__A5 Extra" ItemTranslation="A5 Extra"/>
	<!--*** String To Translate ***--><ItemForTranslation ItemName="sp__A5 Rotated" ItemTranslation="A5 Rotated"/>
	<!--*** String To Translate ***--><ItemForTranslation ItemName="sp__A6" ItemTranslation="A6"/>
	<!--*** String To Translate ***--><ItemForTranslation ItemName="sp__A6 Rotated" ItemTranslation="A6 Rotated"/>
	<!--*** String To Translate ***--><ItemForTranslation ItemName="sp__ANSI C" ItemTranslation="ANSI C"/>
	<!--*** String To Translate ***--><ItemForTranslation ItemName="sp__ANSI D" ItemTranslation="ANSI D"/>
	<!--*** String To Translate ***--><ItemForTranslation ItemName="sp__ANSI E" ItemTranslation="ANSI E"/>
	<!--*** String To Translate ***--><ItemForTranslation ItemName="sp__ANSI F" ItemTranslation="ANSI F"/>
	<!--*** String To Translate ***--><ItemForTranslation ItemName="sp__ARCH A" ItemTranslation="ARCH A"/>
	<!--*** String To Translate ***--><ItemForTranslation ItemName="sp__ARCH B" ItemTranslation="ARCH B"/>
	<!--*** String To Translate ***--><ItemForTranslation ItemName="sp__ARCH C" ItemTranslation="ARCH C"/>
	<!--*** String To Translate ***--><ItemForTranslation ItemName="sp__ARCH D" ItemTranslation="ARCH D"/>
	<!--*** String To Translate ***--><ItemForTranslation ItemName="sp__ARCH E" ItemTranslation="ARCH E"/>
	<!--*** String To Translate ***--><ItemForTranslation ItemName="sp__ARCH E1" ItemTranslation="ARCH E1"/>
	<!--*** String To Translate ***--><ItemForTranslation ItemName="sp__ARCH E2" ItemTranslation="ARCH E2"/>
	<!--*** String To Translate ***--><ItemForTranslation ItemName="sp__ARCH E3" ItemTranslation="ARCH E3"/>
	<!--*** String To Translate ***--><ItemForTranslation ItemName="sp__B4 (ISO)" ItemTranslation="B4 (ISO)"/>
	<!--*** String To Translate ***--><ItemForTranslation ItemName="sp__B4 (JIS)" ItemTranslation="B4 (JIS)"/>
	<!--*** String To Translate ***--><ItemForTranslation ItemName="sp__B4 (JIS) Rotated" ItemTranslation="B4 (JIS) Rotated"/>
	<!--*** String To Translate ***--><ItemForTranslation ItemName="sp__B5 (ISO) Extra" ItemTranslation="B5 (ISO) Extra"/>
	<!--*** String To Translate ***--><ItemForTranslation ItemName="sp__B5 (JIS)" ItemTranslation="B5 (JIS)"/>
	<!--*** String To Translate ***--><ItemForTranslation ItemName="sp__B5 (JIS) Rotated" ItemTranslation="B5 (JIS) Rotated"/>
	<!--*** String To Translate ***--><ItemForTranslation ItemName="sp__B6 (JIS)" ItemTranslation="B6 (JIS)"/>
	<!--*** String To Translate ***--><ItemForTranslation ItemName="sp__B6 (JIS) Rotated" ItemTranslation="B6 (JIS) Rotated"/>
	<!--*** String To Translate ***--><ItemForTranslation ItemName="sp__C5" ItemTranslation="C5"/>
	<!--*** String To Translate ***--><ItemForTranslation ItemName="sp__Double Japan Postcard Rotated" ItemTranslation="Double Japan Postcard Rotated"/>
	<!--*** String To Translate ***--><ItemForTranslation ItemName="sp__Envelope" ItemTranslation="Envelope"/>
	<!--*** String To Translate ***--><ItemForTranslation ItemName="sp__Envelope #10" ItemTranslation="Envelope #10"/>
	<!--*** String To Translate ***--><ItemForTranslation ItemName="sp__Envelope #11" ItemTranslation="Envelope #11"/>
	<!--*** String To Translate ***--><ItemForTranslation ItemName="sp__Envelope #12" ItemTranslation="Envelope #12"/>
	<!--*** String To Translate ***--><ItemForTranslation ItemName="sp__Envelope #14" ItemTranslation="Envelope #14"/>
	<!--*** String To Translate ***--><ItemForTranslation ItemName="sp__Envelope #9" ItemTranslation="Envelope #9"/>
	<!--*** String To Translate ***--><ItemForTranslation ItemName="sp__Envelope B5" ItemTranslation="Envelope B5"/>
	<!--*** String To Translate ***--><ItemForTranslation ItemName="sp__Envelope B6" ItemTranslation="Envelope B6"/>
	<!--*** String To Translate ***--><ItemForTranslation ItemName="sp__Envelope C3" ItemTranslation="Envelope C3"/>
	<!--*** String To Translate ***--><ItemForTranslation ItemName="sp__Envelope C4" ItemTranslation="Envelope C4"/>
	<!--*** String To Translate ***--><ItemForTranslation ItemName="sp__Envelope C5" ItemTranslation="Envelope C5"/>
	<!--*** String To Translate ***--><ItemForTranslation ItemName="sp__Envelope C6" ItemTranslation="Envelope C6"/>
	<!--*** String To Translate ***--><ItemForTranslation ItemName="sp__Envelope C65" ItemTranslation="Envelope C65"/>
	<!--*** String To Translate ***--><ItemForTranslation ItemName="sp__Envelope DL" ItemTranslation="Envelope DL"/>
	<!--*** String To Translate ***--><ItemForTranslation ItemName="sp__Envelope Invite" ItemTranslation="Envelope Invite"/>
	<!--*** String To Translate ***--><ItemForTranslation ItemName="sp__Envelope Monarch" ItemTranslation="Envelope Monarch"/>
	<!--*** String To Translate ***--><ItemForTranslation ItemName="sp__Executive" ItemTranslation="Executive"/>
	<!--*** String To Translate ***--><ItemForTranslation ItemName="sp__Folio" ItemTranslation="Folio"/>
	<!--*** String To Translate ***--><ItemForTranslation ItemName="sp__German Std Fanfold" ItemTranslation="German Std Fanfold"/>
	<!--*** String To Translate ***--><ItemForTranslation ItemName="sp__ISO A1 594 x 841 mm" ItemTranslation="ISO A1 594 x 841 mm"/>
	<!--*** String To Translate ***--><ItemForTranslation ItemName="sp__ISO B1" ItemTranslation="ISO B1"/>
	<!--*** String To Translate ***--><ItemForTranslation ItemName="sp__ISO B2" ItemTranslation="ISO B2"/>
	<!--*** String To Translate ***--><ItemForTranslation ItemName="sp__ISO B4" ItemTranslation="ISO B4"/>
	<!--*** String To Translate ***--><ItemForTranslation ItemName="sp__ISO B5" ItemTranslation="ISO B5"/>
	<!--*** String To Translate ***--><ItemForTranslation ItemName="sp__Japan Envelope Chou #3 Rotated" ItemTranslation="Japan Envelope Chou #3 Rotated"/>
	<!--*** String To Translate ***--><ItemForTranslation ItemName="sp__Japan Envelope Chou #4 Rotated" ItemTranslation="Japan Envelope Chou #4 Rotated"/>
	<!--*** String To Translate ***--><ItemForTranslation ItemName="sp__Japan Envelope Kaku #2 Rotated" ItemTranslation="Japan Envelope Kaku #2 Rotated"/>
	<!--*** String To Translate ***--><ItemForTranslation ItemName="sp__Japan Envelope Kaku #3 Rotated" ItemTranslation="Japan Envelope Kaku #3 Rotated"/>
	<!--*** String To Translate ***--><ItemForTranslation ItemName="sp__Japan Envelope You #4" ItemTranslation="Japan Envelope You #4"/>
	<!--*** String To Translate ***--><ItemForTranslation ItemName="sp__Japan Envelope You #4 Rotated" ItemTranslation="Japan Envelope You #4 Rotated"/>
	<!--*** String To Translate ***--><ItemForTranslation ItemName="sp__Japanese Double Postcard" ItemTranslation="Japanese Double Postcard"/>
	<!--*** String To Translate ***--><ItemForTranslation ItemName="sp__Japanese Envelope Chou #3" ItemTranslation="Japanese Envelope Chou #3"/>
	<!--*** String To Translate ***--><ItemForTranslation ItemName="sp__Japanese Envelope Chou #4" ItemTranslation="Japanese Envelope Chou #4"/>
	<!--*** String To Translate ***--><ItemForTranslation ItemName="sp__Japanese Envelope Kaku #2" ItemTranslation="Japanese Envelope Kaku #2"/>
	<!--*** String To Translate ***--><ItemForTranslation ItemName="sp__Japanese Envelope Kaku #3" ItemTranslation="Japanese Envelope Kaku #3"/>
	<!--*** String To Translate ***--><ItemForTranslation ItemName="sp__Japanese Postcard" ItemTranslation="Japanese Postcard"/>
	<!--*** String To Translate ***--><ItemForTranslation ItemName="sp__Japanese Postcard Rotated" ItemTranslation="Japanese Postcard Rotated"/>
	<!--*** String To Translate ***--><ItemForTranslation ItemName="sp__JIS B0" ItemTranslation="JIS B0"/>
	<!--*** String To Translate ***--><ItemForTranslation ItemName="sp__JIS B1" ItemTranslation="JIS B1"/>
	<!--*** String To Translate ***--><ItemForTranslation ItemName="sp__JIS B2" ItemTranslation="JIS B2"/>
	<!--*** String To Translate ***--><ItemForTranslation ItemName="sp__JIS B3" ItemTranslation="JIS B3"/>
	<!--*** String To Translate ***--><ItemForTranslation ItemName="sp__JIS B4" ItemTranslation="JIS B4"/>
	<!--*** String To Translate ***--><ItemForTranslation ItemName="sp__Ledger" ItemTranslation="Ledger"/>
	<!--*** String To Translate ***--><ItemForTranslation ItemName="sp__Legal" ItemTranslation="Legal"/>
	<!--*** String To Translate ***--><ItemForTranslation ItemName="sp__Legal Extra" ItemTranslation="Legal Extra"/>
	<!--*** String To Translate ***--><ItemForTranslation ItemName="sp__Letter" ItemTranslation="Letter"/>
	<!--*** String To Translate ***--><ItemForTranslation ItemName="sp__Letter Extra" ItemTranslation="Letter Extra"/>
	<!--*** String To Translate ***--><ItemForTranslation ItemName="sp__Letter Plus" ItemTranslation="Letter Plus"/>
	<!--*** String To Translate ***--><ItemForTranslation ItemName="sp__Letter Rotated" ItemTranslation="Letter Rotated"/>
	<!--*** String To Translate ***--><ItemForTranslation ItemName="sp__Oversize A0" ItemTranslation="Oversize A0"/>
	<!--*** String To Translate ***--><ItemForTranslation ItemName="sp__Oversize A1" ItemTranslation="Oversize A1"/>
	<!--*** String To Translate ***--><ItemForTranslation ItemName="sp__Oversize A2" ItemTranslation="Oversize A2"/>
	<!--*** String To Translate ***--><ItemForTranslation ItemName="sp__PRC 16K" ItemTranslation="PRC 16K"/>
	<!--*** String To Translate ***--><ItemForTranslation ItemName="sp__PRC 16K Rotated" ItemTranslation="PRC 16K Rotated"/>
	<!--*** String To Translate ***--><ItemForTranslation ItemName="sp__PRC 32K" ItemTranslation="PRC 32K"/>
	<!--*** String To Translate ***--><ItemForTranslation ItemName="sp__PRC 32K Rotated" ItemTranslation="PRC 32K Rotated"/>
	<!--*** String To Translate ***--><ItemForTranslation ItemName="sp__PRC 32K(Big)" ItemTranslation="PRC 32K(Big)"/>
	<!--*** String To Translate ***--><ItemForTranslation ItemName="sp__PRC 32K(Big) Rotated" ItemTranslation="PRC 32K(Big) Rotated"/>
	<!--*** String To Translate ***--><ItemForTranslation ItemName="sp__PRC Envelope #1" ItemTranslation="PRC Envelope #1"/>
	<!--*** String To Translate ***--><ItemForTranslation ItemName="sp__PRC Envelope #1 Rotated" ItemTranslation="PRC Envelope #1 Rotated"/>
	<!--*** String To Translate ***--><ItemForTranslation ItemName="sp__PRC Envelope #10 Rotated" ItemTranslation="PRC Envelope #10 Rotated"/>
	<!--*** String To Translate ***--><ItemForTranslation ItemName="sp__PRC Envelope #2" ItemTranslation="PRC Envelope #2"/>
	<!--*** String To Translate ***--><ItemForTranslation ItemName="sp__PRC Envelope #2 Rotated" ItemTranslation="PRC Envelope #2 Rotated"/>
	<!--*** String To Translate ***--><ItemForTranslation ItemName="sp__PRC Envelope #3" ItemTranslation="PRC Envelope #3"/>
	<!--*** String To Translate ***--><ItemForTranslation ItemName="sp__PRC Envelope #4" ItemTranslation="PRC Envelope #4"/>
	<!--*** String To Translate ***--><ItemForTranslation ItemName="sp__PRC Envelope #4 Rotated" ItemTranslation="PRC Envelope #4 Rotated"/>
	<!--*** String To Translate ***--><ItemForTranslation ItemName="sp__PRC Envelope #5 Rotated" ItemTranslation="PRC Envelope #5 Rotated"/>
	<!--*** String To Translate ***--><ItemForTranslation ItemName="sp__PRC Envelope #6" ItemTranslation="PRC Envelope #6"/>
	<!--*** String To Translate ***--><ItemForTranslation ItemName="sp__PRC Envelope #6 Rotated" ItemTranslation="PRC Envelope #6 Rotated"/>
	<!--*** String To Translate ***--><ItemForTranslation ItemName="sp__PRC Envelope #7" ItemTranslation="PRC Envelope #7"/>
	<!--*** String To Translate ***--><ItemForTranslation ItemName="sp__PRC Envelope #7 Rotated" ItemTranslation="PRC Envelope #7 Rotated"/>
	<!--*** String To Translate ***--><ItemForTranslation ItemName="sp__PRC Envelope #8" ItemTranslation="PRC Envelope #8"/>
	<!--*** String To Translate ***--><ItemForTranslation ItemName="sp__PRC Envelope #8 Rotated" ItemTranslation="PRC Envelope #8 Rotated"/>
	<!--*** String To Translate ***--><ItemForTranslation ItemName="sp__PRC Envelope #9 Rotated" ItemTranslation="PRC Envelope #9 Rotated"/>
	<!--*** String To Translate ***--><ItemForTranslation ItemName="sp__Quarto" ItemTranslation="Quarto"/>
	<!--*** String To Translate ***--><ItemForTranslation ItemName="sp__Screen" ItemTranslation="Screen"/>
	<!--*** String To Translate ***--><ItemForTranslation ItemName="sp__Statement" ItemTranslation="Statement"/>
	<!--*** String To Translate ***--><ItemForTranslation ItemName="sp__Super A" ItemTranslation="Super A"/>
	<!--*** String To Translate ***--><ItemForTranslation ItemName="sp__Super B" ItemTranslation="Super B"/>
	<!--*** String To Translate ***--><ItemForTranslation ItemName="sp__US Std Fanfold" ItemTranslation="US Std Fanfold"/>
</LanguageOptions>
</Root>
