<?xml version="1.0" encoding="utf-8" ?>
	<Schema name="SolidLanguageSchema" xmlns="urn:schemas-microsoft-com:xml-data" xmlns:dt="urn:schemas-microsoft-com:datatypes">

		<ElementType name="ItemForTranslation" content="empty">
			<AttributeType name="ItemName" dt:type="string" default="" required="yes" />
			<AttributeType name="ItemTranslation" dt:type="string" default="" required="yes" />
			<AttributeType name="Comment" dt:type="string" default="" required="no" />
		</ElementType>
		<ElementType name="LanguageOptions" content="eltOnly">
			<AttributeType name="Name" dt:type="string" default="" required="yes" />
			<element type="ItemForTranslation" minOccurs="1" maxOccurs="*" />
		</ElementType>
	</Schema>
