<?xml version="1.0" encoding="utf-8"?>
<Root>
	<!--    <LanguageOptions xmlns="x-schema:LanguageSchema.xml" Name="English"> -->
	<LanguageOptions Name="English">
		<!-- Text for Main(File Open)  dialog -->
		<ItemForTranslation ItemName="DoNoRecoverColumns" ItemTranslation="Gjenopprett ikke kolonner"/>
		<!-- Button tooltips for main toolbar: {1} is replaced by the current hotkey for each -->
		<ItemForTranslation ItemName="ToolTips1010" ItemTranslation="Alternativer"/>
		<ItemForTranslation ItemName="ToolTips1011" ItemTranslation="Hjelp"/>
		<ItemForTranslation ItemName="ToolTips1012" ItemTranslation="Konverter"/>
		<ItemForTranslation ItemName="ToolTips1013" ItemTranslation="Avslutt"/>
		<ItemForTranslation ItemName="ToolTips1014" ItemTranslation="Opprett Pdf-fil"/>
		<ItemForTranslation ItemName="ToolTips1500" ItemTranslation="Hvis det er valgt, vil konvertereren ikke forsøke å gjenkjenne kolonner. Nyttig for kunst-dokumenter eller rader."/>
		<ItemForTranslation ItemName="ToolTips1501" ItemTranslation="Hvis det er valgt, vil konvertereren gjenkjenne og bevare kolonnelayout for å beholde tekstens logiske rekkefølge i dokumentet."/>
        <!--*** String To Translate ***--><ItemForTranslation ItemName="ToolTips1502"                             ItemTranslation="Table detection applies when page layout is recognized using flowing or continuous reconstruction mode."/>
		<!--*** String To Translate ***--><ItemForTranslation ItemName="ToolTips1503" ItemTranslation="Enten konvertere hele dokumentet eller bli spurt om å konvertere en del av dokumentet."/>
		<ItemForTranslation ItemName="TBOptions" ItemTranslation="Alternativer"/>
		<ItemForTranslation ItemName="TBHelp" ItemTranslation="Hjelp"/>
		<ItemForTranslation ItemName="TBConvert " ItemTranslation="Konverter"/>
		<ItemForTranslation ItemName="TBExit" ItemTranslation="Avslutt "/>
		<ItemForTranslation ItemName="TBSave" ItemTranslation="Opprett "/>
		<!-- Text for Options dialog -->
		<ItemForTranslation ItemName="$applicationname Options" ItemTranslation="{applicationname} Alternativer"/>
		<ItemForTranslation ItemName="ProgramOptions" ItemTranslation="Programalternativer"/>
		<ItemForTranslation ItemName="LaunchViewer" ItemTranslation="Start Microsoft Word"/>
		<ItemForTranslation ItemName="ForSingleFile" ItemTranslation="For en enkelt fil"/>
		<ItemForTranslation ItemName="ForMultipleFiles" ItemTranslation="For flere filer"/>
		<ItemForTranslation ItemName="TargetPath" ItemTranslation="Bane for utdata"/>
		<ItemForTranslation ItemName="TargetFormat" ItemTranslation="Utdata filformat"/>
		<ItemForTranslation ItemName="Language" ItemTranslation="Brukergrensesnittspråk"/>
		<ItemForTranslation ItemName="CloseProgressDlg" ItemTranslation="Hold progresjonsvinduet åpent"/>
		<ItemForTranslation ItemName="RestoreDefaults" ItemTranslation="Gjenopprett standardinnstillinger"/>
		<ItemForTranslation ItemName="PromptForPages" ItemTranslation="Spør etter sideområde"/>
		<ItemForTranslation ItemName="CharSpacing" ItemTranslation="Behold tegnavstand"/>
		<ItemForTranslation ItemName="ShowWizard" ItemTranslation="Bruk veiviser"/>
		<ItemForTranslation ItemName="ExtractText" ItemTranslation="Extract text"/>
		<ItemForTranslation ItemName="LineLength" ItemTranslation="Line length"/>
		<!-- <ItemForTranslation ItemName="Columns Recovery"         ItemTranslation="Columns Recovery"/> -->
		<ItemForTranslation ItemName="FilterOptions" ItemTranslation="Konfigurasjon av konverterer"/>
		<!--
                    <ItemForTranslation ItemName="Image Anchoring"          ItemTranslation="Image Anchoring"/>
                    <ItemForTranslation ItemName="Automatic"                ItemTranslation="Automatic"/>
                    <ItemForTranslation ItemName="Paragraph"                ItemTranslation="Paragraph"/>
                    <ItemForTranslation ItemName="Page"                     ItemTranslation="Page"/>
                -->
		<!-- Errors -->
		<!-- Descriptions for Options dialog -->
		<ItemForTranslation ItemName="ProgramOptionsDescription" ItemTranslation="{applicationname} kan bli konfigurert med disse alternativene."/>
		<ItemForTranslation ItemName="LaunchViewerDescription" ItemTranslation="Åpne konvertert fil i Microsoft Word når den er ferdig."/>
		<ItemForTranslation ItemName="CloseWindowDescription" ItemTranslation="Hold alltid konverteringsvinduet åpent. Ellers blir dette vinduet lukket automatisk ved vellykket konvertering."/>
		<ItemForTranslation ItemName="TargetPathDescription" ItemTranslation="Velg plasseringen der de konverterte filene er lagret."/>
		<ItemForTranslation ItemName="DefaultFilterDescription" ItemTranslation="DOC støtter integrerte skrifttyper. RTF kan bli åpnet av andre programmer enn Microsoft Word. TXT støtter ikke noe formatering eller bilder."/>
		<ItemForTranslation ItemName="LanguageDescription" ItemTranslation="Velg brukergrensesnitt-språk for {applicationname}."/>
		<ItemForTranslation ItemName="ShowWizardDescription" ItemTranslation="Still inn dette alternativet hvis du ønsker å bruke konverteringsveiviseren til å hjelpe deg med å konfigurere konverteringsinnstillingene."/>
		<ItemForTranslation ItemName="FilterOptionsDescription" ItemTranslation="Konfigurer selektivt spesifikke programfunksjoner i {applicationname}."/>
		<ItemForTranslation ItemName="PDFFilterDescription" ItemTranslation="Konfigurer selektivt spesifikke programfunksjoner i {applicationname}."/>
		<ItemForTranslation ItemName="PDFFilterPromptForPagesDescription" ItemTranslation="Konverter enten alle sider eller bli spurt om å konvertere en del av dokumentet."/>
		<ItemForTranslation ItemName="PDFFilterColumnsRecoveryDescription" ItemTranslation="Kontroller hvordan kolonner blir håndtert.  Kolonner kan bli ignorert eller gjenkjent og presentert som kolonner i RTF-filen."/>
		<ItemForTranslation ItemName="PDFFilterCharSpacingDescription" ItemTranslation="Behold tegnbredden og -avstanden fra PDF-filen. PDF-filer kan ha individuell avstand og bredde for hvert tegn."/>
		<ItemForTranslation ItemName="PDFFilterImagesAnchoringDescription" ItemTranslation=" Velg Fjern bilder hvis du vil fjerne spesifikke bilder fra dokumentet. Du kan også velge Automatisk forankring hvis du vil konvertere alle bilder til forankring på linje, forankring til avsnitt eller forankring til side."/>
		<ItemForTranslation ItemName="ExtractTextDescription" ItemTranslation="Configure text extraction options."/>
		<ItemForTranslation ItemName="LineLengthDescription" ItemTranslation="Type the maximum number of characters to display in each line of your output document."/>
		<!-- Text for Progress dialog -->
		<ItemForTranslation ItemName="FileName" ItemTranslation="Filnavn"/>
		<ItemForTranslation ItemName="Source" ItemTranslation="Kilde"/>
		<ItemForTranslation ItemName="Destination" ItemTranslation="Destinasjon"/>
		<ItemForTranslation ItemName="Status" ItemTranslation="Status"/>
		<ItemForTranslation ItemName="Description" ItemTranslation="Beskrivelse"/>
		<ItemForTranslation ItemName="ButtonStateClose" ItemTranslation="Lukk"/>
		<ItemForTranslation ItemName="StatusStringCompleted" ItemTranslation="Filkonverteringen er fullført."/>
		<ItemForTranslation ItemName="StatusStringCanceled" ItemTranslation="Bruker avbrøt konvertering."/>
		<ItemForTranslation ItemName="StatusStringCompletedWithFault" ItemTranslation="Filkonverteringen er mislykket."/>
		<ItemForTranslation ItemName="Converting" ItemTranslation="Konverterer..."/>
		<ItemForTranslation ItemName="General" ItemTranslation="Generell"/>
		<ItemForTranslation ItemName="Details" ItemTranslation="Detaljer"/>
		<ItemForTranslation ItemName="Conversion Progress" ItemTranslation="Konverteringsprogresjon"/>
		<!-- Error codes -->
		<ItemForTranslation ItemName="InternalError" ItemTranslation="Intern feil."/>
		<ItemForTranslation ItemName="InternalErrorDesc" ItemTranslation="Intern feil."/>
		<ItemForTranslation ItemName="Succeed" ItemTranslation="Vellykket."/>
		<ItemForTranslation ItemName="SucceedDesc" ItemTranslation="Vellykket."/>
		<ItemForTranslation ItemName="Canceled" ItemTranslation="Avbrutt."/>
		<ItemForTranslation ItemName="CanceledDesc" ItemTranslation="Avbrutt av bruker."/>
		<ItemForTranslation ItemName="BadData" ItemTranslation="Feil i data."/>
		<ItemForTranslation ItemName="BadDataDesc" ItemTranslation="Ugyldig filinnhold."/>
		<ItemForTranslation ItemName="IOError" ItemTranslation="Feil ved inndata."/>
		<ItemForTranslation ItemName="IOErrorDesc" ItemTranslation="Kan ikke åpne kildefil."/>
		<ItemForTranslation ItemName="FileHasCopyPtotection" ItemTranslation="Fil har kopibeskyttelse."/>
		<ItemForTranslation ItemName="FileHasCopyPtotectionDesc" ItemTranslation="Kan ikke konvertere. Filen er kopibeskyttet."/>
		<ItemForTranslation ItemName="InvalidPagesRange" ItemTranslation="Ugyldig sideområde."/>
		<ItemForTranslation ItemName="InvalidPagesRangeDesc" ItemTranslation="Spesifisert sideområde er utenfor dokumentets virkefelt."/>
		<ItemForTranslation ItemName="InvalidArgumentsDesc" ItemTranslation="Ugyldig inndata-/utdata-argumenter."/>
		<ItemForTranslation ItemName="Internal program error" ItemTranslation="Intern programfeil"/>
		<!-- messages -->
		<ItemForTranslation ItemName="OverwriteOptions" ItemTranslation="Er du sikker på at du ønsker å overskrive alle alternativer med standardverdiene?"/>
		<ItemForTranslation ItemName="FileNotFound" ItemTranslation="{1} {n}filen ble ikke funnet{n}Vennligst kontroller at riktig filnavn ble oppgitt."/>
		<!--*** String To Translate ***--><ItemForTranslation ItemName="FileCantBeReplaced" ItemTranslation="{n}Output file cannot be overwritten.{n}The file is locked by an application (Open in Word?) or protected from deletion.{n}Please unlock the file or change the target file name."/>
		<ItemForTranslation ItemName="STR_END_IS_GREAT" ItemTranslation="Den første siden må være mindre enn eller lik det siste sidetallet."/>
		<ItemForTranslation ItemName="STR_INVALID_NUM" ItemTranslation="Siden må være et tall og være større enn null."/>
		<!-- Stop Convert Dlg -->
		<ItemForTranslation ItemName="CancelConversionMessage" ItemTranslation="Vil du avbryte konverteringsprosessen?"/>
		<!-- Progress bar -->
		<ItemForTranslation ItemName="ConversionLogMessage" ItemTranslation="Konverterer Log"/>
		<ItemForTranslation ItemName="StartingConversionMessage" ItemTranslation="------- Konvertering begynt: {1} -------"/>
		<ItemForTranslation ItemName="FileConversionMessage" ItemTranslation="Filen konverterer: "/>
		<ItemForTranslation ItemName="ElapsedMessage" ItemTranslation="Konvertering fullført. Tid forløpt: {1}"/>
		<ItemForTranslation ItemName="ReportMessage" ItemTranslation="{n}Sider fra {1} til {2} ble konvertert."/>
		<ItemForTranslation ItemName="ImageNotFound" ItemTranslation="Det er ingen bilder i dette dokumentet."/>
		<ItemForTranslation ItemName="FailedSaveImage" ItemTranslation="Mislyktes i å lagre bildet til {1}"/>
		<!--*** String To Translate ***--><ItemForTranslation ItemName="ConversionFailedMessage" ItemTranslation="Conversion failed on page {1}."/>
		<ItemForTranslation ItemName="DaysFormat" ItemTranslation="{1} dager "/>
		<ItemForTranslation ItemName="HoursFormat" ItemTranslation="{1} timer "/>
		<ItemForTranslation ItemName="DayFormat" ItemTranslation="{1} day "/>
		<ItemForTranslation ItemName="HourFormat" ItemTranslation="{1} time "/>
		<ItemForTranslation ItemName="MinutesFormat" ItemTranslation="{1} min. "/>
		<ItemForTranslation ItemName="MinuteFormat" ItemTranslation="{1} min. "/>
		<ItemForTranslation ItemName="SecondsFormat" ItemTranslation="{1} sek."/>
		<ItemForTranslation ItemName="SecondFormat" ItemTranslation="{1} sek."/>
		<!-- RTF filter message -->
		<ItemForTranslation ItemName="OutputPathMessage" ItemTranslation="Utdata ble lagret på: {1}"/>
		<ItemForTranslation ItemName="WritingFileMessage" ItemTranslation="Skriver {1} fil..."/>
		<!-- PDF filter messsages -->
		<ItemForTranslation ItemName="PDFPreScanInfoText" ItemTranslation="Skanner fil {1}..."/>
		<ItemForTranslation ItemName="PDFLoadingInfoText" ItemTranslation="Laster fil {1}..."/>
		<ItemForTranslation ItemName="FractionalFontSize" ItemTranslation="kilden inneholder en skrifttype med en liten størrelse.{n}Målformatet støtter kun skrifttyper med en størrelse multippel på 1/2."/>
		<ItemForTranslation ItemName="FontHeadMessage" ItemTranslation="Skrifttype {1} advarsel(er):"/>
		<ItemForTranslation ItemName="FontSubstMessage" ItemTranslation="navnet på skrifttypen ble byttet ut med {1}."/>
		<ItemForTranslation ItemName="FontEmbedMessage" ItemTranslation="integrerte data med skrifttype-navn {1}."/>
		<ItemForTranslation ItemName="DifferentLookingWarning" ItemTranslation="Utdataenes utseende kan være annerledes enn kildens på grunn av:"/>
		<ItemForTranslation ItemName="FontEmbedWarning" ItemTranslation="Dokumentet inneholder integrert skrifttypedata"/>
		<ItemForTranslation ItemName="FontNotBuiltInWarning" ItemTranslation="Dokumentet inneholder ingen innebygd(e) skrifttype(r)"/>
		<ItemForTranslation ItemName="EvaluationInfoMessage" ItemTranslation="Evalueringseksemplar: anvendelsen er begrenset."/>
		<!--
                Text1 :
                    Thank you for trying SolidConverter PDF.
                    The trial version of this product only converts 10% of your document, with a 10 page maximum.
                    Please register SolidConverter PDF to remove this restriction.
                 -->
		<ItemForTranslation ItemName="EvaluationMessage1" ItemTranslation="Takk for at du prøver {applicationname}.{n}Prøveversjonen av dette produktet konverterer kun 10% av dokumentet ditt, med et maksimum på 10 sider.{n}Vennligst registrer {link:applicationpurchaseurl}{applicationname}{/link} for å fjerne denne begrensningen.{n}"/>
		<!--
                Text2 (contain some parts from Text1 ) :
                    Thank you for trying SolidConverter PDF.{n}
                    The trial version of this product only converts 10% of your document, with a 10 page maximum.{n}
                    For this conversion, SolidConverter PDF converted 1 of 1 pages.{n}
                    Please register SolidConverter PDF at http://www.solidpdf.com to remove this restriction.{n}
                 -->
		<ItemForTranslation ItemName="EvaluationMessage2" ItemTranslation="Takk for at du prøver {applicationname}.{pb/}Prøveversjonen av dette produktet konverterer kun 10% av dokumentet ditt, med et maksimum på 10 sider. {pb/}For denne konverteringen, konverterte {applicationname} {1} av {2} sider.{pb/}{b}Vennligst registrer {color}{applicationname}{/color} på {applicationpurchaseurl} for å fjerne denne restriksjonen.{/b}"/>
		<!-- Promt for password -->
		<ItemForTranslation ItemName="Enter password" ItemTranslation="Skriv inn passord"/>
		<ItemForTranslation ItemName="This file is protected." ItemTranslation="PDF-filen din har Self-Signing security som begrenser tilgjengelighet. Vennligst skriv inn PDF-dokumentpassordet for å fortsette med konverteringen."/>
		<ItemForTranslation ItemName="Password:" ItemTranslation="Passord:"/>
		<ItemForTranslation ItemName="Invalid Password." ItemTranslation="Ugyldig Passord."/>
		<ItemForTranslation ItemName="You don't have permissions for extract operation." ItemTranslation="Du har ikke tilgang til  trekke ut data."/>
		<!-- Promt for pages -->
		<ItemForTranslation ItemName="Convert Pages" ItemTranslation="Konverter sider"/>
		<ItemForTranslation ItemName="All %d pages" ItemTranslation="Alle sider ({1})"/>
		<ItemForTranslation ItemName="Pages From:" ItemTranslation="Sider fra:"/>
		<ItemForTranslation ItemName="To:" ItemTranslation="Til:"/>
		<ItemForTranslation ItemName="The starting page must be less than or the same as the ending page number." ItemTranslation="Den første siden må være mindre enn eller lik det siste sidetallet."/>
		<ItemForTranslation ItemName="There is no page numbered '{1}' in this document." ItemTranslation="Det er ingen side nummer '{1}' i dette dokumentet."/>
		<!-- Wizard: Page Range -->
		<ItemForTranslation ItemName="PageRange" ItemTranslation="Sideområde"/>
		<ItemForTranslation ItemName="AllPages" ItemTranslation="Alle"/>
		<ItemForTranslation ItemName="Pages" ItemTranslation="Sider"/>
		<ItemForTranslation ItemName="From:" ItemTranslation="Fra:"/>
		<ItemForTranslation ItemName="extractpagerange" ItemTranslation="Hvilke sider av PDF-dokumentet vil du trekke ut bilder fra? Hvis du vil gjenvinne alle bildene i PDF-dokumentet, velg 'Alle'.{n}{n}Hvis du kun vil trekke ut bilder fra spesifikke sider i PDF-filen, velg 'Sider' og skriv inn sideområde i 'Fra'- og 'Til'-feltene."/>
		<ItemForTranslation ItemName="convertpagerange" ItemTranslation="Hvilke sider av PDF-dokumentet vil du gjenvinne? Hvis du vil gjenvinne hele PDF-filen, velg 'Alle'.{n}{n}Hvis du kun ønsker å gjenvinne spesifikke sider i PDF-filen, velg 'Sider' og skriv inn sideomoråde i 'Fra'- og 'Til'-feltene."/>
		<!-- V2.1 TEXT
                 ItemForTranslation     ItemName="SolidConverterPDFUsage" ItemTranslation="Usage: SolidConverterPDF.exe [/h] /i Input [/o Output] [/w argument] [/y | /n] [/c] [/s] [/a argument] [/f argument] [/p xxx[-yyy]] {n}{n}{t}/h  {t}Displays this help. {n}{n}{t}/i  {t}Specifies the file or files to be converted. {n}{n}{t}/o  {t}Specifies the file name or directory for the new file(s). {n}{n}{t}/w  {t}Silent mode (hide progress dialog is default). {n}{n}{t}{t}  argument:  + : Always show progress dialog (/w +). {n}{n}{t}{t}      {t}     x : Automatically close progress dialog if successful (/w x). {n}{n}{t}/y  {t}Force overwriting of existing files (prompt to overwrite is default). {n}{n}{t}/n  {t}Force converter to not overwrite exiting files (no conversion if output file exists). {n}{n}{t}/c  {t}Don't detect columns (detect columns is default). {n}{n}{t}/f  {t}Format options (the default is Flowing.){n}{t}{t}If this parameter exists, /c parameter is ignored. {n}{n}{t}{t}  argument:   tabl : Tables (/f tabl). {n}{n}{t}{t}      {t}     cont : Continuous (/f cont). {n}{n}{t}{t}      {t}      txt : Text (/f txt). {n}{n}{t}{t}      {t}      exact : Exact (/f exact). {n}{n}{t}                /s  {t}Ignore character spacing (keep character spacing is default). {n}{n}{t}                /a  {t}                Image anchoring (the default is automatic). {n}{n}{t}{t}                  argument:   g : page anchoring (/a g). {n}{n}{t}{t}      {t}      p : paragraph anchoring (/a p). {n}{n}{t}{t}      {t}      r : remove images (/a r). {n}{n}{t}{t}      {t}      x : extract images (/a x)                 {n}{n}{t}/p  {t}Page conversion (/p xxx-yyy): {n}{n}{t}{t}  xxx : is starting page number and must be greater than 0. {n}{n}{t}{t}  yyy : is ending page number and must be greater or equal to xxx. {n}"/
                -->
		<!-- V2.0 TEXT -->
		<ItemForTranslation ItemName="help_dlg_title" ItemTranslation="Hjelp for {applicationname}"/>
		<ItemForTranslation ItemName="SolidConverterPDFUsage" ItemTranslation="Anvendelse: SolidConverterPDF.exe [/h] /i Input [/o Output] [/w argument] [/y | /n] [/c] [/s] [/a argument] [/f argument] [/p xxx[-yyy]] {n}{n}{t}/h  {t}Viser denne hjelpen. {n}{n}{t}/i  {t}Spesifiserer filen eller filene som skal konverteres. {n}{n}{t}/o  {t}Spesifiserer filnavnet eller mappen til den nye filen(e). {n}{n}{t}/w  {t}Lydløs modus (skjule progresjonsvindu er standard). {n}{n}{t}{t}  argument:  + : Vis alltid progresjonsvindu (/w +). {n}{n}{t}{t}      {t}     x : Lukk progresjonsvindu automatisk hvis vellykket (/w x). {n}{n}{t}/y  {t}Tving overskriving av eksisterende filer (spørre om å overskrive er standard). {n}{n}{t}/n  {t}Tving konvertereren til ikke å overskrive eksisterende filer (ingen konvertering hvis utdata-fil eksisterer). {n}{n}{t}/c  {t}Ikke gjenkjenn kolonner (kjenkjenn kolonner er standard). {n}{n}{t}/f  {t}Format alternativer (standard er Flytende side.){n}{t}{t}Hvis denne parameter eksisterer, /c så blir parameter ignorert. {n}{n}{t}{t}  argument:   tabl : Tabeller (/f tabl). {n}{n}{t}{t}      {t}     cont : Kontinuerlig (/f cont). {n}{n}{t}{t}      {t}      txt : Tekst (/f txt). {n}{n}{t}{t}      {t}      true : Nøyaktig side (/f true). {n}{n}{t}/s  {t}Ignorer tegntavstand (behold tegntavstand er standard). {n}{n}{t}/a  {t}Bildebehandling (standarden er automatisk). {n}{n}{t}{t}  argument:   g : forankring av side (/a g). {n}{n}{t}{t}      {t}      p : forankring av avsnitt (/a p). {n}{n}{t}{t}      {t}      r : fjern bilder (/a r). {n}{n}{t}/p  {t}Konvertering av side (/p xxx-yyy): {n}{n}{t}{t}  xxx : er første sidetall og må være større enn 0. {n}{n}{t}{t}  yyy : er siste sidetall og må være større enn eller lik xxx."/>
		<ItemForTranslation ItemName="SolidConverterPDFUsageHead" ItemTranslation="Anvendelse:"/>
		<!--*** String To Translate ***--><ItemForTranslation ItemName="SolidConverterPDFUsageCmdString" ItemTranslation="[/h] /i Input [/o Output] [/w argument] [/y | /n] [/c argument]{n} [/f argument] [/s] [/a argument] [/p xxx[-yyy]{n}[/pwd [&quot;password&quot;]]]"/>
		<!--*** String To Translate ***--><ItemForTranslation ItemName="SolidConverterPDFUsageCmdString_lite" ItemTranslation="[/h] /i Input [/o Output] [/w argument] [/y | /n] [/c argument]{n} [/f argument] [/s] [/p xxx[-yyy]]{n}[/pwd [&quot;password&quot;]] "/>
		<ItemForTranslation ItemName="ArgumentStr" ItemTranslation="Argumenter:"/>
		<ItemForTranslation ItemName="ParametersStr" ItemTranslation="Parametere:"/>
		<ItemForTranslation ItemName="hDescription" ItemTranslation="Viser denne hjelpen."/>
		<ItemForTranslation ItemName="iDescription" ItemTranslation="Spesifiserer filen eller filene som skal konverteres."/>
		<ItemForTranslation ItemName="oDescription" ItemTranslation="Spesifiserer filnavnet eller mappen til den nye filen(e)."/>
		<ItemForTranslation ItemName="wDescription" ItemTranslation="Lydløs modus (skjult progresjonsvindu er standard)."/>
		<ItemForTranslation ItemName="wArguments" ItemTranslation="+ : Vis alltid progresjonsvindu (/w +).{n}x : Lukk progresjonsvinduet automatisk når vellykket (/w x)."/>
		<ItemForTranslation ItemName="yDescription" ItemTranslation="Tving overskriving av eksisterende filer (spørre om å overskrive er standard)."/>
		<ItemForTranslation ItemName="nDescription" ItemTranslation="Tving konvertereren til ikke å overskrive eksisterende filer (ingen konvertering hvis utfata-fil eksisterer)."/>
		<ItemForTranslation ItemName="cDescription" ItemTranslation="Formatalternativer (Flytende side er standard.)"/>
		<ItemForTranslation ItemName="cArguments" ItemTranslation="tabl  : Tabeller (/c tabl).{n}cont : Kontinuerlig (/c cont).{n}txt    : Tekst (/c txt).{n}exact  : Nøyaktig side (/c exact).{n}x       : Trekk kun ut bilder (/c x)"/>
		<ItemForTranslation ItemName="cArguments_lite" ItemTranslation="txt    : Tekst (/c txt)."/>
		<ItemForTranslation ItemName="sDescription" ItemTranslation="Ignorer tegnavstand (behold tegnavstand er standard)."/>
		<ItemForTranslation ItemName="aDescription" ItemTranslation="Modusen plassere bilde (automatisk er standard)."/>
		<ItemForTranslation ItemName="aArguments" ItemTranslation="g : forankring av side (/a g).{n}p : forankring av avsnitt (/a p).{n}r  : fjern bilder (/a r)."/>
		<ItemForTranslation ItemName="pDescription" ItemTranslation="Konvertering av side (/p xxx-yyy)"/>
		<ItemForTranslation ItemName="pArguments" ItemTranslation="xxx : er første side og må være større enn 0.{n}yyy : er siste side og må være større enn eller lik xxx."/>
		<ItemForTranslation ItemName="dDescription" ItemTranslation="Topptekst og bunntekst behandles (gjenkjenne er standard)."/>
		<ItemForTranslation ItemName="dArguments" ItemTranslation="r : gjenkjenn og fjern (/d r){n}i : ignorer og behandle innholdet som innholdstekst (/d r)"/>
		<ItemForTranslation ItemName="tDescription" ItemTranslation="Målformat (standard er definert i Programalternativer)"/>
		<!--*** String To Translate ***--><ItemForTranslation ItemName="tArguments" ItemTranslation="rtf    : Rich Text format (/f rtf){n}doc : Microsoft Word format (/f doc){n}wordml: Microsoft Word XML format"/>
		<ItemForTranslation ItemName="eDescription" ItemTranslation="Intergrert skrifttype behandles (ignorer er standard)"/>
		<ItemForTranslation ItemName="eArguments" ItemTranslation="s : Installer i systemet (/e s){n}e : integrert i utdata-dokument {n}    (kun for Microsoft Word målformat (/e e)"/>
		<ItemForTranslation ItemName="pwdDescription" ItemTranslation="Passordalternativ (standard er å hoppe over krypterte filer)"/>
		<ItemForTranslation ItemName="pwdArguments" ItemTranslation="Manglende argument : be om passord for hver krypterte fil {n}&quot;passord&quot;          : tekst i anførselstegn. Bruk dette passordet hvis filen er kryptert. {n}En fil kan krypteres med et tomt passord - bruk i så fall bare doble anførselstegn (&quot;&quot;)"/>
		<!-- -->
		<!-- V1.0 TEXT
                 ItemTranslation="Usage: SolidConverterPDF.exe [/h] /i Input [/o Output] [/w argument] [/y | /n] [/c] [/s] [/a argument]                         [/p xxx[-yyy]] {n}{n}{t}/h  {t}Displays this help. {n}{n}{t}/i  {t}Specifies the file or files to be converted. {n}{n}{t}/o  {t}Specifies the file name or directory for the new file(s). {n}{n}{t}/w  {t}Silent mode (hide progress dialog is default). {n}{n}{t}{t}  argument:  + : Always show progress dialog (/w +). {n}{n}{t}{t}      {t}     x : Automatically close progress dialog if successful (/w x). {n}{n}{t}/y  {t}Force overwriting of existing files (prompt to overwrite is default). {n}{n}{t}/n  {t}Force converter to not overwrite exiting files (no conversion if output file exists). {n}{n}{t}/c  {t}Don't detect columns (detect columns is default). {n}{n}{t}/s  {t}Ignore character spacing (keep character spacing is default). {n}{n}{t}/a  {t}Image anchoring (the default is automatic). {n}{n}{t}{t}  argument:   g : page anchoring (/a g). {n}{n}{t}{t}      {t}      p : paragraph anchoring (/a p). {n}{n}{t}/p  {t}Page conversion (/p xxx-yyy): {n}{n}{t}{t}  xxx : is starting page number and must be greater than 0. {n}{n}{t}{t}  yyy : is ending page number and must be greater or equal to xxx. {n}"/
                -->
		<ItemForTranslation ItemName="Source_File_Type_Filter" ItemTranslation="PDF-filer (*.pdf)|*.pdf||"/>
		<ItemForTranslation ItemName="RTF_Files_Filter" ItemTranslation="RTF-filer (*.rtf)"/>
		<ItemForTranslation ItemName="DOC_Files_Filter" ItemTranslation="DOC-filer (*.doc)"/>
		<ItemForTranslation ItemName="TXT_Files_Filter" ItemTranslation="TXT-filer (*.txt)"/>
		<!-- Warnings -->
		<ItemForTranslation ItemName="Warnings" ItemTranslation="Advarsler"/>
		<ItemForTranslation ItemName="WarningsSetDescription" ItemTranslation="Velg hvilke advarsler du ønsker å vise under konverteringen."/>
		<!-- Options panel. Left column  -->
		<ItemForTranslation ItemName="VectorGrfWarning" ItemTranslation="Vektorgrafikk"/>
		<!-- Options panel. Description -->
		<ItemForTranslation ItemName="VectorGrfWarningDescription" ItemTranslation="Vis denne advarselen ved konverteringstidspunktet hvis filen inneholder vektorgrafikk som ikke ennå er støttet. Enheter med vektorgrafikk vil bli hoppet over."/>
		<!-- Warning text -->
		<ItemForTranslation ItemName="VectorGrfWarningText" ItemTranslation="Denne PDF-filen inneholder vektorgrafikk som ikke ennå er støttet, og ble derfor ikke konvertert."/>
		<!-- Options panel. Left column  -->
		<!--*** String To Translate ***--><ItemForTranslation ItemName="NoTextWarning" ItemTranslation="No text in File"/>
		<!-- Options panel. Description -->
		<ItemForTranslation ItemName="NoTextWarningDescription" ItemTranslation="Vis denne advarselen hvis det ikke er noe tekst i den konverterte filen. Den mest sansynlige grunnen er at det er et skannet dokument som utelukkende består av sider med punktgrafikksbilder."/>
		<!-- Warning text -->
		<ItemForTranslation ItemName="NoTextWarningText" ItemTranslation="Denne filen inneholder ikke noe tekst. Den mest sansynlige grunnen er at det er et skannet dokument som utelukkende består av sider med punktgrafikksbilder."/>
		<!-- Options panel. Left column  -->
		<ItemForTranslation ItemName="HiddenTextWarning" ItemTranslation="Hidden text in File"/>
		<!-- Options panel. Description -->
		<ItemForTranslation ItemName="HiddenTextWarningDescription" ItemTranslation="Show this warning if there is a page with completely hidden(covered with graphics) text in the converted file. The most likely reason is that it is a scanned document which consists entirely of bitmap image pages and recognized text covered with this image (Searchable image)."/>
		<!-- Warning text -->
		<ItemForTranslation ItemName="HiddenTextWarningText" ItemTranslation="This file contains text under graphics(image). The most likely reason is that it is a scanned document which consists entirely of bitmap image pages and recognized text covered with this image (Searchable image)."/>
		<!-- Options panel. Left column  -->
		<ItemForTranslation ItemName="SymbolicFontWarning" ItemTranslation="Symbolskrifttyper"/>
		<!-- Options panel. Description -->
		<ItemForTranslation ItemName="SymbolicFontWarningDescription" ItemTranslation="Vis denne feilmeldingen hvis dokumentet inneholder ustandarisert koding, som for eksempel symbolskrifttyper."/>
		<!-- Warning text -->
		<ItemForTranslation ItemName="SymbolicFontWarningText" ItemTranslation="Denne filen inneholder ikke-standardisert koding, og kan bli behandlet feilaktig."/>
		<!-- Options panel. Left column  -->
		<!--*** String To Translate ***--><ItemForTranslation ItemName="InsufficientOfficeVersionWarning" ItemTranslation="Microsoft Office-versjon"/>
		<!-- Options panel. Description -->
		<!--*** String To Translate ***--><ItemForTranslation ItemName="InsufficientOfficeVersionWarningDescription" ItemTranslation="Vis denne advarselen hvis Microsoft Office-versjonen som er installert for øyeblikket er eldre enn Office XP."/>
		<!-- Warning text -->
		<!--*** String To Translate ***--><ItemForTranslation ItemName="InsufficientOfficeVersionWarningText" ItemTranslation=" Din utgave av Microsoft Office er eldre enn Office XP. Filen kan konverteres, men du vil ikke kunne åpne den på denne datamaskinen."/>
		<ItemForTranslation ItemName="{applicationname} Wizard ({1})" ItemTranslation="{applicationname} Veiviser ({1})"/>
		<ItemForTranslation ItemName="{applicationname} Settings ({1})" ItemTranslation="{applicationname} Oppsett ({1})"/>
		<!-- v2.0 -->
		<ItemForTranslation ItemName="FormatingMode" ItemTranslation="Rekonstruksjonsmodus"/>
		<ItemForTranslation ItemName="FormatingModeDescription" ItemTranslation="Avhengig av type dokument og formålet med konverteringen, gir rekonstruksjonsmodusen stor fleksibiliet over gjenvinning av layout, formatering og tekstflyt."/>
		<ItemForTranslation ItemName="Do not recover columns" ItemTranslation="Tabeller"/>
		<ItemForTranslation ItemName="Detect and preserve columns" ItemTranslation="Flytende side"/>
		<ItemForTranslation ItemName="Formatting_and_no_Layout" ItemTranslation="Kontinuerlig"/>
		<ItemForTranslation ItemName="No_Formatting_or_Layout" ItemTranslation="Ren tekst"/>
		<ItemForTranslation ItemName="True_Page" ItemTranslation="Opprinnelig side"/>
		<ItemForTranslation ItemName="FM_FORMAT_LAYOUT_COLUMNS" ItemTranslation="Flytende side - gjenvinn sidelayout, kolonner, formatering, grafikk og bevar tekstflyt."/>
		<ItemForTranslation ItemName="FM_FORMAT_LAYOUT" ItemTranslation="Tabeller - gjenvinn sidelayout, formatering, grafikk og bevar tekstflyt men ignorer kolonner."/>
		<ItemForTranslation ItemName="FM_FORMAT" ItemTranslation="Kontinuerlig - gjenkjenn layout og kolonner men gjenvinn kun formatering, grafikk og tekstflyt."/>
		<ItemForTranslation ItemName="FM_NONE" ItemTranslation="Ren tekst - gjenkjenn layout og kolonner men gjenvinn kun tekstflyt uten formatering."/>
		<ItemForTranslation ItemName="FM_TRUEPAGE" ItemTranslation="Opprinnelig side - gjenvinn nøyaktig sidepresentasjon ved bruk av bokser i Microsoft Word."/>
		<ItemForTranslation ItemName="WA_CONVERT_WORD" ItemTranslation="Konverter dokumenter fra PDF til Word"/>
		<ItemForTranslation ItemName="WA_EXTRACT_IMAGE" ItemTranslation="Trekk ut bilder fra PDF-fil"/>
		<!-- ExtractImage Message -->
		<ItemForTranslation ItemName="ExtractImageMessage" ItemTranslation="{1}Bilde {2} ble trukket ut fra side {3}"/>
		<!--*** String To Translate ***--><ItemForTranslation ItemName="ImagesProcessing" ItemTranslation="Image Handling"/>
		<!--*** String To Translate ***--><ItemForTranslation ItemName="ImagesProcessingDescription" ItemTranslation="Select Remove Images to remove specific images from the document. You can also select Automatic Anchoring to convert all images to inline anchoring, Anchor to Paragraph, or Anchor to Page."/>
		<ItemForTranslation ItemName="RemoveImage" ItemTranslation="Fjern bilder"/>
		<ItemForTranslation ItemName="RemoveImages" ItemTranslation="Fjern integrerte bilder"/>
		<ItemForTranslation ItemName="Remove_Images" ItemTranslation="Fjern bilder"/>
		<ItemForTranslation ItemName="Remove_Inline_Images" ItemTranslation="Fjern integrerte bilder"/>
		<ItemForTranslation ItemName="RemoveAllImages" ItemTranslation="Fjern alle bilder"/>
		<ItemForTranslation ItemName="RemoveAllImagesExceptInline" ItemTranslation="Fjern bilder (untatt integrerte bilder)"/>
		<ItemForTranslation ItemName="AnchoringAutomatic" ItemTranslation="Automatisk forankring"/>
		<ItemForTranslation ItemName="AnchoringParagraph" ItemTranslation="Forankre til avsnitt"/>
		<ItemForTranslation ItemName="AnchoringPage" ItemTranslation="Forankre til side"/>
		<ItemForTranslation ItemName="RemoveImagePrompt1" ItemTranslation="Når layout ikke blir bevart, kan bare integrerte bilder bli gjenvunnet.{n}Dette alternativet gir deg muligheten til også å fjerne de integrerte bildene."/>
		<ItemForTranslation ItemName="RemoveImagePrompt2" ItemTranslation="Når layout blir bevart, blir integrerte bilder alltid gjenvunnet.{n}Dette alternativet gir deg muligheten til å fjerne eller forankre bilder som ikke er integrerte."/>
		<ItemForTranslation ItemName="SaveEmbededFont" ItemTranslation="Overfør integrerte skrifttyper"/>
		<ItemForTranslation ItemName="SaveEmbededFontDescription" ItemTranslation="Integrerte skrifttyper kan overføres til .doc-filer. Du kan velge å overføre alle TrueType-skrifttyper, kun skrifttypene med ikke-standardisert koding eller ingen."/>
		<ItemForTranslation ItemName="EmbedNone-standardEncoding" ItemTranslation="Integrer TrueType-skrifttyper med ikke-standardisert koding"/>
		<ItemForTranslation ItemName="EmbedAllTrueType" ItemTranslation="Integrer alle TrueType-skrifttyper"/>
		<ItemForTranslation ItemName="DoNotEmbed" ItemTranslation="Integrer ikke skrifttyper"/>
		<ItemForTranslation ItemName="InstallEmbededFont" ItemTranslation="Installer integrerte skrifttyper"/>
		<ItemForTranslation ItemName="InstallEmbededFontDescription" ItemTranslation="TrueType og Type 1 skrifttyper som er integrert i PDF-filen kan valfgritt installeres på datamaskinen din."/>
		<ItemForTranslation ItemName="HeadersAndFooters" ItemTranslation="Topptekster og bunntekster"/>
		<ItemForTranslation ItemName="PDFFilterHeadersAndFootersDescription" ItemTranslation="{applicationname} kan gjenvinne eller fjerne topptekster og bunntekster."/>
		<ItemForTranslation ItemName="Detect" ItemTranslation="Gjenkjenn og gjenvinn"/>
		<ItemForTranslation ItemName="DetectAndRemove" ItemTranslation="Gjenkjenn og fjern"/>
		<ItemForTranslation ItemName="DoNotDetect" ItemTranslation="Ikke gjenkjenn"/>
		<ItemForTranslation ItemName="ExtractImageFilter" ItemTranslation="Konfigurasjon av 'Trekke ut bilder'"/>
		<ItemForTranslation ItemName="ExtractImageFilterDescription" ItemTranslation="'Trekke ut bilder' er en annen programfunksjon i {applicationname} i tillegg til dokumentkonvertering. Konfigurer selektivt spesifikke programfunksjoner for å trekke ut bilder."/>
		<ItemForTranslation ItemName="ImageTargetType" ItemTranslation="Bildeformat"/>
		<ItemForTranslation ItemName="ImageTargetTypeDescription" ItemTranslation="Når bilder trekkes ut fra et PDF-dokument, kan du velge å lagre i et annet format enn originalen."/>
		<ItemForTranslation ItemName="KeepSourceFormat" ItemTranslation="&lt;Behold kildeformat&gt;"/>
		<ItemForTranslation ItemName="bmp" ItemTranslation="BMP"/>
		<ItemForTranslation ItemName="jpg" ItemTranslation="JPG"/>
		<ItemForTranslation ItemName="png" ItemTranslation="PNG"/>
		<ItemForTranslation ItemName="tif" ItemTranslation="TIF"/>
		<ItemForTranslation ItemName="ImageColorDepth" ItemTranslation="Bildets fargedybde"/>
		<ItemForTranslation ItemName="ImageColorDepthDescription" ItemTranslation="Når bilder trekkes ut fra et PDF-dokument, kan du velge å lagre dem i en annen fargedybde enn originalen."/>
		<ItemForTranslation ItemName="KeepSourceColorDepth" ItemTranslation="&lt;Behold kildens fargedybde&gt;"/>
		<ItemForTranslation ItemName="1_bit_per_pixel_Monochrome" ItemTranslation="1 bit per piksel Ensfarget"/>
		<ItemForTranslation ItemName="8_bits_per_pixel_Grayscale" ItemTranslation="8 bits per piksel Gråtone"/>
		<ItemForTranslation ItemName="8_bits_per_pixel_Color" ItemTranslation="8 bits per piksel Farge"/>
		<ItemForTranslation ItemName="16_bits_per_pixel_Color" ItemTranslation="16 bits per piksel Farge"/>
		<ItemForTranslation ItemName="24_bits_per_pixel_Color" ItemTranslation="24 bits per piksel Farge"/>
		<ItemForTranslation ItemName="Convert_Through_Wizard" ItemTranslation="Konverter med veiviser..."/>
		<ItemForTranslation ItemName="Save_As_DOC" ItemTranslation="Lagre som DOC"/>
		<ItemForTranslation ItemName="Save_As_RTF" ItemTranslation="Lagre som RTF"/>
		<ItemForTranslation ItemName="Extract_Images" ItemTranslation="Trekk ut bilder"/>
		<ItemForTranslation ItemName="Extract_Images_Through_Wizard" ItemTranslation="Trekk ut bilder med veiviser..."/>
		<!-- Wizard: -->
		<ItemForTranslation ItemName="Browse" ItemTranslation="Søk..."/>
		<ItemForTranslation ItemName="Next &gt;" ItemTranslation="Neste &gt;"/>
		<ItemForTranslation ItemName="Last &gt;&gt;" ItemTranslation="Siste &gt;&gt;"/>
		<ItemForTranslation ItemName="&lt; Previous" ItemTranslation="&lt; Forrige"/>
		<!-- Wizard: Layout nd Formatting page-->
		<ItemForTranslation ItemName="Layout_and_Formatting" ItemTranslation="Layout og formatering"/>
		<ItemForTranslation ItemName="Choose_Reconstruction_Mode" ItemTranslation="Velg rekonstruksjonsmodusen som passer best for denne PDF-filen:"/>
		<!-- Wizard: Image Recovery page-->
		<ItemForTranslation ItemName="Image_Recovery" ItemTranslation="Bildehåndtering "/>
		<!-- Wizard: Char spacing page-->
		<ItemForTranslation ItemName="Custom_Character_Spacing" ItemTranslation="Egendefinert PDF-tegnavstand"/>
		<ItemForTranslation ItemName="Custom_Character_Spacing_Prompt" ItemTranslation="Når sidelayout blir bevart, kan du velge om du vil beholde den nøyaktige egendefinerte tegnavstanden og -bredden fra PDF-filen. Dette er ideelt for å bevare nøyaktig sidelayout, men ikke for å gjøre betydelig etterfølgende redigering av teksten."/>
                <!-- Wizard: Detect Tables page-->
                <!--*** String To Translate ***--><ItemForTranslation ItemName="Custom_DetectTables_Spacing"                  ItemTranslation="Table Detection"/>
                <!--*** String To Translate ***--><ItemForTranslation ItemName="Custom_Detect_Tables_Prompt"	            ItemTranslation="Table detection applies when page layout is recognized using flowing or continuous reconstruction mode. This option is ideal for text documents but not for brochures."/>
		<!-- Wizard: Document Format and Output Path page-->
		<ItemForTranslation ItemName="Document_Format" ItemTranslation="Dokumentformat og bane for utdata"/>
		<ItemForTranslation ItemName="Document_Format_Prompt" ItemTranslation="Velg filformatet for utdata. Legg merke til at uformatert tekst (.txt) ikke er støttet for modusene kompleks formatering og sidelayout."/>
		<ItemForTranslation ItemName="DOC_Format_Choice" ItemTranslation="Microsoft Word binary .doc format (integrert skrifttype funksjonalitet er støttet)"/>
		<ItemForTranslation ItemName="RTF_Format_Choice" ItemTranslation="Microsoft Word rikt tekst format (.rtf)"/>
		<ItemForTranslation ItemName="TXT_Format_Choice" ItemTranslation="Uformatert UTF-8-tekst (.txt)"/>
		<ItemForTranslation ItemName="WORDML_Format_Choice" ItemTranslation=" Microsoft Word Word XML-format (.xml)"/>
		<ItemForTranslation ItemName="DestinationPrompt" ItemTranslation="{n}Velg hvor du vil at destinasjonsfilen skal lagres og om du vil at dokunentet skal åpnes i Microsoft Word etter konverteringen."/>
		<ItemForTranslation ItemName="Save_File_To" ItemTranslation="Lagre fil til:"/>
		<ItemForTranslation ItemName="Open_For_Editing" ItemTranslation="Åpne dokument for redigering etter konvertering."/>
		<!-- Wizard: Font Embedding/installing page-->
		<ItemForTranslation ItemName="Embedding_Installing_Fonts" ItemTranslation="Integrering og innstallering av skrifttyper"/>
		<ItemForTranslation ItemName="Embed_Font_Prompt" ItemTranslation="PDF-filer kan inneholde skrifttyper som ikke finnes på datamaskinen din. Du kan velge å selektivt integrere disse skrifttypene i det konverterte dokumentet hvis du har valgt Microsoft Words binary .doc format på den forrige skjermen i veiviseren.{n}{n}Integrering av skrifttyper vil øke størrelsen på det konverterte dokumentet."/>
		<ItemForTranslation ItemName="Install_Fonts_Prompt" ItemTranslation="{n}Ofte er skrifttyper som ikke er standard Windows skrifttyper integrert i PDF-dokumenter. Du kan velge å installere enhver slik skrifttype fra PDF-filen din på din lokale maskin som et alternativ til å integrere dem i dem i det konverterte dokumentet."/>
		<!-- Wizard: Headers & footers page-->
		<ItemForTranslation ItemName="HeadersAndFootersPrompt" ItemTranslation="{applicationname} kan gjenvinne eller fjerne topptekster og bunntekster. Sidelayout må være bevart for at gjenvinningsalternativet skal være tilgjengelig."/>
		<!-- Wizard: Finish: Convert Document page-->
		<ItemForTranslation ItemName="FinishPage" ItemTranslation="Fullfør: Konverter dokumentet"/>
		<ItemForTranslation ItemName="FinishPagePrompt" ItemTranslation="Dine konverteringsvalg er vist under. Bruk forrige-knappen for å gjøre endringer.{n}Trykk på Fullfør for å konvertere."/>
		<!-- Duplicate -->
		<ItemForTranslation ItemName="FormatingMode:" ItemTranslation="Rekonstruksjonsmodus:"/>
		<!-- Duplicate -->
		<ItemForTranslation ItemName="Image_Recovery:" ItemTranslation="Bildegjenvinning:"/>
		<ItemForTranslation ItemName="Character_Spacing:" ItemTranslation="Tegnavstand:"/>
		<ItemForTranslation ItemName="Embed_Fonts:" ItemTranslation="Integrerte skrifttyper:"/>
		<ItemForTranslation ItemName="Install_Fonts:" ItemTranslation="Installer skrifttyper:"/>
		<ItemForTranslation ItemName="Page_Range" ItemTranslation="Sideområde som skal konverteres:"/>
		<ItemForTranslation ItemName="OutputPath:" ItemTranslation="Bane for utdata er:"/>
		<!-- Duplicate -->
		<!-- New strings -->
		<ItemForTranslation ItemName="Use_Short_Wizard" ItemTranslation="Vis kun dette siste skjermbildet for fremtiden. Det er enkelt å reversere dette valget."/>
		<ItemForTranslation ItemName="ShortWizard" ItemTranslation="Konverteringsoppsett"/>
		<ItemForTranslation ItemName="ShortWizardPrompt" ItemTranslation="Konverteringsoppsettet ditt er vist under. Bruk 'Aktiver veiviser'-knappen hvis du vil gjøre endringer, eller trykk bare på Konverter-knappen (&lt;enter&gt;) for å fortsette."/>
		<ItemForTranslation ItemName="Run_Wizard" ItemTranslation="Aktiver veiviser"/>
		<ItemForTranslation ItemName="Convert" ItemTranslation="Konverter"/>
		<!-- Wizard: Finish -->
		<ItemForTranslation ItemName="PreserveExactSpacing" ItemTranslation="Bevar nøyaktig tegnavstand"/>
		<ItemForTranslation ItemName="RegularCharacterSpacing" ItemTranslation="Normal tegnavstand"/>
		<ItemForTranslation ItemName="EmbedNonStandardTrueType" ItemTranslation="Integrer TrueType-skrifttyper med ikke-standarisert koding fra PDF til doc"/>
		<ItemForTranslation ItemName="EmbedAllTrueTypeLong" ItemTranslation="Integrer alle TrueType-skrifttyper fra PDF til doc"/>
		<ItemForTranslation ItemName="HeadersAndFooters:" ItemTranslation="Topptekster og bunntekster:"/>
		<ItemForTranslation ItemName="DetectAndPreserveHF" ItemTranslation="Gjenkjenn og bevar topptekster og bunntekster"/>
		<ItemForTranslation ItemName="DetectAndRemoveHF" ItemTranslation="Gjenkjenn og fjern topptekster og bunntekster"/>
		<ItemForTranslation ItemName="InstallFontsTTandT1" ItemTranslation="Installer alle TrueType og Type 1 skrifttyper som er integrert i PDF-filen."/>
		<ItemForTranslation ItemName="Frompage{1}topage{2}" ItemTranslation="Fra side {1} til side {2}"/>
		<!-- ui:dialogBox extractpath -->
		<ItemForTranslation ItemName="extractpath_Image_Format_Output_Path" ItemTranslation="Bildeformat og bane for utdata"/>
		<ItemForTranslation ItemName="extractpath_choose_file_format" ItemTranslation="Velg filformatet for de uttrukne bildene:"/>
		<ItemForTranslation ItemName="extractpath_same_as_source_images" ItemTranslation="Samme som kildebildene"/>
		<ItemForTranslation ItemName="extractpath_choose_path" ItemTranslation="{n}Velg banen der du vil at bildene skal lagres:"/>
		<ItemForTranslation ItemName="extractpath_save_to" ItemTranslation="Lagre bilder til:"/>
		<ItemForTranslation ItemName="extractpath_filepath" ItemTranslation="{n}{n}{n}{n}{n}filbanen må være rimelig bred dummy string"/>
		<!-- ui:dialogBox finishextract -->
		<ItemForTranslation ItemName="finishextract_finish" ItemTranslation="Fullfør: Trekk ut bilder"/>
		<ItemForTranslation ItemName="finishextract_description" ItemTranslation="Dine valg for å trekke ut bilder er vist under. Bruk forrige-knappen for å gjøre endringer. Trykk på Fullfør for å trekke ut bilder."/>
		<!-- Create Options -->
		<ItemForTranslation ItemName="CreatePdfTitle" ItemTranslation="Opprett PDF"/>
		<ItemForTranslation ItemName="CreatePdfOptionsSection" ItemTranslation="Opprett PDF-alternativer"/>
		<ItemForTranslation ItemName="CreatePdfOptionsSectionDescription" ItemTranslation="Konfigurer selektivt spesifikke opprettelsesfunksjoner for PDF."/>
		<ItemForTranslation ItemName="EmbedAllFont" ItemTranslation="Integrer alle skrifttyper"/>
		<ItemForTranslation ItemName="EmbedAllFontDescription" ItemTranslation="Integrer alle skrifttyper i PDF-filen."/>
		<ItemForTranslation ItemName="PasswordProtection" ItemTranslation="Passord og beskyttelse"/>
		<ItemForTranslation ItemName="PasswordProtectionDescription" ItemTranslation="Konfigurer sikkerhetsrestriksjoner for PDF-filen."/>
		<!-- Encryption level -->
		<ItemForTranslation ItemName="EncryptionLevel" ItemTranslation="Krypteringsnivå"/>
		<ItemForTranslation ItemName="EncryptionLevelDescription" ItemTranslation=" Krypteringen står som standard på det sikreste alternativet: 128-bits RC4"/>
		<ItemForTranslation ItemName="High (128-bit RC4)" ItemTranslation="Høy (128-bits RC4)"/>
		<ItemForTranslation ItemName="Low (40-bit RC4)" ItemTranslation="Lav (40-bits RC4)"/>
		<ItemForTranslation ItemName="EncryptionNone" ItemTranslation="Ingen "/>
		<ItemForTranslation ItemName="&lt;No password&gt;" ItemTranslation="&lt;Ikke noe passord&gt;"/>
		<ItemForTranslation ItemName="&lt;PromptWhenSaving&gt;" ItemTranslation="&lt;Spør ved lagring&gt;"/>
		<ItemForTranslation ItemName="&lt;SetPassword&gt;" ItemTranslation="&lt;Bestem passord&gt;"/>
		<!-- User password strings -->
		<ItemForTranslation ItemName="PasswodForOpen" ItemTranslation="Bruker-passord"/>
		<ItemForTranslation ItemName="PasswodForOpenDescription" ItemTranslation=" Hvis det legges inn et brukerpassord (også kjent som 'dokumentpassord'), forhindres brukerne fra å åpne filen med mindre de skriver inn passordet. For begrensning av utskrift og redigering, bruk et Eierpassord."/>
		<ItemForTranslation ItemName="Require_User_Password" ItemTranslation="Krev brukerpassord for å åpne dokumentet"/>
		<ItemForTranslation ItemName="User_Password:" ItemTranslation="Brukerpassord:"/>
		<ItemForTranslation ItemName="Repeat_User_Password:" ItemTranslation=" Gjenta brukerpassord:"/>
		<!-- Owner password strings -->
		<ItemForTranslation ItemName="Permissions" ItemTranslation="Sikkerhetsrestriksjoner for PDF"/>
		<ItemForTranslation ItemName="PermissionsDescription" ItemTranslation="Disse tillatelsene begrenser måtene brukere kan bruke PDF-filen på."/>
		<ItemForTranslation ItemName="PermissionsPassword" ItemTranslation="Eier-passord"/>
		<ItemForTranslation ItemName="PermissionsPasswordDescription" ItemTranslation="Hvis du angir sikkerhetsrestriksjoner i PDF-filen, bør du også legge inn et Eier-passord (også kjent som 'tilgangspassord'). Både bruker- og eier-passord kan brukes til å åpne PDF-filen."/>
		<!--*** String To Translate ***--><ItemForTranslation ItemName="Use_Owner_Password" ItemTranslation="Bruk eierpassord til å begrense utskrifter, redigering og uttrekking av data"/>
		<ItemForTranslation ItemName="Owner_Password:" ItemTranslation="Eierpassord:"/>
		<ItemForTranslation ItemName="Repeat_Owner_Password:" ItemTranslation="Gjenta eierpassord:"/>
		<!-- Permissions modes -->
		<ItemForTranslation ItemName="AllowPrinting" ItemTranslation="Tillat utskrifter"/>
		<ItemForTranslation ItemName="AllowPrintingDescription" ItemTranslation="Velg Ja for å tillate brukerne å skrive ut PDF-filen eller Nei for å tillate ustkrifter kun for personer som kjenner eierpassordet."/>
		<ItemForTranslation ItemName="AllowChanging" ItemTranslation="Tillat endring "/>
		<ItemForTranslation ItemName="AllowChangingLong" ItemTranslation="Tillat endring av innhold"/>
		<ItemForTranslation ItemName="AllowChangingDescription" ItemTranslation="Velg Ja for å tillate alle brukerne å endre innholdet i PDF-filen eller Nei for å tillate endringer kun for personer som kjenner eierpassordet."/>
		<ItemForTranslation ItemName="AllowCopying" ItemTranslation="Tillat kopiering "/>
		<ItemForTranslation ItemName="AllowCopyingDescription" ItemTranslation="Velg Ja for å tillate at alle brukere kopierer eller trekker ut innhold fra PDF-filen eller Nei for å tillate kopiering og uttrekking kun for personer som kjenner eierpassordet."/>
		<ItemForTranslation ItemName="AllowChangingComments" ItemTranslation="Tillat kommentarer "/>
		<ItemForTranslation ItemName="AllowChangingCommentsLong" ItemTranslation="Tillat å legge til eller redigere kommentarer "/>
		<ItemForTranslation ItemName="AllowChangingCommentsDescription" ItemTranslation="Velg Ja for å tillate alle brukere å redigere eller legge til kommentarer og skjemafelter til PDF-filen eller Nei for å tillate redigering kun for personer som kjenner eierpassordet."/>
		<!-- Acrobat plug-in messages (labels and menu items) -->
		<ItemForTranslation ItemName="SC_TOOLBAR_TITLE" ItemTranslation="{applicationname}"/>
		<ItemForTranslation ItemName="SC_BUTTON_LABEL" ItemTranslation="Åpne med Word"/>
		<ItemForTranslation ItemName="SC_BUTTON_TOOLTIP" ItemTranslation="Bruk {applicationname} til å konvertere dette dokumentet og åpne det i Microsoft Word"/>
		<ItemForTranslation ItemName="SC_MENUITEM_RUN" ItemTranslation="Åpne med Microsoft Word"/>
		<ItemForTranslation ItemName="SC_MENUITEM_ABOUT" ItemTranslation="Om {applicationname}..."/>
		<!-- SolidConverterPDF plug-in messages -->
		<ItemForTranslation ItemName="UnableAddToolbarToExcel" ItemTranslation="Kunne ikke legge Solid Converter-kontrollene inn i Excel."/>
		<ItemForTranslation ItemName="UnableAddToolbarToPowerPoint" ItemTranslation="Kunne ikke legge Solid Converter-kontrollene inn i PowerPoint."/>
		<ItemForTranslation ItemName="NoWorkbooksOpen" ItemTranslation="Ingen arbeidsbøker er åpne."/>
		<ItemForTranslation ItemName="NoPresentationsOpen" ItemTranslation="Ingen presentasjoner er åpne."/>
		<ItemForTranslation ItemName="NoDocumentsOpen" ItemTranslation="Ingen dokumenter er åpne."/>
		<ItemForTranslation ItemName="EmptyWorksheet" ItemTranslation="{applicationname} fant ingenting å skrive ut, så PDF-prosessen kan kanskje ikke startes."/>
		<ItemForTranslation ItemName="PrinterNotFound" ItemTranslation=" ngen Solid PDF Creator-skriver er installert. Vennligst installer {applicationname} på nytt."/>
		<!-- Explorer Extensions -->
		<ItemForTranslation ItemName="INFO_LOAD" ItemTranslation="{applicationname} konverterer PDF til Word. Last først inn en PDF-fil for å bruke dette programmet."/>
		<ItemForTranslation ItemName="TITLE_PROGRESS" ItemTranslation="{applicationname}"/>
		<ItemForTranslation ItemName="WAIT_DOWNLOAD" ItemTranslation="Laster ned PDF-fil..."/>
		<!-- SpreadsheetML export filter -->
		<ItemForTranslation ItemName="SpreadsheetML_Files_Filter" ItemTranslation="Microsoft Excel XML-filer (*.xml)"/>
		<ItemForTranslation ItemName="Extract_Tables_To_Excel" ItemTranslation="Trekk ut tabeller til Microsoft Excel"/>
		<ItemForTranslation ItemName="TableNotFound" ItemTranslation="Ingen tabeller funnet..."/>
		<ItemForTranslation ItemName="NoTablesToExtract" ItemTranslation="Ingen tabeller."/>
		<ItemForTranslation ItemName="NoTablesToExtractDesc" ItemTranslation="Fil hoppet over: ingen tabeller å trekke ut ble funnet."/>
		<!-- WordML export filter -->
		<ItemForTranslation ItemName="WordML_Files_Filter" ItemTranslation="Microsoft Word XML-filer (*.xml)"/>
		<ItemForTranslation ItemName="Save_As_WordML" ItemTranslation="Lagre som Microsoft Word XML "/>
		<!-- Solid PDF Creator -->
		<!--*** String To Translate ***--><ItemForTranslation ItemName="ToolTips801" ItemTranslation="Alternativer"/>
		<!--*** String To Translate ***--><ItemForTranslation ItemName="ToolTips802" ItemTranslation="Hjelp"/>
		<!--*** String To Translate ***--><ItemForTranslation ItemName="ToolTips803" ItemTranslation="Avslutt"/>
		<!--*** String To Translate ***--><ItemForTranslation ItemName="ToolTips800" ItemTranslation="Opprett PDF-fil"/>
		<!--*** String To Translate ***--><ItemForTranslation ItemName="_Splash_1" ItemTranslation="Purchase your copy of {applicationname} now and receive..."/>
		<!--*** String To Translate ***--><ItemForTranslation ItemName="_Splash_2" ItemTranslation="- First-class customer support"/>
		<!--*** String To Translate ***--><ItemForTranslation ItemName="_Splash_3" ItemTranslation="- Service releases and upgrades"/>
		<!--*** String To Translate ***--><ItemForTranslation ItemName="_Splash_4" ItemTranslation="- Special offers and discounts"/>
		<!--*** String To Translate ***--><ItemForTranslation ItemName="_Splash_5" ItemTranslation="Click"/>
		<!--*** String To Translate ***--><ItemForTranslation ItemName="_Splash_6" ItemTranslation="Purchase"/>
		<!--*** String To Translate ***--><ItemForTranslation ItemName="_Splash_7" ItemTranslation="to register {applicationname} today!"/>
		<!--*** String To Translate ***--><ItemForTranslation ItemName="_PROMPT_INFO" ItemTranslation="Prompt for document information"/>
		<!--*** String To Translate ***--><ItemForTranslation ItemName="_ENTER_UNLOCK" ItemTranslation="Enter Unlock Code"/>
		<!--*** String To Translate ***--><ItemForTranslation ItemName="_Title" ItemTranslation="Title:"/>
		<!--*** String To Translate ***--><ItemForTranslation ItemName="_Subject" ItemTranslation="Subject:"/>
		<!--*** String To Translate ***--><ItemForTranslation ItemName="_Author" ItemTranslation="Author:"/>
		<!--*** String To Translate ***--><ItemForTranslation ItemName="_Keywords" ItemTranslation="Keywords:"/>
		<!--*** String To Translate ***--><ItemForTranslation ItemName="Default_Document_information" ItemTranslation="Default document information"/>
		<!--*** String To Translate ***--><ItemForTranslation ItemName="_Override" ItemTranslation="Override"/>
		<!--*** String To Translate ***--><ItemForTranslation ItemName="_Skip" ItemTranslation="Skip"/>
		<!--*** String To Translate ***--><ItemForTranslation ItemName="_Append" ItemTranslation="Append"/>
		<!--*** String To Translate ***--><ItemForTranslation ItemName="AskIfExist" ItemTranslation="If file already exist do"/>
		<!--*** String To Translate ***--><ItemForTranslation ItemName="Color_Images" ItemTranslation="Color Images"/>
		<!--*** String To Translate ***--><ItemForTranslation ItemName="Color_Images_to_Grayscale" ItemTranslation="Convert color images to grayscale"/>
		<!--*** String To Translate ***--><ItemForTranslation ItemName="CImages_Downsample" ItemTranslation="Downsample (DPI):"/>
		<!--*** String To Translate ***--><ItemForTranslation ItemName="GImages_Downsample" ItemTranslation="Downsample (DPI):"/>
		<!--*** String To Translate ***--><ItemForTranslation ItemName="MImages_Downsample" ItemTranslation="Downsample (DPI):"/>
		<!--*** String To Translate ***--><ItemForTranslation ItemName="Use_Original_DPI" ItemTranslation="Keep original DPI"/>
		<!--*** String To Translate ***--><ItemForTranslation ItemName="CImages_Compression" ItemTranslation="Compression:"/>
		<!--*** String To Translate ***--><ItemForTranslation ItemName="GImages_Compression" ItemTranslation="Compression:"/>
		<!--*** String To Translate ***--><ItemForTranslation ItemName="MImages_Compression" ItemTranslation="Compression:"/>
		<!--*** String To Translate ***--><ItemForTranslation ItemName="CImages_Quality" ItemTranslation="Image Quality:"/>
		<!--*** String To Translate ***--><ItemForTranslation ItemName="GImages_Quality" ItemTranslation="Image Quality:"/>
		<!--*** String To Translate ***--><ItemForTranslation ItemName="Grayscale_Images" ItemTranslation="Grayscale Images"/>
		<!--*** String To Translate ***--><ItemForTranslation ItemName="Grayscale_Images_to_Monochrome" ItemTranslation="Convert grayscale images to monochrome"/>
		<!--*** String To Translate ***--><ItemForTranslation ItemName="Monochrome_Images" ItemTranslation="Monochrome Images"/>
		<!--*** String To Translate ***--><ItemForTranslation ItemName="Descr_None" ItemTranslation="No image compression, no image resampling, embedded fonts."/>
		<!--*** String To Translate ***--><ItemForTranslation ItemName="Descr_Web" ItemTranslation="Ideal for screen display. (Lossy compression, image resampling, no embedded fonts.)"/>
		<!--*** String To Translate ***--><ItemForTranslation ItemName="Descr_Draftquality" ItemTranslation="Ideal for drafts or low-resolution print jobs. (No resampling, lossy compression, no embedded fonts.)"/>
		<!--*** String To Translate ***--><ItemForTranslation ItemName="Descr_Professional" ItemTranslation="Ideal for high-quality print jobs. (No resampling, lossless compression, all fonts embedded.)"/>
		<!--*** String To Translate ***--><ItemForTranslation ItemName="Descr_Custom2" ItemTranslation="Select your own optimization settings."/>
		<!--*** String To Translate ***--><ItemForTranslation ItemName="_Web" ItemTranslation="Web"/>
		<!--*** String To Translate ***--><ItemForTranslation ItemName="_Draftquality" ItemTranslation="Draft quality"/>
		<!--*** String To Translate ***--><ItemForTranslation ItemName="_Professional" ItemTranslation="Professional quality"/>
		<!--*** String To Translate ***--><ItemForTranslation ItemName="_Settings" ItemTranslation="Settings"/>
		<!--*** String To Translate ***--><ItemForTranslation ItemName="Main_PDF_Advanced_Description" ItemTranslation="Select the optimization method that suits your requirements."/>
		<!--*** String To Translate ***--><ItemForTranslation ItemName="_Grayscale" ItemTranslation="Grayscale"/>
		<!--*** String To Translate ***--><ItemForTranslation ItemName="Close_Progress" ItemTranslation="Close progress window when finished"/>
		<!--*** String To Translate ***--><ItemForTranslation ItemName="Font_List" ItemTranslation="Font List"/>
		<!--*** String To Translate ***--><ItemForTranslation ItemName="_space" ItemTranslation=" {n}"/>
		<!--*** String To Translate ***--><ItemForTranslation ItemName="Never_Font" ItemTranslation="Embed none"/>
		<!--*** String To Translate ***--><ItemForTranslation ItemName="Never_Font_List" ItemTranslation="Never Embed"/>
		<!--*** String To Translate ***--><ItemForTranslation ItemName="Embed_Font" ItemTranslation="Embed all"/>
		<!--*** String To Translate ***--><ItemForTranslation ItemName="Always_Font_List" ItemTranslation="Always Embed"/>
		<!--*** String To Translate ***--><ItemForTranslation ItemName="Add_Font" ItemTranslation="Add &gt;"/>
		<!--*** String To Translate ***--><ItemForTranslation ItemName="Remove_Font" ItemTranslation="&lt; Remove"/>
		<!--*** String To Translate ***--><ItemForTranslation ItemName="_Subset" ItemTranslation="Subset embedded fonts when less than"/>
		<!--*** String To Translate ***--><ItemForTranslation ItemName="Characters_Persents" ItemTranslation="% of characters used"/>
		<!--*** String To Translate ***--><ItemForTranslation ItemName="Embed_Fail" ItemTranslation="If embedding fails:"/>
		<!--*** String To Translate ***--><ItemForTranslation ItemName="PDF_Setup" ItemTranslation="PDF-oppsett"/>
		<!--*** String To Translate ***--><ItemForTranslation ItemName="_Advanced" ItemTranslation="Komprimering "/>
		<!-- ENCRYPTION PDF DIALOAG -->
		<!--*** String To Translate ***--><ItemForTranslation ItemName="Encrypt_Level_Static" ItemTranslation="Krypteringsnivå:"/>
		<!--*** String To Translate ***--><ItemForTranslation ItemName="128bit" ItemTranslation="Høy (128-bit RC4) - Acrobat 5.0 og nyere "/>
		<!--*** String To Translate ***--><ItemForTranslation ItemName="40bit" ItemTranslation="Lav (40-bit RC4) - Acrobat 3.0 og nyere "/>
		<!--*** String To Translate ***--><ItemForTranslation ItemName="_Prompt" ItemTranslation="Spør"/>
		<!--*** String To Translate ***--><ItemForTranslation ItemName="OpenPasswordsMustMatch" ItemTranslation="Åpningspassordene må stemme overens."/>
		<!--*** String To Translate ***--><ItemForTranslation ItemName="OpenPasswordMustBePresent" ItemTranslation="Alternativet 'Krev brukerpassord for å åpne dokumentet' er valgt, men feltet 'Brukerpassord' er tomt. Vennligst velg bort dette alternativet eller legg inn et passord."/>
		<!--*** String To Translate ***--><ItemForTranslation ItemName="PermissionPasswordsMustMatch" ItemTranslation="Tillatelsespassordene må stemme overens."/>
		<!--*** String To Translate ***--><ItemForTranslation ItemName="PermissionPasswordMustBePresent" ItemTranslation=" Alternativet 'Bruk eierpassord til å begrense utskrifter, redigering og uttrekking av data' er valgt, men feltet 'Eierpassord' er tomt. Vennligst velg bort dette alternativet eller legg inn et passord."/>
		<!--*** String To Translate ***--><ItemForTranslation ItemName="PasswordMustBePresent" ItemTranslation="Hvis du vil aktivere sikkerhetsinnstillingene, vennligst oppgi enten et brukerpassord eller et eierpassord."/>
		<!--*** String To Translate ***--><ItemForTranslation ItemName="PasswordsMustBeDiffered" ItemTranslation="Brukerpassordet og eierpassordet kan ikke være like."/>
<!--*** String To Translate ***--><ItemForTranslation ItemName="PasswordsMustMatch"                         ItemTranslation="Passordene må stemme overens."/>
		<!--    PDF OPTIONS -->
		<!--*** String To Translate ***--><ItemForTranslation ItemName="_Encryption" ItemTranslation="Sikkerhet "/>
		<!--*** String To Translate ***--><ItemForTranslation ItemName="Pdf_Encrypt_Dialog" ItemTranslation="Sikkerhet "/>
		<!--*** String To Translate ***--><ItemForTranslation ItemName="_Save" ItemTranslation="Lagre "/>
		<!--*** String To Translate ***--><ItemForTranslation ItemName="_PDFSavePageDlg"          ItemTranslation="Lagre"/>
 
<!--*** String To Translate ***--><ItemForTranslation ItemName="_High"                ItemTranslation="Høy"/>
<!--*** String To Translate ***--><ItemForTranslation ItemName="_Medium"              ItemTranslation="Medium"/>
<!--*** String To Translate ***--><ItemForTranslation ItemName="_Low"             ItemTranslation="Lav"/>
<!--*** String To Translate ***--><ItemForTranslation ItemName="The_Lowest"           ItemTranslation="Lavest"/>
<!--*** String To Translate ***--><ItemForTranslation ItemName="_Custom"              ItemTranslation="Egendefinert"/>
 
<!--*** String To Translate ***--><ItemForTranslation ItemName="Ask_Fname"            ItemTranslation="Spør om navn på destinasjonsfil"/>

		<!--*** String To Translate ***--><ItemForTranslation ItemName="Predefine_Fname"          ItemTranslation="Bruk forhåndsdefinert navn på destinasjonsfil"/>
<!--*** String To Translate ***--><ItemForTranslation ItemName="_Path"                ItemTranslation="Målmappe:"/>
<!--*** String To Translate ***--><ItemForTranslation ItemName="_Browse"              ItemTranslation="Bla gjennom"/>
<!--*** String To Translate ***--><ItemForTranslation ItemName="File_Name"            ItemTranslation="Filnavn:"/>
<!--*** String To Translate ***--><ItemForTranslation ItemName="_Macro"               ItemTranslation="Endre"/>
<!--*** String To Translate ***--><ItemForTranslation ItemName="_Example"             ItemTranslation="Eksempel:"/>
<!--*** String To Translate ***--><ItemForTranslation ItemName="Append_Pages_to_Existing_File"    ItemTranslation="Legg til sider i eksisterende fil"/>
<!--*** String To Translate ***--><ItemForTranslation ItemName="Document_Name"            ItemTranslation="Navn på kildedokument"/>
<!--*** String To Translate ***--><ItemForTranslation ItemName="_Date"                ItemTranslation="Dagens dato"/>
<!--*** String To Translate ***--><ItemForTranslation ItemName="_Time"                ItemTranslation="Klokkeslett "/>
<!--*** String To Translate ***--><ItemForTranslation ItemName="_Invalid_Target_Folder"               ItemTranslation="Ugyldig målmappe"/>
 
<!--*** String To Translate ***--><ItemForTranslation ItemName="Source_Document_Name"     ItemTranslation="Navn på kildedokument"/>
<!--*** String To Translate ***--><ItemForTranslation ItemName="Current_Date"         ItemTranslation="Dagens dato"/>

		<!--*** String To Translate ***--><ItemForTranslation ItemName="Current_Time"         ItemTranslation="Klokkeslett"/>
 
<!--*** String To Translate ***--><ItemForTranslation ItemName="_PDFImagesDlg"            ItemTranslation="Bildealternativer for PDF-format"/>
<!--*** String To Translate ***--><ItemForTranslation ItemName="Use_original"         ItemTranslation="Bruk original DPI"/>
<!--*** String To Translate ***--><ItemForTranslation ItemName="_DPI"             ItemTranslation="Bruk DPI:"/>
<!--*** String To Translate ***--><ItemForTranslation ItemName="_Monochrome"          ItemTranslation="Konverter fargebilder (større) til svart/hvitt-bilder (mindre)"/>
<!--*** String To Translate ***--><ItemForTranslation ItemName="Use_Compression_Encode"       ItemTranslation="Bruk komprimering:"/>
<!--*** String To Translate ***--><ItemForTranslation ItemName="_None"                ItemTranslation="Ingen"/>
<!--*** String To Translate ***--><ItemForTranslation ItemName="_ASCIIHexEncode"          ItemTranslation="ASCII Hex-koding"/>
<!--*** String To Translate ***--><ItemForTranslation ItemName="_LZWEncode"           ItemTranslation="LZW-koding"/>
<!--*** String To Translate ***--><ItemForTranslation ItemName="_FlateEncode"         ItemTranslation="Flate-koding"/>
<!--*** String To Translate ***--><ItemForTranslation ItemName="_ASCII85Encode"           ItemTranslation="ASCII 85-koding"/>
<!--*** String To Translate ***--><ItemForTranslation ItemName="_RunLengthEncode"         ItemTranslation="Kjørelengdekoding"/>
<!--*** String To Translate ***--><ItemForTranslation ItemName="_CCITTFaxEncode"          ItemTranslation="CCITT Faks-koding"/>
<!--*** String To Translate ***--><ItemForTranslation ItemName="_JBIG2Encode"         ItemTranslation="JBIG2-koding"/>
<!--*** String To Translate ***--><ItemForTranslation ItemName="_DCTEncode"           ItemTranslation="DCT-koding"/>

		<!--*** String To Translate ***--><ItemForTranslation ItemName="_J2KEncode"           ItemTranslation="J2K-koding"/>
 
<!--*** String To Translate ***--><ItemForTranslation ItemName="_PDFFontsDlg"         ItemTranslation="Skrifttypealternativer for PDF-format"/>
<!--*** String To Translate ***--><ItemForTranslation ItemName="Font_Embedding"           ItemTranslation="Bruk skrifttypeintegrering"/>
<!--*** String To Translate ***--><ItemForTranslation ItemName="_Never"               ItemTranslation="Aldri integrer skrifttyper"/>
<!--*** String To Translate ***--><ItemForTranslation ItemName="_SubSet"              ItemTranslation="Lagre underkategori av skrifttype"/>
<!--*** String To Translate ***--><ItemForTranslation ItemName="_All"             ItemTranslation="Alle"/>
<!--*** String To Translate ***--><ItemForTranslation ItemName="Never_Embed_Fonts"        ItemTranslation="Aldri integrer skrifttyper"/>

		<!--*** String To Translate ***--><ItemForTranslation ItemName="_CMap"                ItemTranslation="CMap"/>
 
<!--*** String To Translate ***--><ItemForTranslation ItemName="Compression_Select"       ItemTranslation="Detaljnivå:"/>
<!--*** String To Translate ***--><ItemForTranslation ItemName="Compression_Description"      ItemTranslation="Detaljnivåbeskrivelse"/>
<!--*** String To Translate ***--><ItemForTranslation ItemName="_Fonts"               ItemTranslation="Skrifttypealternativer"/>
<!--*** String To Translate ***--><ItemForTranslation ItemName="_Images"              ItemTranslation="Bildealternativer"/>
 
<!--*** String To Translate ***--><ItemForTranslation ItemName="Descr_High"           ItemTranslation="Beholder fargemodellen og komprimeringen (DPI) til originalbildet."/>
<!--*** String To Translate ***--><ItemForTranslation ItemName="Descr_Medium"         ItemTranslation="Original fargemodell for bilder. Reduksjon i bildets DPI"/>
<!--*** String To Translate ***--><ItemForTranslation ItemName="Descr_Low"            ItemTranslation="Bruker en svart/hvitt fargemodell, men beholder komprimeringen (DPI) til originalbildet."/>
<!--*** String To Translate ***--><ItemForTranslation ItemName="Descr_TheLowest"          ItemTranslation="Svart/hvitt-modell for bilder. Reduksjon i bildets DPI"/>
<!--*** String To Translate ***--><ItemForTranslation ItemName="Descr_Custom"         ItemTranslation="Velg bildealternativer ved å trykke på knappen under."/>

		<!--*** String To Translate ***--><ItemForTranslation ItemName="_CMap"                ItemTranslation="CMap"/>
 
<!--*** String To Translate ***--><ItemForTranslation ItemName="Compression_Select"       ItemTranslation="Detaljnivå:"/>
<!--*** String To Translate ***--><ItemForTranslation ItemName="Compression_Description"      ItemTranslation="Detaljnivåbeskrivelse"/>
<!--*** String To Translate ***--><ItemForTranslation ItemName="_Fonts"               ItemTranslation="Skrifttypealternativer"/>
<!--*** String To Translate ***--><ItemForTranslation ItemName="_Images"              ItemTranslation="Bildealternativer"/>
 
<!--*** String To Translate ***--><ItemForTranslation ItemName="Descr_High"           ItemTranslation="Beholder fargemodellen og komprimeringen (DPI) til originalbildet."/>
<!--*** String To Translate ***--><ItemForTranslation ItemName="Descr_Medium"         ItemTranslation="Original fargemodell for bilder. Reduksjon i bildets DPI"/>
<!--*** String To Translate ***--><ItemForTranslation ItemName="Descr_Low"            ItemTranslation="Bruker en svart/hvitt fargemodell, men beholder komprimeringen (DPI) til originalbildet."/>
<!--*** String To Translate ***--><ItemForTranslation ItemName="Descr_TheLowest"          ItemTranslation="Svart/hvitt-modell for bilder. Reduksjon i bildets DPI"/>
<!--*** String To Translate ***--><ItemForTranslation ItemName="Descr_Custom"         ItemTranslation="Velg bildealternativer ved å trykke på knappen under."/>

		<!--*** String To Translate ***--><ItemForTranslation ItemName="_PROMPT_FOR_PASSWORD" ItemTranslation="Prompt for password and security settings"/>
		<!--*** String To Translate ***--><ItemForTranslation ItemName="_OPEN_PDF_FILE" ItemTranslation="Open converted file"/>
		<!--*** String To Translate ***--><ItemForTranslation ItemName="PrintNotAvailable" ItemTranslation="This functionality is available only in professional version"/>
		<!--*** String To Translate ***--><ItemForTranslation ItemName="TrialNotFullConvertionDescription" ItemTranslation="Thank you for trying Solid Converter PDF. The trial version of this product only converts 10% of your document, with a 10 page maximum."/>
		<!--*** String To Translate ***--><ItemForTranslation ItemName="font_cannot_be_embedded" ItemTranslation="font cannot be embedded"/>
		<!--*** String To Translate ***--><ItemForTranslation ItemName="font_will_be_embedded" ItemTranslation="font will be embedded"/>
		<!--*** String To Translate ***--><ItemForTranslation ItemName="font_as_rasters" ItemTranslation="font cannot be created{n}All glyphs will be representd as rasters"/>
		<!--*** String To Translate ***--><ItemForTranslation ItemName="font_conversion_error" ItemTranslation="font cannot be created{n}Job is canceled"/>
		<!--*** String To Translate ***--><ItemForTranslation ItemName="Warn_and_continue" ItemTranslation="Warn and continue"/>
		<!--*** String To Translate ***--><ItemForTranslation ItemName="_Ignore" ItemTranslation="Ignore"/>
		<!--*** String To Translate ***--><ItemForTranslation ItemName="Cancel_job" ItemTranslation="Cancel job"/>
		<!--*** String To Translate ***--><ItemForTranslation ItemName="_Folder" ItemTranslation="Folder"/>
		<!--*** String To Translate ***--><ItemForTranslation ItemName="Font_Lists" ItemTranslation="Skrifttypeliste "/>
		<!--*** String To Translate ***--><ItemForTranslation ItemName="NoImagesToExtract" ItemTranslation="Image not found"/>
		<!--*** String To Translate ***--><ItemForTranslation ItemName="NoImagesToExtractDesc" ItemTranslation="File skipped: no image were found to extract"/>
		<!--*** String To Translate ***--><ItemForTranslation ItemName="_CREATE_SUCCESS" ItemTranslation="File conversion successful."/>
		<!--*** String To Translate ***--><ItemForTranslation ItemName="_Creating_PDF..." ItemTranslation="Creating PDF..."/>
		<!--*** String To Translate ***--><ItemForTranslation ItemName="AllowCopyingLong" ItemTranslation="Tillat å kopiere og trekke ut innhold "/>
		<!--*** String To Translate ***--><ItemForTranslation ItemName="Encryption_Level" ItemTranslation="Encryption Level"/>
		<!--*** String To Translate ***--><ItemForTranslation ItemName="User_Options" ItemTranslation="User Options"/>
		<!--*** String To Translate ***--><ItemForTranslation ItemName="Owner_Options" ItemTranslation="Owner Options"/>
		<!--*** String To Translate ***--><ItemForTranslation ItemName="_PDFAdvancedPageDlg" ItemTranslation=" Komprimering"/>
		<!--*** String To Translate ***--><ItemForTranslation ItemName="_Recent_Folder" ItemTranslation="Recent Folder"/>
			<!--*** Replace Images Dialog Strings ***-->
        <!--*** String To Translate ***--><ItemForTranslation ItemName="CompleteReplaceFolder"		ItemTranslation="Completely replace folder content?"/>
	<!--*** String To Translate ***--><ItemForTranslation ItemName="UseAnotherFolder"		ItemTranslation="Create or select another folder?"/>
	<!--*** String To Translate ***--><ItemForTranslation ItemName="OverrideFolder" 		ItemTranslation="Override existing images with the same name and add new images to the folder?"/>
	<!--*** String To Translate ***--><ItemForTranslation ItemName="ReplaceImageOnExtraction"	ItemTranslation="The folder {1} already exists.{n}Do you want to: "/>

	<!--*** String To Translate ***--><ItemForTranslation ItemName="ConversionOptions"	ItemTranslation="Conversion Settings"/>

	<!--*** String To Translate ***--><ItemForTranslation ItemName="_Form_Name" 				ItemTranslation="Form Name"/>
	<!--*** String To Translate ***--><ItemForTranslation ItemName="_Width_x_Height" 			ItemTranslation="Width x Height"/>
	<!--*** String To Translate ***--><ItemForTranslation ItemName="_Units" 					ItemTranslation="Units"/>
		<!--*** String To Translate ***--><ItemForTranslation ItemName="_mm" 						ItemTranslation="mm"/>
		<!--*** String To Translate ***--><ItemForTranslation ItemName="_Invalid_Form_name" 		ItemTranslation="Invalid Form name"/>
		<!--*** String To Translate ***--><ItemForTranslation ItemName="_Already_exists" 			ItemTranslation="The form already exists"/>
	<!--*** String To Translate ***--><ItemForTranslation ItemName="Automatic_Enc" 			ItemTranslation="Automatic"/>
	<!--*** String To Translate ***--><ItemForTranslation ItemName="CCITTFaxEncode_Group3"		ItemTranslation="CCITTFaxEncode, Group 3"/>
	<!--*** String To Translate ***--><ItemForTranslation ItemName="CCITTFaxEncode_Group4" 		ItemTranslation="CCITTFaxEncode, Group 4"/>

	<!--*** String To Translate ***--><ItemForTranslation ItemName="_Add"             ItemTranslation="Add"/>
	<!--*** String To Translate ***--><ItemForTranslation ItemName="_Edit"            ItemTranslation="Edit"/>
	<!--*** String To Translate ***--><ItemForTranslation ItemName="_Remove"          ItemTranslation="Remove"/>
	<!--*** String To Translate ***--><ItemForTranslation ItemName="Page_Orientation" ItemTranslation="Orientation:"/>
	<!--*** String To Translate ***--><ItemForTranslation ItemName="Custom_Forms"     ItemTranslation="Custom Forms"/>
	<!--*** String To Translate ***--><ItemForTranslation ItemName="_Portrait"        ItemTranslation="Portrait"/>
	<!--*** String To Translate ***--><ItemForTranslation ItemName="_Landscape"       ItemTranslation="Landscape"/>



	<!--*** String To Translate ***--><ItemForTranslation ItemName="sp__10x11" ItemTranslation="10x11"/>
	<!--*** String To Translate ***--><ItemForTranslation ItemName="sp__10x14" ItemTranslation="10x14"/>
	<!--*** String To Translate ***--><ItemForTranslation ItemName="sp__11 x 17" ItemTranslation="11 x 17"/>
	<!--*** String To Translate ***--><ItemForTranslation ItemName="sp__12x11" ItemTranslation="12x11"/>
	<!--*** String To Translate ***--><ItemForTranslation ItemName="sp__15x11" ItemTranslation="15x11"/>
	<!--*** String To Translate ***--><ItemForTranslation ItemName="sp__6 3/4 Envelope" ItemTranslation="6 3/4 Envelope"/>
	<!--*** String To Translate ***--><ItemForTranslation ItemName="sp__92 x 92" ItemTranslation="92 x 92"/>
	<!--*** String To Translate ***--><ItemForTranslation ItemName="sp__9x11" ItemTranslation="9x11"/>
	<!--*** String To Translate ***--><ItemForTranslation ItemName="sp__A0" ItemTranslation="A0"/>
	<!--*** String To Translate ***--><ItemForTranslation ItemName="sp__A1" ItemTranslation="A1"/>
	<!--*** String To Translate ***--><ItemForTranslation ItemName="sp__A2" ItemTranslation="A2"/>
	<!--*** String To Translate ***--><ItemForTranslation ItemName="sp__A3" ItemTranslation="A3"/>
	<!--*** String To Translate ***--><ItemForTranslation ItemName="sp__A3 Extra" ItemTranslation="A3 Extra"/>
	<!--*** String To Translate ***--><ItemForTranslation ItemName="sp__A3 Rotated" ItemTranslation="A3 Rotated"/>
	<!--*** String To Translate ***--><ItemForTranslation ItemName="sp__A4" ItemTranslation="A4"/>
	<!--*** String To Translate ***--><ItemForTranslation ItemName="sp__A4 Extra" ItemTranslation="A4 Extra"/>
	<!--*** String To Translate ***--><ItemForTranslation ItemName="sp__A4 Plus" ItemTranslation="A4 Plus"/>
	<!--*** String To Translate ***--><ItemForTranslation ItemName="sp__A4 Rotated" ItemTranslation="A4 Rotated"/>
	<!--*** String To Translate ***--><ItemForTranslation ItemName="sp__A5" ItemTranslation="A5"/>
	<!--*** String To Translate ***--><ItemForTranslation ItemName="sp__A5 Extra" ItemTranslation="A5 Extra"/>
	<!--*** String To Translate ***--><ItemForTranslation ItemName="sp__A5 Rotated" ItemTranslation="A5 Rotated"/>
	<!--*** String To Translate ***--><ItemForTranslation ItemName="sp__A6" ItemTranslation="A6"/>
	<!--*** String To Translate ***--><ItemForTranslation ItemName="sp__A6 Rotated" ItemTranslation="A6 Rotated"/>
	<!--*** String To Translate ***--><ItemForTranslation ItemName="sp__ANSI C" ItemTranslation="ANSI C"/>
	<!--*** String To Translate ***--><ItemForTranslation ItemName="sp__ANSI D" ItemTranslation="ANSI D"/>
	<!--*** String To Translate ***--><ItemForTranslation ItemName="sp__ANSI E" ItemTranslation="ANSI E"/>
	<!--*** String To Translate ***--><ItemForTranslation ItemName="sp__ANSI F" ItemTranslation="ANSI F"/>
	<!--*** String To Translate ***--><ItemForTranslation ItemName="sp__ARCH A" ItemTranslation="ARCH A"/>
	<!--*** String To Translate ***--><ItemForTranslation ItemName="sp__ARCH B" ItemTranslation="ARCH B"/>
	<!--*** String To Translate ***--><ItemForTranslation ItemName="sp__ARCH C" ItemTranslation="ARCH C"/>
	<!--*** String To Translate ***--><ItemForTranslation ItemName="sp__ARCH D" ItemTranslation="ARCH D"/>
	<!--*** String To Translate ***--><ItemForTranslation ItemName="sp__ARCH E" ItemTranslation="ARCH E"/>
	<!--*** String To Translate ***--><ItemForTranslation ItemName="sp__ARCH E1" ItemTranslation="ARCH E1"/>
	<!--*** String To Translate ***--><ItemForTranslation ItemName="sp__ARCH E2" ItemTranslation="ARCH E2"/>
	<!--*** String To Translate ***--><ItemForTranslation ItemName="sp__ARCH E3" ItemTranslation="ARCH E3"/>
	<!--*** String To Translate ***--><ItemForTranslation ItemName="sp__B4 (ISO)" ItemTranslation="B4 (ISO)"/>
	<!--*** String To Translate ***--><ItemForTranslation ItemName="sp__B4 (JIS)" ItemTranslation="B4 (JIS)"/>
	<!--*** String To Translate ***--><ItemForTranslation ItemName="sp__B4 (JIS) Rotated" ItemTranslation="B4 (JIS) Rotated"/>
	<!--*** String To Translate ***--><ItemForTranslation ItemName="sp__B5 (ISO) Extra" ItemTranslation="B5 (ISO) Extra"/>
	<!--*** String To Translate ***--><ItemForTranslation ItemName="sp__B5 (JIS)" ItemTranslation="B5 (JIS)"/>
	<!--*** String To Translate ***--><ItemForTranslation ItemName="sp__B5 (JIS) Rotated" ItemTranslation="B5 (JIS) Rotated"/>
	<!--*** String To Translate ***--><ItemForTranslation ItemName="sp__B6 (JIS)" ItemTranslation="B6 (JIS)"/>
	<!--*** String To Translate ***--><ItemForTranslation ItemName="sp__B6 (JIS) Rotated" ItemTranslation="B6 (JIS) Rotated"/>
	<!--*** String To Translate ***--><ItemForTranslation ItemName="sp__C5" ItemTranslation="C5"/>
	<!--*** String To Translate ***--><ItemForTranslation ItemName="sp__Double Japan Postcard Rotated" ItemTranslation="Double Japan Postcard Rotated"/>
	<!--*** String To Translate ***--><ItemForTranslation ItemName="sp__Envelope" ItemTranslation="Envelope"/>
	<!--*** String To Translate ***--><ItemForTranslation ItemName="sp__Envelope #10" ItemTranslation="Envelope #10"/>
	<!--*** String To Translate ***--><ItemForTranslation ItemName="sp__Envelope #11" ItemTranslation="Envelope #11"/>
	<!--*** String To Translate ***--><ItemForTranslation ItemName="sp__Envelope #12" ItemTranslation="Envelope #12"/>
	<!--*** String To Translate ***--><ItemForTranslation ItemName="sp__Envelope #14" ItemTranslation="Envelope #14"/>
	<!--*** String To Translate ***--><ItemForTranslation ItemName="sp__Envelope #9" ItemTranslation="Envelope #9"/>
	<!--*** String To Translate ***--><ItemForTranslation ItemName="sp__Envelope B5" ItemTranslation="Envelope B5"/>
	<!--*** String To Translate ***--><ItemForTranslation ItemName="sp__Envelope B6" ItemTranslation="Envelope B6"/>
	<!--*** String To Translate ***--><ItemForTranslation ItemName="sp__Envelope C3" ItemTranslation="Envelope C3"/>
	<!--*** String To Translate ***--><ItemForTranslation ItemName="sp__Envelope C4" ItemTranslation="Envelope C4"/>
	<!--*** String To Translate ***--><ItemForTranslation ItemName="sp__Envelope C5" ItemTranslation="Envelope C5"/>
	<!--*** String To Translate ***--><ItemForTranslation ItemName="sp__Envelope C6" ItemTranslation="Envelope C6"/>
	<!--*** String To Translate ***--><ItemForTranslation ItemName="sp__Envelope C65" ItemTranslation="Envelope C65"/>
	<!--*** String To Translate ***--><ItemForTranslation ItemName="sp__Envelope DL" ItemTranslation="Envelope DL"/>
	<!--*** String To Translate ***--><ItemForTranslation ItemName="sp__Envelope Invite" ItemTranslation="Envelope Invite"/>
	<!--*** String To Translate ***--><ItemForTranslation ItemName="sp__Envelope Monarch" ItemTranslation="Envelope Monarch"/>
	<!--*** String To Translate ***--><ItemForTranslation ItemName="sp__Executive" ItemTranslation="Executive"/>
	<!--*** String To Translate ***--><ItemForTranslation ItemName="sp__Folio" ItemTranslation="Folio"/>
	<!--*** String To Translate ***--><ItemForTranslation ItemName="sp__German Std Fanfold" ItemTranslation="German Std Fanfold"/>
	<!--*** String To Translate ***--><ItemForTranslation ItemName="sp__ISO A1 594 x 841 mm" ItemTranslation="ISO A1 594 x 841 mm"/>
	<!--*** String To Translate ***--><ItemForTranslation ItemName="sp__ISO B1" ItemTranslation="ISO B1"/>
	<!--*** String To Translate ***--><ItemForTranslation ItemName="sp__ISO B2" ItemTranslation="ISO B2"/>
	<!--*** String To Translate ***--><ItemForTranslation ItemName="sp__ISO B4" ItemTranslation="ISO B4"/>
	<!--*** String To Translate ***--><ItemForTranslation ItemName="sp__ISO B5" ItemTranslation="ISO B5"/>
	<!--*** String To Translate ***--><ItemForTranslation ItemName="sp__Japan Envelope Chou #3 Rotated" ItemTranslation="Japan Envelope Chou #3 Rotated"/>
	<!--*** String To Translate ***--><ItemForTranslation ItemName="sp__Japan Envelope Chou #4 Rotated" ItemTranslation="Japan Envelope Chou #4 Rotated"/>
	<!--*** String To Translate ***--><ItemForTranslation ItemName="sp__Japan Envelope Kaku #2 Rotated" ItemTranslation="Japan Envelope Kaku #2 Rotated"/>
	<!--*** String To Translate ***--><ItemForTranslation ItemName="sp__Japan Envelope Kaku #3 Rotated" ItemTranslation="Japan Envelope Kaku #3 Rotated"/>
	<!--*** String To Translate ***--><ItemForTranslation ItemName="sp__Japan Envelope You #4" ItemTranslation="Japan Envelope You #4"/>
	<!--*** String To Translate ***--><ItemForTranslation ItemName="sp__Japan Envelope You #4 Rotated" ItemTranslation="Japan Envelope You #4 Rotated"/>
	<!--*** String To Translate ***--><ItemForTranslation ItemName="sp__Japanese Double Postcard" ItemTranslation="Japanese Double Postcard"/>
	<!--*** String To Translate ***--><ItemForTranslation ItemName="sp__Japanese Envelope Chou #3" ItemTranslation="Japanese Envelope Chou #3"/>
	<!--*** String To Translate ***--><ItemForTranslation ItemName="sp__Japanese Envelope Chou #4" ItemTranslation="Japanese Envelope Chou #4"/>
	<!--*** String To Translate ***--><ItemForTranslation ItemName="sp__Japanese Envelope Kaku #2" ItemTranslation="Japanese Envelope Kaku #2"/>
	<!--*** String To Translate ***--><ItemForTranslation ItemName="sp__Japanese Envelope Kaku #3" ItemTranslation="Japanese Envelope Kaku #3"/>
	<!--*** String To Translate ***--><ItemForTranslation ItemName="sp__Japanese Postcard" ItemTranslation="Japanese Postcard"/>
	<!--*** String To Translate ***--><ItemForTranslation ItemName="sp__Japanese Postcard Rotated" ItemTranslation="Japanese Postcard Rotated"/>
	<!--*** String To Translate ***--><ItemForTranslation ItemName="sp__JIS B0" ItemTranslation="JIS B0"/>
	<!--*** String To Translate ***--><ItemForTranslation ItemName="sp__JIS B1" ItemTranslation="JIS B1"/>
	<!--*** String To Translate ***--><ItemForTranslation ItemName="sp__JIS B2" ItemTranslation="JIS B2"/>
	<!--*** String To Translate ***--><ItemForTranslation ItemName="sp__JIS B3" ItemTranslation="JIS B3"/>
	<!--*** String To Translate ***--><ItemForTranslation ItemName="sp__JIS B4" ItemTranslation="JIS B4"/>
	<!--*** String To Translate ***--><ItemForTranslation ItemName="sp__Ledger" ItemTranslation="Ledger"/>
	<!--*** String To Translate ***--><ItemForTranslation ItemName="sp__Legal" ItemTranslation="Legal"/>
	<!--*** String To Translate ***--><ItemForTranslation ItemName="sp__Legal Extra" ItemTranslation="Legal Extra"/>
	<!--*** String To Translate ***--><ItemForTranslation ItemName="sp__Letter" ItemTranslation="Letter"/>
	<!--*** String To Translate ***--><ItemForTranslation ItemName="sp__Letter Extra" ItemTranslation="Letter Extra"/>
	<!--*** String To Translate ***--><ItemForTranslation ItemName="sp__Letter Plus" ItemTranslation="Letter Plus"/>
	<!--*** String To Translate ***--><ItemForTranslation ItemName="sp__Letter Rotated" ItemTranslation="Letter Rotated"/>
	<!--*** String To Translate ***--><ItemForTranslation ItemName="sp__Oversize A0" ItemTranslation="Oversize A0"/>
	<!--*** String To Translate ***--><ItemForTranslation ItemName="sp__Oversize A1" ItemTranslation="Oversize A1"/>
	<!--*** String To Translate ***--><ItemForTranslation ItemName="sp__Oversize A2" ItemTranslation="Oversize A2"/>
	<!--*** String To Translate ***--><ItemForTranslation ItemName="sp__PRC 16K" ItemTranslation="PRC 16K"/>
	<!--*** String To Translate ***--><ItemForTranslation ItemName="sp__PRC 16K Rotated" ItemTranslation="PRC 16K Rotated"/>
	<!--*** String To Translate ***--><ItemForTranslation ItemName="sp__PRC 32K" ItemTranslation="PRC 32K"/>
	<!--*** String To Translate ***--><ItemForTranslation ItemName="sp__PRC 32K Rotated" ItemTranslation="PRC 32K Rotated"/>
	<!--*** String To Translate ***--><ItemForTranslation ItemName="sp__PRC 32K(Big)" ItemTranslation="PRC 32K(Big)"/>
	<!--*** String To Translate ***--><ItemForTranslation ItemName="sp__PRC 32K(Big) Rotated" ItemTranslation="PRC 32K(Big) Rotated"/>
	<!--*** String To Translate ***--><ItemForTranslation ItemName="sp__PRC Envelope #1" ItemTranslation="PRC Envelope #1"/>
	<!--*** String To Translate ***--><ItemForTranslation ItemName="sp__PRC Envelope #1 Rotated" ItemTranslation="PRC Envelope #1 Rotated"/>
	<!--*** String To Translate ***--><ItemForTranslation ItemName="sp__PRC Envelope #10 Rotated" ItemTranslation="PRC Envelope #10 Rotated"/>
	<!--*** String To Translate ***--><ItemForTranslation ItemName="sp__PRC Envelope #2" ItemTranslation="PRC Envelope #2"/>
	<!--*** String To Translate ***--><ItemForTranslation ItemName="sp__PRC Envelope #2 Rotated" ItemTranslation="PRC Envelope #2 Rotated"/>
	<!--*** String To Translate ***--><ItemForTranslation ItemName="sp__PRC Envelope #3" ItemTranslation="PRC Envelope #3"/>
	<!--*** String To Translate ***--><ItemForTranslation ItemName="sp__PRC Envelope #4" ItemTranslation="PRC Envelope #4"/>
	<!--*** String To Translate ***--><ItemForTranslation ItemName="sp__PRC Envelope #4 Rotated" ItemTranslation="PRC Envelope #4 Rotated"/>
	<!--*** String To Translate ***--><ItemForTranslation ItemName="sp__PRC Envelope #5 Rotated" ItemTranslation="PRC Envelope #5 Rotated"/>
	<!--*** String To Translate ***--><ItemForTranslation ItemName="sp__PRC Envelope #6" ItemTranslation="PRC Envelope #6"/>
	<!--*** String To Translate ***--><ItemForTranslation ItemName="sp__PRC Envelope #6 Rotated" ItemTranslation="PRC Envelope #6 Rotated"/>
	<!--*** String To Translate ***--><ItemForTranslation ItemName="sp__PRC Envelope #7" ItemTranslation="PRC Envelope #7"/>
	<!--*** String To Translate ***--><ItemForTranslation ItemName="sp__PRC Envelope #7 Rotated" ItemTranslation="PRC Envelope #7 Rotated"/>
	<!--*** String To Translate ***--><ItemForTranslation ItemName="sp__PRC Envelope #8" ItemTranslation="PRC Envelope #8"/>
	<!--*** String To Translate ***--><ItemForTranslation ItemName="sp__PRC Envelope #8 Rotated" ItemTranslation="PRC Envelope #8 Rotated"/>
	<!--*** String To Translate ***--><ItemForTranslation ItemName="sp__PRC Envelope #9 Rotated" ItemTranslation="PRC Envelope #9 Rotated"/>
	<!--*** String To Translate ***--><ItemForTranslation ItemName="sp__Quarto" ItemTranslation="Quarto"/>
	<!--*** String To Translate ***--><ItemForTranslation ItemName="sp__Screen" ItemTranslation="Screen"/>
	<!--*** String To Translate ***--><ItemForTranslation ItemName="sp__Statement" ItemTranslation="Statement"/>
	<!--*** String To Translate ***--><ItemForTranslation ItemName="sp__Super A" ItemTranslation="Super A"/>
	<!--*** String To Translate ***--><ItemForTranslation ItemName="sp__Super B" ItemTranslation="Super B"/>
	<!--*** String To Translate ***--><ItemForTranslation ItemName="sp__US Std Fanfold" ItemTranslation="US Std Fanfold"/>
</LanguageOptions>
</Root>
