<?xml version="1.0" encoding="utf-8"?>
<!-- edited with XMLSPY v2004 rel. 3 U (http://www.xmlspy.com) by Mário Rodrigues (Viva) -->
<Root>
	<!--    <LanguageOptions xmlns="x-schema:LanguageSchema.xml" Name="English"> -->
	<LanguageOptions Name="English">
		<!-- Text for Main(File Open)  dialog -->
		<ItemForTranslation ItemName="DoNoRecoverColumns" ItemTranslation="Não recuperar colunas"/>
		<!-- Button tooltips for main toolbar: {1} is replaced by the current hotkey for each -->
		<ItemForTranslation ItemName="ToolTips1010" ItemTranslation="Opções"/>
		<ItemForTranslation ItemName="ToolTips1011" ItemTranslation="Ajuda"/>
		<ItemForTranslation ItemName="ToolTips1012" ItemTranslation="Converter"/>
		<ItemForTranslation ItemName="ToolTips1013" ItemTranslation="Sair"/>
		<ItemForTranslation ItemName="ToolTips1014" ItemTranslation="Criar ficheiro PDF"/>
		<ItemForTranslation ItemName="ToolTips1500" ItemTranslation="Se seleccionado, o conversor não tentará detectar colunas. Útil para documentos de arte ou tabelas."/>
		<ItemForTranslation ItemName="ToolTips1501" ItemTranslation="Se seleccionado, o conversor detectará e preserverá a disposição das colunas para manter a ordem lógica do texto no documento."/>
        <!--*** String To Translate ***--><ItemForTranslation ItemName="ToolTips1502"                             ItemTranslation="Table detection applies when page layout is recognized using flowing or continuous reconstruction mode."/>
		<!--*** String To Translate ***--><ItemForTranslation ItemName="ToolTips1503" ItemTranslation="Select No to convert all pages or Yes to be prompted to convert a specific page range."/>
		<ItemForTranslation ItemName="TBOptions" ItemTranslation="Opções"/>
		<ItemForTranslation ItemName="TBHelp" ItemTranslation="Ajuda"/>
		<ItemForTranslation ItemName="TBConvert " ItemTranslation="Converter"/>
		<ItemForTranslation ItemName="TBExit" ItemTranslation="Sair"/>
		<ItemForTranslation ItemName="TBSave" ItemTranslation="Criar"/>
		<!-- Text for Options dialog -->
		<ItemForTranslation ItemName="$applicationname Options" ItemTranslation="Opções do {applicationname}"/>
		<ItemForTranslation ItemName="ProgramOptions" ItemTranslation="Opções do programa"/>
		<ItemForTranslation ItemName="LaunchViewer" ItemTranslation="Lançar o Microsoft Word"/>
		<ItemForTranslation ItemName="ForSingleFile" ItemTranslation="Para um ficheiro"/>
		<ItemForTranslation ItemName="ForMultipleFiles" ItemTranslation="Para vários ficheiros"/>
		<ItemForTranslation ItemName="TargetPath" ItemTranslation="Caminho de saída"/>
		<ItemForTranslation ItemName="TargetFormat" ItemTranslation="Formato do ficheiro de saída"/>
		<ItemForTranslation ItemName="Language" ItemTranslation="Idioma da interface do utilizador"/>
		<ItemForTranslation ItemName="CloseProgressDlg" ItemTranslation="Manter a janela de progressão aberta"/>
		<ItemForTranslation ItemName="RestoreDefaults" ItemTranslation="Restaurar predefinições"/>
		<ItemForTranslation ItemName="PromptForPages" ItemTranslation="Pedir o intervado de páginas"/>
		<ItemForTranslation ItemName="CharSpacing" ItemTranslation="Manter o espaçamento de caracteres"/>
		<ItemForTranslation ItemName="ShowWizard" ItemTranslation="Utilizar Assistente"/>
		<ItemForTranslation ItemName="ExtractText" ItemTranslation="Extract text"/>
		<ItemForTranslation ItemName="LineLength" ItemTranslation="Line length"/>
		<!-- <ItemForTranslation ItemName="Columns Recovery"         ItemTranslation="Columns Recovery"/> -->
		<ItemForTranslation ItemName="FilterOptions" ItemTranslation="Configuração do conversor"/>
		<!--
                    <ItemForTranslation ItemName="Image Anchoring"          ItemTranslation="Image Anchoring"/>
                    <ItemForTranslation ItemName="Automatic"                ItemTranslation="Automatic"/>
                    <ItemForTranslation ItemName="Paragraph"                ItemTranslation="Paragraph"/>
                    <ItemForTranslation ItemName="Page"                     ItemTranslation="Page"/>
                -->
		<!-- Errors -->
		<!-- Descriptions for Options dialog -->
		<ItemForTranslation ItemName="ProgramOptionsDescription" ItemTranslation="O {applicationname} pode ser configurado com estas opções."/>
		<ItemForTranslation ItemName="LaunchViewerDescription" ItemTranslation="Abrir o ficheiro convertido no Microsoft Word após conclusão."/>
		<ItemForTranslation ItemName="CloseWindowDescription" ItemTranslation="Manter sempre aberta a janela de conversão. Caso contrário, esta janela fecha-se automaticamente após uma conversão bem sucedida."/>
		<ItemForTranslation ItemName="TargetPathDescription" ItemTranslation="Seleccione o local onde os ficheiros convertidos são guardados."/>
		<ItemForTranslation ItemName="DefaultFilterDescription" ItemTranslation="Os DOC suportam tipos de letra incorporados. Os RTF podem ser abertos por programas que não o Microsoft Word. Os TXT não suportam formatação nem imagens."/>
		<ItemForTranslation ItemName="LanguageDescription" ItemTranslation="Seleccione o idioma da interface do utilizador para o {applicationname}."/>
		<ItemForTranslation ItemName="ShowWizardDescription" ItemTranslation="Defina esta opção se desejar utilizar o assistente de conversão para o ajudar a configurar as suas definições de conversão."/>
		<ItemForTranslation ItemName="FilterOptionsDescription" ItemTranslation="Configurar selectivamente funções específicas do {applicationname}."/>
		<ItemForTranslation ItemName="PDFFilterDescription" ItemTranslation="Configurar selectivamente funções específicas do {applicationname}."/>
		<ItemForTranslation ItemName="PDFFilterPromptForPagesDescription" ItemTranslation="Converter todas as páginas ou apresentar caixa de diálogo para converter um subconjunto do documento."/>
		<ItemForTranslation ItemName="PDFFilterColumnsRecoveryDescription" ItemTranslation="Controlar a forma como as colunas são tratadas. As colunas podem ser ignoradas ou detectadas e apresentadas como colunas no ficheiro RTF."/>
		<ItemForTranslation ItemName="PDFFilterCharSpacingDescription" ItemTranslation="Manter os espaçamentos e larguras de caracteres do ficheiro PDF. Os ficheiros PDF poderão ter espaçamentos e larguras individuais para cada caracter."/>
		<ItemForTranslation ItemName="PDFFilterImagesAnchoringDescription" ItemTranslation="Seleccione Remover Imagens para remover do documento imagens específicas. Também pode seleccionar Ancoragem Automática para converter todas as imagens para ancoragem inline, Ancorar em Parágrafo ou Ancora na Página."/>
		<ItemForTranslation ItemName="ExtractTextDescription" ItemTranslation="Configure text extraction options."/>
		<ItemForTranslation ItemName="LineLengthDescription" ItemTranslation="Type the maximum number of characters to display in each line of your output document."/>
		<!-- Text for Progress dialog -->
		<ItemForTranslation ItemName="FileName" ItemTranslation="Nome do ficheiro"/>
		<ItemForTranslation ItemName="Source" ItemTranslation="Origem"/>
		<ItemForTranslation ItemName="Destination" ItemTranslation="Destino"/>
		<ItemForTranslation ItemName="Status" ItemTranslation="Estado"/>
		<ItemForTranslation ItemName="Description" ItemTranslation="Descrição"/>
		<ItemForTranslation ItemName="ButtonStateClose" ItemTranslation="Fechar"/>
		<ItemForTranslation ItemName="StatusStringCompleted" ItemTranslation="A conversão do ficheiro está concluída."/>
		<ItemForTranslation ItemName="StatusStringCanceled" ItemTranslation="Conversão cancelada pelo utilizador."/>
		<ItemForTranslation ItemName="StatusStringCompletedWithFault" ItemTranslation="A conversão do ficheiro falhou."/>
		<ItemForTranslation ItemName="Converting" ItemTranslation="A converter..."/>
		<ItemForTranslation ItemName="General" ItemTranslation="Geral"/>
		<ItemForTranslation ItemName="Details" ItemTranslation="Detalhes"/>
		<ItemForTranslation ItemName="Conversion Progress" ItemTranslation="Progressão da conversão"/>
		<!-- Error codes -->
		<ItemForTranslation ItemName="InternalError" ItemTranslation="Erro interno."/>
		<ItemForTranslation ItemName="InternalErrorDesc" ItemTranslation="Erro interno."/>
		<ItemForTranslation ItemName="Succeed" ItemTranslation="Êxito."/>
		<ItemForTranslation ItemName="SucceedDesc" ItemTranslation="Êxito."/>
		<ItemForTranslation ItemName="Canceled" ItemTranslation="Cancelado."/>
		<ItemForTranslation ItemName="CanceledDesc" ItemTranslation="Cancelado pelo utilizador."/>
		<ItemForTranslation ItemName="BadData" ItemTranslation="Dados incorrectos."/>
		<ItemForTranslation ItemName="BadDataDesc" ItemTranslation="Conteúdo do ficheiro inválido."/>
		<ItemForTranslation ItemName="IOError" ItemTranslation="Erro de entrada."/>
		<ItemForTranslation ItemName="IOErrorDesc" ItemTranslation="Não é possível abrir o ficheiro original."/>
		<ItemForTranslation ItemName="FileHasCopyPtotection" ItemTranslation="O ficheiro está protegido contra cópia."/>
		<ItemForTranslation ItemName="FileHasCopyPtotectionDesc" ItemTranslation="Não é possível converter. O ficheiro está protegido contra cópia."/>
		<ItemForTranslation ItemName="InvalidPagesRange" ItemTranslation="Intervalo de páginas inválido."/>
		<ItemForTranslation ItemName="InvalidPagesRangeDesc" ItemTranslation="O intervalo de páginas especificado está fora da extensão do documento."/>
		<ItemForTranslation ItemName="InvalidArgumentsDesc" ItemTranslation="Argumentos de Entrada/Saída inválidos."/>
		<ItemForTranslation ItemName="Internal program error" ItemTranslation="Erro interno do programa"/>
		<!-- messages -->
		<ItemForTranslation ItemName="OverwriteOptions" ItemTranslation="Tem a certeza que deseja substituir todas as opções com os valores predefinidos?"/>
		<ItemForTranslation ItemName="FileNotFound" ItemTranslation="O ficheiro {1} {n} não foi encontrado{n}Verifique se o nome de ficheiro que indicou está correcto."/>
		<!--*** String To Translate ***--><ItemForTranslation ItemName="FileCantBeReplaced" ItemTranslation="{n}Output file cannot be overwritten.{n}The file is locked by an application (Open in Word?) or protected from deletion.{n}Please unlock the file or change the target file name."/>
		<ItemForTranslation ItemName="STR_END_IS_GREAT" ItemTranslation="A página inicial deve ser inferior ou igual ao número da página final."/>
		<ItemForTranslation ItemName="STR_INVALID_NUM" ItemTranslation="A página tem de ter um número maior que zero."/>
		<!-- Stop Convert Dlg -->
		<ItemForTranslation ItemName="CancelConversionMessage" ItemTranslation="Deseja cancelar o processo de conversão?"/>
		<!-- Progress bar -->
		<ItemForTranslation ItemName="ConversionLogMessage" ItemTranslation="Registo do conversor"/>
		<ItemForTranslation ItemName="StartingConversionMessage" ItemTranslation="------- A conversão foi iniciada: {1} -------"/>
		<ItemForTranslation ItemName="FileConversionMessage" ItemTranslation="Ficheiro em conversão: "/>
		<ItemForTranslation ItemName="ElapsedMessage" ItemTranslation="A conversão foi concluída. Tempo decorrido: {1}"/>
		<ItemForTranslation ItemName="ReportMessage" ItemTranslation="{n}Foram convertidas as páginas de {1} a {2}."/>
		<ItemForTranslation ItemName="ImageNotFound" ItemTranslation="Não existem imagens neste documento."/>
		<ItemForTranslation ItemName="FailedSaveImage" ItemTranslation="Não foi possível guardar a imagem para {1}"/>
		<!--*** String To Translate ***--><ItemForTranslation ItemName="ConversionFailedMessage" ItemTranslation="Conversion failed on page {1}."/>
		<ItemForTranslation ItemName="DaysFormat" ItemTranslation="{1} dias "/>
		<ItemForTranslation ItemName="HoursFormat" ItemTranslation="{1} horas "/>
		<ItemForTranslation ItemName="DayFormat" ItemTranslation="{1} dia "/>
		<ItemForTranslation ItemName="HourFormat" ItemTranslation="{1} hora "/>
		<ItemForTranslation ItemName="MinutesFormat" ItemTranslation="{1} min. "/>
		<ItemForTranslation ItemName="MinuteFormat" ItemTranslation="{1} min. "/>
		<ItemForTranslation ItemName="SecondsFormat" ItemTranslation="{1} seg."/>
		<ItemForTranslation ItemName="SecondFormat" ItemTranslation="{1} seg."/>
		<!-- RTF filter message -->
		<ItemForTranslation ItemName="OutputPathMessage" ItemTranslation="O ficheiro de saída foi guardado em: {1}"/>
		<ItemForTranslation ItemName="WritingFileMessage" ItemTranslation="A escrever ficheiro {1}..."/>
		<!-- PDF filter messsages -->
		<ItemForTranslation ItemName="PDFPreScanInfoText" ItemTranslation="A examinar ficheiro {1}..."/>
		<ItemForTranslation ItemName="PDFLoadingInfoText" ItemTranslation="A carregar ficheiro {1}..."/>
		<ItemForTranslation ItemName="FractionalFontSize" ItemTranslation="o original contém um tipo de letra com um tamanho fraccionário.{n}O formato do ficheiro de destino apenas suporta tipos de letra de tamanhos múltiplos de 1/2."/>
		<ItemForTranslation ItemName="FontHeadMessage" ItemTranslation="Aviso(s) de tipo de letra {1}:"/>
		<ItemForTranslation ItemName="FontSubstMessage" ItemTranslation="o tipo de letra foi substituído por {1}."/>
		<ItemForTranslation ItemName="FontEmbedMessage" ItemTranslation="dados incorporados com o tipo de letra {1}."/>
		<ItemForTranslation ItemName="DifferentLookingWarning" ItemTranslation="A aparência do documento de saída poderá ser diferente do original devido a:"/>
		<ItemForTranslation ItemName="FontEmbedWarning" ItemTranslation="O documento contém dados de tipo(s) de letra incorporados"/>
		<ItemForTranslation ItemName="FontNotBuiltInWarning" ItemTranslation="O documento não contém tipos de letra incorporados"/>
		<ItemForTranslation ItemName="EvaluationInfoMessage" ItemTranslation="Cópia experimental: a utilização é limitada."/>
		<!--
                Text1 :
                    Thank you for trying SolidConverter PDF.
                    The trial version of this product only converts 10% of your document, with a 10 page maximum.
                    Please register SolidConverter PDF to remove this restriction.
                 -->
		<ItemForTranslation ItemName="EvaluationMessage1" ItemTranslation="Obrigado por experimentar o {applicationname}.{n}A versão de teste deste produto apenas converte 10% do seu documento, até um máximo de 10 páginas.{n}Registe o produto {link:applicationpurchaseurl}{applicationname}{/link} para remover esta restrição.{n}"/>
		<!--
                Text2 (contain some parts from Text1 ) :
                    Thank you for trying SolidConverter PDF.{n}
                    The trial version of this product only converts 10% of your document, with a 10 page maximum.{n}
                    For this conversion, SolidConverter PDF converted 1 of 1 pages.{n}
                    Please register SolidConverter PDF at http://www.solidpdf.com to remove this restriction.{n}
                 -->
		<ItemForTranslation ItemName="EvaluationMessage2" ItemTranslation="Obrigado por experimentar o {applicationname}.{pb/}A versão experimental deste produto apenas converte 10% do seu documento, até um máximo de 10 páginas. {pb/}Para esta conversão, o {applicationname} converteu {1} de {2} páginas.{pb/}{b}Registe o  {color}{applicationname}{/color} em {applicationpurchaseurl} para remover esta restrição.{/b}"/>
		<!-- Promt for password -->
		<ItemForTranslation ItemName="Enter password" ItemTranslation="Introduza a palavra-passe"/>
		<ItemForTranslation ItemName="This file is protected." ItemTranslation="O seu ficheiro PDF possui segurança de auto-assinatura, que limita a acessibilidade. Introduza a palavra-passe do documento PDF para continuar a conversão."/>
		<ItemForTranslation ItemName="Password:" ItemTranslation="Palavra-passe:"/>
		<ItemForTranslation ItemName="Invalid Password." ItemTranslation="Palavra-passe inválida."/>
		<ItemForTranslation ItemName="You don't have permissions for extract operation." ItemTranslation="Não tem permissões para a operação de extracção."/>
		<!-- Promt for pages -->
		<ItemForTranslation ItemName="Convert Pages" ItemTranslation="Converter páginas"/>
		<ItemForTranslation ItemName="All %d pages" ItemTranslation="Todas as {1} páginas"/>
		<ItemForTranslation ItemName="Pages From:" ItemTranslation="Páginas De:"/>
		<ItemForTranslation ItemName="To:" ItemTranslation="A:"/>
		<ItemForTranslation ItemName="The starting page must be less than or the same as the ending page number." ItemTranslation="A página inicial deve ser inferior ou igual ao número da página final."/>
		<ItemForTranslation ItemName="There is no page numbered '{1}' in this document." ItemTranslation="Neste documento não existe uma página com o número &quot;{1}&quot;."/>
		<!-- Wizard: Page Range -->
		<ItemForTranslation ItemName="PageRange" ItemTranslation="Intervalo de páginas"/>
		<ItemForTranslation ItemName="AllPages" ItemTranslation="Todas"/>
		<ItemForTranslation ItemName="Pages" ItemTranslation="Páginas"/>
		<ItemForTranslation ItemName="From:" ItemTranslation="De:"/>
		<ItemForTranslation ItemName="extractpagerange" ItemTranslation="De que páginas do ficheiro PDF deseja extrair imagens? Se desejar recuperar todas as imagens do documento PDF, escolha 'Todas'.{n}{n}Se desejar extrair apenas determinadas imagens do ficheiro PDF, seleccione 'Páginas' e introduza o intervalo de páginas nos campos 'De' e 'A'."/>
		<ItemForTranslation ItemName="convertpagerange" ItemTranslation="Que páginas do documento PDF deseja recuperar? Se desejar recuperar todo o ficheiro PDF, escolha  'Todos'.{n}{n}Se desejar recuperar apenas determinadas páginas do ficheiro PDF, seleccione 'Páginas' e introduza o intervalo de páginas nos campos 'De' e 'A'."/>
		<!-- V2.1 TEXT
                 ItemForTranslation     ItemName="SolidConverterPDFUsage" ItemTranslation="Usage: SolidConverterPDF.exe [/h] /i Input [/o Output] [/w argument] [/y | /n] [/c] [/s] [/a argument] [/f argument] [/p xxx[-yyy]] {n}{n}{t}/h  {t}Displays this help. {n}{n}{t}/i  {t}Specifies the file or files to be converted. {n}{n}{t}/o  {t}Specifies the file name or directory for the new file(s). {n}{n}{t}/w  {t}Silent mode (hide progress dialog is default). {n}{n}{t}{t}  argument:  + : Always show progress dialog (/w +). {n}{n}{t}{t}      {t}     x : Automatically close progress dialog if successful (/w x). {n}{n}{t}/y  {t}Force overwriting of existing files (prompt to overwrite is default). {n}{n}{t}/n  {t}Force converter to not overwrite exiting files (no conversion if output file exists). {n}{n}{t}/c  {t}Don't detect columns (detect columns is default). {n}{n}{t}/f  {t}Format options (the default is Flowing.){n}{t}{t}If this parameter exists, /c parameter is ignored. {n}{n}{t}{t}  argument:   tabl : Tables (/f tabl). {n}{n}{t}{t}      {t}     cont : Continuous (/f cont). {n}{n}{t}{t}      {t}      txt : Text (/f txt). {n}{n}{t}{t}      {t}      exact : Exact (/f exact). {n}{n}{t}                /s  {t}Ignore character spacing (keep character spacing is default). {n}{n}{t}                /a  {t}                Image anchoring (the default is automatic). {n}{n}{t}{t}                  argument:   g : page anchoring (/a g). {n}{n}{t}{t}      {t}      p : paragraph anchoring (/a p). {n}{n}{t}{t}      {t}      r : remove images (/a r). {n}{n}{t}{t}      {t}      x : extract images (/a x)                 {n}{n}{t}/p  {t}Page conversion (/p xxx-yyy): {n}{n}{t}{t}  xxx : is starting page number and must be greater than 0. {n}{n}{t}{t}  yyy : is ending page number and must be greater or equal to xxx. {n}"/
                -->
		<!-- V2.0 TEXT -->
		<ItemForTranslation ItemName="help_dlg_title" ItemTranslation="Ajuda {applicationname}"/>
		<ItemForTranslation ItemName="SolidConverterPDFUsage" ItemTranslation="Utilização: SolidConverterPDF.exe [/h] /i Input [/o Output] [/w argument] [/y | /n] [/c] [/s] [/a argument] [/f argument] [/p xxx[-yyy]] {n}{n}{t}/h  {t}Apresenta esta ajuda.{n}{n}{t}/i  {t}Especifica o ficheiro ou ficheiros a converter.{n}{n}{t}/o  {t}Especifica o nome do ficheiro ou o directório para o(s) novo(s) ficheiro(s). {n}{n}{t}/w  {t}Modo silencioso (o predefinido é ocultar a caixa de progressão). {n}{n}{t}{t}  argumento:  + : Mostrar sempre a caixa de progressão (/w +). {n}{n}{t}{t}      {t}     x : Fechar automaticamente a caixa de progressão se bem sucedido (/w x). {n}{n}{t}/y  {t}Forçar substituição dos ficheiros existentes (o predefinido é mostrar aviso de substituição). {n}{n}{t}/n  {t}Forçar conversor a não substituir os ficheiros existentes (sem conversão se ficheiro de saída já existir). {n}{n}{t}/c  {t}Não detectar colunas (o predefinido é detectar colunas). {n}{n}{t}/f  {t}Opções de formato (o predefinido é Página corrida.){n}{t}{t}Se este parâmetro existir, o parâmetro /c é ignorado.{n}{n}{t}{t}  argumento:   tabl : Tabelas (/f tabl). {n}{n}{t}{t}      {t}     cont : Contínuo (/f cont). {n}{n}{t}{t}      {t}      txt : Texto (/f txt). {n}{n}{t}{t}      {t}     verdadeiro : Página verdadeira (/f verdadeiro). {n}{n}{t}/s  {t}Ignorar espaçamento de caracteres (o predefinido é manter espaçamento de caracteres). {n}{n}{t}/a  {t}Processamento de imagens (o predefinido é automático). {n}{n}{t}{t}  argumento:   g : ancoragem de página (/a g). {n}{n}{t}{t}      {t}      p : ancoragem de parágrafo (/a p). {n}{n}{t}{t}      {t}      r : remover imagens (/a r). {n}{n}{t}/p  {t}Conversão de página (/p xxx-yyy): {n}{n}{t}{t}  xxx : é o número da página inicial e deve ser maior que 0. {n}{n}{t}{t}  yyy : é o número da página final e deve ser maior ou igual a xxx."/>
		<ItemForTranslation ItemName="SolidConverterPDFUsageHead" ItemTranslation="Utilização:"/>
		<!--*** String To Translate ***--><ItemForTranslation ItemName="SolidConverterPDFUsageCmdString" ItemTranslation="[/h] /i Input [/o Output] [/w argument] [/y | /n] [/c argument]{n} [/f argument] [/s] [/a argument] [/p xxx[-yyy]{n}[/pwd [&quot;password&quot;]]]"/>
		<!--*** String To Translate ***--><ItemForTranslation ItemName="SolidConverterPDFUsageCmdString_lite" ItemTranslation="[/h] /i Input [/o Output] [/w argument] [/y | /n] [/c argument]{n} [/f argument] [/s] [/p xxx[-yyy]]{n}[/pwd [&quot;password&quot;]] "/>
		<ItemForTranslation ItemName="ArgumentStr" ItemTranslation="Argumentos:"/>
		<ItemForTranslation ItemName="ParametersStr" ItemTranslation="Parâmetros:"/>
		<ItemForTranslation ItemName="hDescription" ItemTranslation="Apresenta esta ajuda."/>
		<ItemForTranslation ItemName="iDescription" ItemTranslation="Especifica o ficheiro ou ficheiros a converter"/>
		<ItemForTranslation ItemName="oDescription" ItemTranslation="Especifica o nome do ficheiro ou o directório para o(s) novo(s) ficheiro(s)."/>
		<ItemForTranslation ItemName="wDescription" ItemTranslation="Modo silencioso (o predefinido é ocultar a caixa de progressão)."/>
		<ItemForTranslation ItemName="wArguments" ItemTranslation="+ : Mostrar sempre a caixa de progressão (/w +).{n}x : Fechar automaticamente a caixa de progressão se bem sucedido (/w x)."/>
		<ItemForTranslation ItemName="yDescription" ItemTranslation="Forçar a substituição dos ficheiros existentes (o predefinido é mostrar aviso de substituição)."/>
		<ItemForTranslation ItemName="nDescription" ItemTranslation="Forçar conversor a não substituir os ficheiros existentes (sem conversão se ficheiro de saída já existir)."/>
		<ItemForTranslation ItemName="cDescription" ItemTranslation="Opções de formato (o predefinido é Página corrida.)"/>
		<ItemForTranslation ItemName="cArguments" ItemTranslation="tabl  : Tabelas (/c tabl).{n}cont : Contínuo (/c cont).{n}txt    : Texto (/c txt).{n}true  : Página verdadeira (/c verdadeiro).{n}x       : Extrair apenas imagens (/c x)"/>
		<ItemForTranslation ItemName="cArguments_lite" ItemTranslation="txt    : Texto (/c txt)."/>
		<ItemForTranslation ItemName="sDescription" ItemTranslation="Ignorar espaçamento de caracteres (o predefinido é manter espaçamento de caracteres)."/>
		<ItemForTranslation ItemName="aDescription" ItemTranslation="Modo de colocação de imagens (o predefinido é automático)."/>
		<ItemForTranslation ItemName="aArguments" ItemTranslation="g : ancoragem de página (/a g).{n}p : ancoragem de parágrafo (/a p).{n}r  : remover imagens (/a r)."/>
		<ItemForTranslation ItemName="pDescription" ItemTranslation="Conversão de página (/p xxx-yyy)"/>
		<ItemForTranslation ItemName="pArguments" ItemTranslation="xxx : é o número da página inicial e deve ser maior que 0.{n}yyy :é o número da página final e deve ser maior ou igual a xxx."/>
		<ItemForTranslation ItemName="dDescription" ItemTranslation="Processamento do cabeçalho e do rodapé (o predefinido é detectar)."/>
		<ItemForTranslation ItemName="dArguments" ItemTranslation="r : detectar e remover (/d r){n}i : ignorar e processar como texto do conteúdo (/d r)"/>
		<ItemForTranslation ItemName="tDescription" ItemTranslation="Formato do ficheiro de destino (o predefinido é indicado nas Opções do programa)"/>
		<!--*** String To Translate ***--><ItemForTranslation ItemName="tArguments" ItemTranslation="rtf    : Rich Text format (/f rtf){n}doc : Microsoft Word format (/f doc){n}wordml: Microsoft Word XML format"/>
		<ItemForTranslation ItemName="eDescription" ItemTranslation="Processamento de tipos de letra incorporados (o predefinido é ignorar)"/>
		<ItemForTranslation ItemName="eArguments" ItemTranslation="s : Instalar no sistema (/e s){n}e : incorporar no documento de saída {n}    (apenas para o formato de saída Microsoft Word (/e e)"/>
		<ItemForTranslation ItemName="pwdDescription" ItemTranslation="Opção de palavra-passe (o predefinido é saltar os ficheiros encriptados)"/>
		<ItemForTranslation ItemName="pwdArguments" ItemTranslation="argumento em falta: apresentar caixa de diálogo da introdução de palavra-passe para os ficheiros encriptados{n}&quot; palavra-passe&quot;          : cadeia entre aspas. Utilize esta palavra-passe se o ficheiro estiver encriptado. {n}Poderão existir ficheiros encriptados com uma password em branco - neste caso, utilize aspas duplas (&quot;&quot;)"/>
		<!-- -->
		<!-- V1.0 TEXT
                 ItemTranslation="Usage: SolidConverterPDF.exe [/h] /i Input [/o Output] [/w argument] [/y | /n] [/c] [/s] [/a argument]                         [/p xxx[-yyy]] {n}{n}{t}/h  {t}Displays this help. {n}{n}{t}/i  {t}Specifies the file or files to be converted. {n}{n}{t}/o  {t}Specifies the file name or directory for the new file(s). {n}{n}{t}/w  {t}Silent mode (hide progress dialog is default). {n}{n}{t}{t}  argument:  + : Always show progress dialog (/w +). {n}{n}{t}{t}      {t}     x : Automatically close progress dialog if successful (/w x). {n}{n}{t}/y  {t}Force overwriting of existing files (prompt to overwrite is default). {n}{n}{t}/n  {t}Force converter to not overwrite exiting files (no conversion if output file exists). {n}{n}{t}/c  {t}Don't detect columns (detect columns is default). {n}{n}{t}/s  {t}Ignore character spacing (keep character spacing is default). {n}{n}{t}/a  {t}Image anchoring (the default is automatic). {n}{n}{t}{t}  argument:   g : page anchoring (/a g). {n}{n}{t}{t}      {t}      p : paragraph anchoring (/a p). {n}{n}{t}/p  {t}Page conversion (/p xxx-yyy): {n}{n}{t}{t}  xxx : is starting page number and must be greater than 0. {n}{n}{t}{t}  yyy : is ending page number and must be greater or equal to xxx. {n}"/
                -->
		<ItemForTranslation ItemName="Source_File_Type_Filter" ItemTranslation="Ficheiros PDF (*.pdf)|*.pdf||"/>
		<ItemForTranslation ItemName="RTF_Files_Filter" ItemTranslation="Ficheiros RTF (*.rtf)"/>
		<ItemForTranslation ItemName="DOC_Files_Filter" ItemTranslation="Ficheiros DOC (*.doc)"/>
		<ItemForTranslation ItemName="TXT_Files_Filter" ItemTranslation="Ficheiros TXT (*.txt)"/>
		<!-- Warnings -->
		<ItemForTranslation ItemName="Warnings" ItemTranslation="Avisos"/>
		<ItemForTranslation ItemName="WarningsSetDescription" ItemTranslation="Seleccione quais os avisos que deseja que sejam apresentados durante a conversão."/>
		<!-- Options panel. Left column  -->
		<ItemForTranslation ItemName="VectorGrfWarning" ItemTranslation="Imagens vectoriais"/>
		<!-- Options panel. Description -->
		<ItemForTranslation ItemName="VectorGrfWarningDescription" ItemTranslation="Apresentar este aviso na altura da conversão, se o ficheiro contiver imagens vectoriais que ainda não são suportadas. Entidades de imagens vectoriais serão ignoradas."/>
		<!-- Warning text -->
		<ItemForTranslation ItemName="VectorGrfWarningText" ItemTranslation="Este ficheiro PDF contém imagens vectoriais que ainda não são suportadas e por esse motivo não foram convertidas."/>
		<!-- Options panel. Left column  -->
		<!--*** String To Translate ***--><ItemForTranslation ItemName="NoTextWarning" ItemTranslation="No text in File"/>
		<!-- Options panel. Description -->
		<ItemForTranslation ItemName="NoTextWarningDescription" ItemTranslation="Apresentar este aviso se não existir texto no ficheiro convertido. A razão mais provável é  tratar-se de um documento digitalizado com um scanner que é constituído inteiramente por páginas de imagens de mapas de bits."/>
		<!-- Warning text -->
		<ItemForTranslation ItemName="NoTextWarningText" ItemTranslation="Este ficheiro não contém texto. A razão mais provável é tratar-se de um documento digitalizado constituído inteiramente por páginas de imagens de mapas de bits."/>
		<!-- Options panel. Left column  -->
		<ItemForTranslation ItemName="HiddenTextWarning" ItemTranslation="Hidden text in File"/>
		<!-- Options panel. Description -->
		<ItemForTranslation ItemName="HiddenTextWarningDescription" ItemTranslation="Show this warning if there is a page with completely hidden(covered with graphics) text in the converted file. The most likely reason is that it is a scanned document which consists entirely of bitmap image pages and recognized text covered with this image (Searchable image)."/>
		<!-- Warning text -->
		<ItemForTranslation ItemName="HiddenTextWarningText" ItemTranslation="This file contains text under graphics(image). The most likely reason is that it is a scanned document which consists entirely of bitmap image pages and recognized text covered with this image (Searchable image)."/>
		<!-- Options panel. Left column  -->
		<ItemForTranslation ItemName="SymbolicFontWarning" ItemTranslation="Tipos de letra de símbolos "/>
		<!-- Options panel. Description -->
		<ItemForTranslation ItemName="SymbolicFontWarningDescription" ItemTranslation=" Mostrar este erro se o documento contiver codificação não standard, tal como tipos de letra de símbolos."/>
		<!-- Warning text -->
		<ItemForTranslation ItemName="SymbolicFontWarningText" ItemTranslation="Este ficheiro contém codificação não standard e poderá ser processado incorrectamente."/>
		<!-- Options panel. Left column  -->
		<ItemForTranslation ItemName="InsufficientOfficeVersionWarning" ItemTranslation="Versão do Microsoft Office"/>
		<!-- Options panel. Description -->
		<ItemForTranslation ItemName="InsufficientOfficeVersionWarningDescription" ItemTranslation="Mostrar este aviso se a versão do Microsoft Office instalada na altura for mais antiga que o Office XP."/>
		<!-- Warning text -->
		<ItemForTranslation ItemName="InsufficientOfficeVersionWarningText" ItemTranslation="A sua cópia do Microsoft Office é mais antiga que o Office XP. O ficheiro pode ser convertido, mas não poderá abri-lo neste computador."/>
		<ItemForTranslation ItemName="{applicationname} Wizard ({1})" ItemTranslation="Assistente do {applicationname} ({1})"/>
		<ItemForTranslation ItemName="{applicationname} Settings ({1})" ItemTranslation="Definições do {applicationname} ({1})"/>
		<!-- v2.0 -->
		<ItemForTranslation ItemName="FormatingMode" ItemTranslation="Modo de reconstrução"/>
		<ItemForTranslation ItemName="FormatingModeDescription" ItemTranslation="Conforme o tipo de documento e a finalidade da conversão, o modo de reconstrução do documento oferece grande flexibilidade sobre a recuperação da disposição, da formatação e do fluxo de texto."/>
		<ItemForTranslation ItemName="Do not recover columns" ItemTranslation="Tabelas"/>
		<ItemForTranslation ItemName="Detect and preserve columns" ItemTranslation="Página corrida"/>
		<ItemForTranslation ItemName="Formatting_and_no_Layout" ItemTranslation="Contínuo"/>
		<ItemForTranslation ItemName="No_Formatting_or_Layout" ItemTranslation="Texto simples"/>
		<ItemForTranslation ItemName="True_Page" ItemTranslation="Página verdadeira"/>
		<ItemForTranslation ItemName="FM_FORMAT_LAYOUT_COLUMNS" ItemTranslation="Página corrida - recupera a disposição da página, colunas, formatação, imagens e preserva o fluxo de texto."/>
		<ItemForTranslation ItemName="FM_FORMAT_LAYOUT" ItemTranslation="Tabelas - recupera a disposição da página, formatação, imagens e preserva o fluxo de texto, mas ignora as colunas."/>
		<ItemForTranslation ItemName="FM_FORMAT" ItemTranslation="Contínuo - detecta a disposição e as colunas, mas apenas recupera a formatação, as imagens e o fluxo de texto."/>
		<ItemForTranslation ItemName="FM_NONE" ItemTranslation="Texto simples - detecta a disposição e as colunas, mas apenas recupera o fluxo de texto sem formatação."/>
		<ItemForTranslation ItemName="FM_TRUEPAGE" ItemTranslation="Página real - recupera a apresentação exacta da página, utilizando caixas de texto no Microsoft Word."/>
		<ItemForTranslation ItemName="WA_CONVERT_WORD" ItemTranslation="Converter o documento de PDF para Word"/>
		<ItemForTranslation ItemName="WA_EXTRACT_IMAGE" ItemTranslation="Extrair as imagens do ficheiro PDF"/>
		<!-- ExtractImage Message -->
		<ItemForTranslation ItemName="ExtractImageMessage" ItemTranslation="{1}A imagem {2} foi extraída da página {3}"/>
		<!--*** String To Translate ***--><ItemForTranslation ItemName="ImagesProcessing" ItemTranslation="Image Handling"/>
		<!--*** String To Translate ***--><ItemForTranslation ItemName="ImagesProcessingDescription" ItemTranslation="Select Remove Images to remove specific images from the document. You can also select Automatic Anchoring to convert all images to inline anchoring, Anchor to Paragraph, or Anchor to Page."/>
		<ItemForTranslation ItemName="RemoveImage" ItemTranslation="Remover imagens"/>
		<ItemForTranslation ItemName="RemoveImages" ItemTranslation="Remover imagens inline"/>
		<ItemForTranslation ItemName="Remove_Images" ItemTranslation="Remover imagens"/>
		<ItemForTranslation ItemName="Remove_Inline_Images" ItemTranslation="Remover imagens inline"/>
		<ItemForTranslation ItemName="RemoveAllImages" ItemTranslation="Remover todas as imagens"/>
		<ItemForTranslation ItemName="RemoveAllImagesExceptInline" ItemTranslation="Remover imagens (excepto imagens inline)"/>
		<ItemForTranslation ItemName="AnchoringAutomatic" ItemTranslation="Ancoragem automática"/>
		<ItemForTranslation ItemName="AnchoringParagraph" ItemTranslation="Ancorar ao parágrafo"/>
		<ItemForTranslation ItemName="AnchoringPage" ItemTranslation="Ancorar à página"/>
		<ItemForTranslation ItemName="RemoveImagePrompt1" ItemTranslation="Quando a disposição não é preservada, apenas as imagens inline podem ser recuperadas.{n}Esta opção permite-lhe remover também as imagens inline."/>
		<ItemForTranslation ItemName="RemoveImagePrompt2" ItemTranslation="Quando a disposição é preservada, as imagens inline são sempre recuperadas.{n}Esta opção permite-lhe remover ou ancorar imagens que não estão inline."/>
		<ItemForTranslation ItemName="SaveEmbededFont" ItemTranslation="Transferir tipos de letra incorporados"/>
		<ItemForTranslation ItemName="SaveEmbededFontDescription" ItemTranslation="Os tipos de letra incorporados podem ser transferidos para ficheiros .doc. Pode optar por transferir todos os tipos de letra TrueType, apenas os tipos de letra de codificação não standard, ou nenhuns."/>
		<ItemForTranslation ItemName="EmbedNone-standardEncoding" ItemTranslation="Incorporar tipos de letra TrueType de codificação não standard"/>
		<ItemForTranslation ItemName="EmbedAllTrueType" ItemTranslation="Incorporar todos os tipos de letra TrueType"/>
		<ItemForTranslation ItemName="DoNotEmbed" ItemTranslation="Não incorporar os tipos de letra"/>
		<ItemForTranslation ItemName="InstallEmbededFont" ItemTranslation="Instalar tipos de letra incorporados"/>
		<ItemForTranslation ItemName="InstallEmbededFontDescription" ItemTranslation="Os tipos de letra TrueType e Type 1 que estão incorporados no ficheiro PDF podem ser opcionalmente instalados no seu computador."/>
		<ItemForTranslation ItemName="HeadersAndFooters" ItemTranslation="Cabeçalhos e rodapés"/>
		<ItemForTranslation ItemName="PDFFilterHeadersAndFootersDescription" ItemTranslation="O {applicationname} pode recuperar ou remover cabeçalhos e rodapés."/>
		<ItemForTranslation ItemName="Detect" ItemTranslation="Detectar e recuperar"/>
		<ItemForTranslation ItemName="DetectAndRemove" ItemTranslation="Detectar e remover"/>
		<ItemForTranslation ItemName="DoNotDetect" ItemTranslation="Não detectar"/>
		<ItemForTranslation ItemName="ExtractImageFilter" ItemTranslation="Configuração da extracção de imagens"/>
		<ItemForTranslation ItemName="ExtractImageFilterDescription" ItemTranslation="A extracção de imagens é outra funcionalidade do {applicationname} para além da conversão de documentos. Configurar selectivamente as funções específicas para a extracção de imagens."/>
		<ItemForTranslation ItemName="ImageTargetType" ItemTranslation="Formato da imagem"/>
		<ItemForTranslation ItemName="ImageTargetTypeDescription" ItemTranslation="Quando extrair imagens de um documento PDF, pode optar por guardá-las num formato diferente do original."/>
		<ItemForTranslation ItemName="KeepSourceFormat" ItemTranslation="&lt;Manter formato original&gt;"/>
		<ItemForTranslation ItemName="bmp" ItemTranslation="BMP"/>
		<ItemForTranslation ItemName="jpg" ItemTranslation="JPG"/>
		<ItemForTranslation ItemName="png" ItemTranslation="PNG"/>
		<ItemForTranslation ItemName="tif" ItemTranslation="TIF"/>
		<ItemForTranslation ItemName="ImageColorDepth" ItemTranslation="Profundidade de cor da imagem"/>
		<ItemForTranslation ItemName="ImageColorDepthDescription" ItemTranslation="Quando extrair imagens de um documento PDF, pode optar por guardá-las com uma profundidade de cor diferente do original."/>
		<ItemForTranslation ItemName="KeepSourceColorDepth" ItemTranslation="&lt;Manter profundidade de cor original&gt;"/>
		<ItemForTranslation ItemName="1_bit_per_pixel_Monochrome" ItemTranslation="1 bit por pixel Monocromático"/>
		<ItemForTranslation ItemName="8_bits_per_pixel_Grayscale" ItemTranslation="8 bits por pixel Escala de cinza"/>
		<ItemForTranslation ItemName="8_bits_per_pixel_Color" ItemTranslation="8 bits por pixel Cor"/>
		<ItemForTranslation ItemName="16_bits_per_pixel_Color" ItemTranslation="16 bits por pixel Cor"/>
		<ItemForTranslation ItemName="24_bits_per_pixel_Color" ItemTranslation="24 bits por pixel Cor"/>
		<ItemForTranslation ItemName="Convert_Through_Wizard" ItemTranslation="Converter utilizando o Assistente..."/>
		<ItemForTranslation ItemName="Save_As_DOC" ItemTranslation="Guardar como DOC"/>
		<ItemForTranslation ItemName="Save_As_RTF" ItemTranslation="Guardar como RTF"/>
		<ItemForTranslation ItemName="Extract_Images" ItemTranslation="Extrair imagens"/>
		<ItemForTranslation ItemName="Extract_Images_Through_Wizard" ItemTranslation="Extrair imagens utilizando o Assistente..."/>
		<!-- Wizard: -->
		<ItemForTranslation ItemName="Browse" ItemTranslation="Procurar..."/>
		<ItemForTranslation ItemName="Next &gt;" ItemTranslation="Seguinte &gt;"/>
		<ItemForTranslation ItemName="Last &gt;&gt;" ItemTranslation="Último &gt;&gt;"/>
		<ItemForTranslation ItemName="&lt; Previous" ItemTranslation="&lt; Anterior"/>
		<!-- Wizard: Layout nd Formatting page-->
		<ItemForTranslation ItemName="Layout_and_Formatting" ItemTranslation="Disposição e Formatação"/>
		<ItemForTranslation ItemName="Choose_Reconstruction_Mode" ItemTranslation="Escolha o modo de reconstrução mais apropriado para este ficheiro PDF:"/>
		<!-- Wizard: Image Recovery page-->
		<ItemForTranslation ItemName="Image_Recovery" ItemTranslation="Manuseamento de imagens "/>
		<!-- Wizard: Char spacing page-->
		<ItemForTranslation ItemName="Custom_Character_Spacing" ItemTranslation="Espaçamento personalizado dos caracteres do PDF"/>
		<ItemForTranslation ItemName="Custom_Character_Spacing_Prompt" ItemTranslation="Quando a disposição da página é preservada, tem a opção de manter o espaçamento personalizado exacto e a largura dos caracteres do ficheiro PDF. Este processo é ideal para preservar a disposição exacta da página, mas não para efectuar modificações significativas ao texto."/>
                <!-- Wizard: Detect Tables page-->
                <!--*** String To Translate ***--><ItemForTranslation ItemName="Custom_DetectTables_Spacing"                  ItemTranslation="Table Detection"/>
                <!--*** String To Translate ***--><ItemForTranslation ItemName="Custom_Detect_Tables_Prompt"	            ItemTranslation="Table detection applies when page layout is recognized using flowing or continuous reconstruction mode. This option is ideal for text documents but not for brochures."/>

		<!-- Wizard: Document Format and Output Path page-->
		<ItemForTranslation ItemName="Document_Format" ItemTranslation="Formato do documento e Caminho de saída"/>
		<ItemForTranslation ItemName="Document_Format_Prompt" ItemTranslation="Escolha o formato do ficheiro de saída. Tenha em atenção que texto não formatado (.txt) não é suportado para modos de disposição da página e formatação complexa."/>
		<ItemForTranslation ItemName="DOC_Format_Choice" ItemTranslation="Formato .doc binário do Microsoft Word (é suportada a funcionalidade de tipo de letra incorporado)"/>
		<ItemForTranslation ItemName="RTF_Format_Choice" ItemTranslation="Formato Microsoft Word Rich Text Format (.rtf)"/>
		<ItemForTranslation ItemName="TXT_Format_Choice" ItemTranslation="Texto não formatado UTF-8 (.txt)"/>
		<ItemForTranslation ItemName="WORDML_Format_Choice" ItemTranslation="Formato WordML do Microsoft Word (.xml)"/>
		<ItemForTranslation ItemName="DestinationPrompt" ItemTranslation="{n}Escolha onde deseja que o ficheiro de destino seja guardado e se deseja abrir o documento no Microsoft Word após a conversão."/>
		<ItemForTranslation ItemName="Save_File_To" ItemTranslation="Guardar ficheiro para:"/>
		<ItemForTranslation ItemName="Open_For_Editing" ItemTranslation="Abrir documento para edição após a conversão."/>
		<!-- Wizard: Font Embedding/installing page-->
		<ItemForTranslation ItemName="Embedding_Installing_Fonts" ItemTranslation="Incorporar e instalar tipos de letra"/>
		<ItemForTranslation ItemName="Embed_Font_Prompt" ItemTranslation="Os ficheiro PDF podem incluir tipos de letra que não existem no seu computador. Pode optar por incorporar selectivamente esses tipos de letra no documento convertido, se tiver escolhido o formato .doc binário do Microsoft Word no ecrã anterior do Assistente.{n}{n}Incorporar tipos de letra aumentará o tamanho do documento convertido."/>
		<ItemForTranslation ItemName="Install_Fonts_Prompt" ItemTranslation="{n}Muitas vezes estão incorporados em documentos PDF tipos de letra que não são standard no Windows. Pode optar por instalar quaisquer desses tipos de letra do ficheiro PDF no seu computador, em alternativa a incorporá-los no documento convertido."/>
		<!-- Wizard: Headers & footers page-->
		<ItemForTranslation ItemName="HeadersAndFootersPrompt" ItemTranslation="O {applicationname} pode recuperar ou remover cabeçalhos e rodapés. Para que a opção de recuperação esteja disponível, a disposição da página tem de ser preservada."/>
		<!-- Wizard: Finish: Convert Document page-->
		<ItemForTranslation ItemName="FinishPage" ItemTranslation="Concluir: Converter documento"/>
		<ItemForTranslation ItemName="FinishPagePrompt" ItemTranslation="As suas opções de conversão são indicadas a seguir. Utilize o botão Anterior para efectuar alterações.{n}Prima Concluir para converter."/>
		<!-- Duplicate -->
		<ItemForTranslation ItemName="FormatingMode:" ItemTranslation="Modo de reconstrução:"/>
		<!-- Duplicate -->
		<ItemForTranslation ItemName="Image_Recovery:" ItemTranslation="Recuperação de imagens:"/>
		<ItemForTranslation ItemName="Character_Spacing:" ItemTranslation="Espaçamento de caracteres:"/>
		<ItemForTranslation ItemName="Embed_Fonts:" ItemTranslation="Incorporar tipos de letra:"/>
		<ItemForTranslation ItemName="Install_Fonts:" ItemTranslation="Instalar tipos de letra:"/>
		<ItemForTranslation ItemName="Page_Range" ItemTranslation="Intervalo de páginas a converter:"/>
		<ItemForTranslation ItemName="OutputPath:" ItemTranslation="O caminho de saída é:"/>
		<!-- Duplicate -->
		<!-- New strings -->
		<ItemForTranslation ItemName="Use_Short_Wizard" ItemTranslation="Mostrar apenas este último ecrã no futuro. É fácil reverter esta opção."/>
		<ItemForTranslation ItemName="ShortWizard" ItemTranslation="Definições de conversão"/>
		<ItemForTranslation ItemName="ShortWizardPrompt" ItemTranslation="As suas definições de conversão são apresentadas a seguir. Utilize o botão Activar assistente, se desejar efectuar alterações, ou prima simplesmente o botão Converter (&lt;enter&gt;) para continuar."/>
		<ItemForTranslation ItemName="Run_Wizard" ItemTranslation="Activar assistente"/>
		<ItemForTranslation ItemName="Convert" ItemTranslation="Converter"/>
		<!-- Wizard: Finish -->
		<ItemForTranslation ItemName="PreserveExactSpacing" ItemTranslation="Preservar o espaçamento exacto de caracteres"/>
		<ItemForTranslation ItemName="RegularCharacterSpacing" ItemTranslation="Espaçamento regular de caracteres"/>
		<ItemForTranslation ItemName="EmbedNonStandardTrueType" ItemTranslation="Incorporar no doc os tipos de letra TrueType de codificação não standard do PDF"/>
		<ItemForTranslation ItemName="EmbedAllTrueTypeLong" ItemTranslation="Incorporar no doc todos os tipos de letra TrueType do PDF"/>
		<ItemForTranslation ItemName="HeadersAndFooters:" ItemTranslation="Cabeçalhos e rodapés:"/>
		<ItemForTranslation ItemName="DetectAndPreserveHF" ItemTranslation="Detectar e preservar os cabeçalhos e rodapés"/>
		<ItemForTranslation ItemName="DetectAndRemoveHF" ItemTranslation="Detectar e remover os cabeçalhos e rodapés"/>
		<ItemForTranslation ItemName="InstallFontsTTandT1" ItemTranslation="Instalar todos os tipos de letra TrueType e Type 1 que estão incorporados no ficheiro PDF."/>
		<ItemForTranslation ItemName="Frompage{1}topage{2}" ItemTranslation="Da página {1} até à página {2}"/>
		<!-- ui:dialogBox extractpath -->
		<ItemForTranslation ItemName="extractpath_Image_Format_Output_Path" ItemTranslation="Formato de imagem e Caminho de saída"/>
		<ItemForTranslation ItemName="extractpath_choose_file_format" ItemTranslation="Escolha o formato de ficheiro para as imagens extraídas:"/>
		<ItemForTranslation ItemName="extractpath_same_as_source_images" ItemTranslation="O mesmo que o das imagens originais"/>
		<ItemForTranslation ItemName="extractpath_choose_path" ItemTranslation="{n}Escolha o caminho onde deseja que as imagens sejam guardadas:"/>
		<ItemForTranslation ItemName="extractpath_save_to" ItemTranslation="Guardar imagens para:"/>
		<ItemForTranslation ItemName="extractpath_filepath" ItemTranslation="{n}{n}{n}{n}{n}o espaço previsto para o caminho do ficheiro precisa de ser razoavelmente grande"/>
		<!-- ui:dialogBox finishextract -->
		<ItemForTranslation ItemName="finishextract_finish" ItemTranslation="Concluir: Extrair imagens"/>
		<ItemForTranslation ItemName="finishextract_description" ItemTranslation="As suas opções de extracção de imagens são apresentadas a seguir. Utilize o botão Anterior para efectuar alterações. Prima Concluir para extrair as imagens."/>
		<!-- Create Options -->
		<ItemForTranslation ItemName="CreatePdfTitle" ItemTranslation="Criar PDF"/>
		<ItemForTranslation ItemName="CreatePdfOptionsSection" ItemTranslation="Criar opções do PDF"/>
		<ItemForTranslation ItemName="CreatePdfOptionsSectionDescription" ItemTranslation="Configurar selectivamente funções específicas de criação do PDF."/>
		<ItemForTranslation ItemName="EmbedAllFont" ItemTranslation="Incorporar todos os tipos de letra"/>
		<ItemForTranslation ItemName="EmbedAllFontDescription" ItemTranslation="Incorporar todos os tipos de letra no ficheiro PDF."/>
		<ItemForTranslation ItemName="PasswordProtection" ItemTranslation="Palavras-passe e Protecção"/>
		<ItemForTranslation ItemName="PasswordProtectionDescription" ItemTranslation="Configurar as restrições de segurança do ficheiro PDF."/>
		<!-- Encryption level -->
		<ItemForTranslation ItemName="EncryptionLevel" ItemTranslation="Nível de encriptação"/>
		<ItemForTranslation ItemName="EncryptionLevelDescription" ItemTranslation="Encriptação predefinida para a opção mais segura: 128 bits RC4"/>
		<ItemForTranslation ItemName="High (128-bit RC4)" ItemTranslation="Alta (128-bit RC4)"/>
		<ItemForTranslation ItemName="Low (40-bit RC4)" ItemTranslation="Baixa (40-bit RC4)"/>
		<ItemForTranslation ItemName="EncryptionNone" ItemTranslation="Nenhuma"/>
		<ItemForTranslation ItemName="&lt;No password&gt;" ItemTranslation="&lt;Sem palavra-passe&gt;"/>
		<ItemForTranslation ItemName="&lt;PromptWhenSaving&gt;" ItemTranslation="&lt;Avisar ao guardar&gt;"/>
		<ItemForTranslation ItemName="&lt;SetPassword&gt;" ItemTranslation="&lt;Definir palavra-passe&gt;"/>
		<!-- User password strings -->
		<ItemForTranslation ItemName="PasswodForOpen" ItemTranslation="Palavra-passe do utilizador"/>
		<ItemForTranslation ItemName="PasswodForOpenDescription" ItemTranslation=" Definir uma Palavra-passe do utilizador (também denominada 'Palavra-passe de Acesso ao Documento') evita que os utilizadores abram os ficheiros sem antes introduzirem uma palavra-passe. Para restringir a impressão e a edição, utilize uma Palavra-passe do Proprietário."/>
		<ItemForTranslation ItemName="Require_User_Password" ItemTranslation="Para abrir o documento necessita da palavra-passe do utilizador"/>
		<ItemForTranslation ItemName="User_Password:" ItemTranslation="Palavra-passe do utilizador:"/>
		<ItemForTranslation ItemName="Repeat_User_Password:" ItemTranslation="Repetir palavra-passe do utilizador:"/>
		<!-- Owner password strings -->
		<ItemForTranslation ItemName="Permissions" ItemTranslation="Restrições de segurança do PDF"/>
		<ItemForTranslation ItemName="PermissionsDescription" ItemTranslation="Estas permissões restringem as formas como os utilizadores podem utilizar o ficheiro PDF."/>
		<ItemForTranslation ItemName="PermissionsPassword" ItemTranslation="Palavra-passe do proprietário"/>
		<ItemForTranslation ItemName="PermissionsPasswordDescription" ItemTranslation="Caso defina qualquer restrição de segurança no seu ficheiro PDF, deverá igualmente indicar uma Palavra-passe do Proprietário (também denominada 'Palavra-passe de Permissões'). Tanto a Palavra-passe do Utilizador como a do Proprietário podem ser utilizadas para abrir o ficheiro PDF."/>
		<!--*** String To Translate ***--><ItemForTranslation ItemName="Use_Owner_Password" ItemTranslation="Use owner password to restrict printing, editing and extraction"/>
		<ItemForTranslation ItemName="Owner_Password:" ItemTranslation="Palavra-passe do proprietário:"/>
		<ItemForTranslation ItemName="Repeat_Owner_Password:" ItemTranslation="Repetir a palavra-passe do proprietário:"/>
		<!-- Permissions modes -->
		<ItemForTranslation ItemName="AllowPrinting" ItemTranslation="Permitir a impressão"/>
		<ItemForTranslation ItemName="AllowPrintingDescription" ItemTranslation=" Escolha Sim para permitir que todos os utilizadores imprimam o ficheiro PDF, ou escolha Não para permitir a impressão apenas aos utilizadores que introduzam a Palavra-passe do Proprietário."/>
		<ItemForTranslation ItemName="AllowChanging" ItemTranslation="Permitir alterações"/>
		<ItemForTranslation ItemName="AllowChangingLong" ItemTranslation="Permitir a edição dos conteúdos"/>
		<ItemForTranslation ItemName="AllowChangingDescription" ItemTranslation=" Escolha Sim para permitir que todos os utilizadores modifiquem o conteúdo do ficheiro PDF, ou Não para permitir a modificação do conteúdo apenas aos utilizadores que introduzam a Palavra-passe do Proprietário."/>
		<ItemForTranslation ItemName="AllowCopying" ItemTranslation="Permitir a cópia"/>
		<ItemForTranslation ItemName="AllowCopyingDescription" ItemTranslation=" Escolha Sim para permitir que todos os utilizadores copiem ou extraiam conteúdos do ficheiro PDF, ou Não para permitir a cópia ou extracção apenas aos utilizadores que introduzam a Palavra-passe do Proprietário."/>
		<ItemForTranslation ItemName="AllowChangingComments" ItemTranslation="Permitir comentários"/>
		<ItemForTranslation ItemName="AllowChangingCommentsLong" ItemTranslation="Permitir a inclusão ou edição de comentários"/>
		<ItemForTranslation ItemName="AllowChangingCommentsDescription" ItemTranslation=" Escolha Sim para permitir que todos os utilizadores editem ou adicionem comentários e campos de formulário ao ficheiro PDF, ou Escolha não para permitir a edição apenas aos utilizadores que introduzam a Palavra-passe do Proprietário. "/>
		<!-- Acrobat plug-in messages (labels and menu items) -->
		<ItemForTranslation ItemName="SC_TOOLBAR_TITLE" ItemTranslation="{applicationname}"/>
		<ItemForTranslation ItemName="SC_BUTTON_LABEL" ItemTranslation="Abrir com o  Word"/>
		<ItemForTranslation ItemName="SC_BUTTON_TOOLTIP" ItemTranslation="Utilizar o {applicationname} para converter este documento e abri-lo no Microsoft Word"/>
		<ItemForTranslation ItemName="SC_MENUITEM_RUN" ItemTranslation="Abrir com o Microsoft Word"/>
		<ItemForTranslation ItemName="SC_MENUITEM_ABOUT" ItemTranslation="Acerca de {applicationname}..."/>
		<!-- SolidConverterPDF plug-in messages -->
		<ItemForTranslation ItemName="UnableAddToolbarToExcel" ItemTranslation="Não é possível acrescentar os controlos do Solid Converter ao Excel."/>
		<ItemForTranslation ItemName="UnableAddToolbarToPowerPoint" ItemTranslation=" Não é possível acrescentar os controlos do Solid Converter ao PowerPoint."/>
		<ItemForTranslation ItemName="NoWorkbooksOpen" ItemTranslation=" Não existem quaisquer livros abertos."/>
		<ItemForTranslation ItemName="NoPresentationsOpen" ItemTranslation=" Não existem quaisquer apresentações abertas."/>
		<ItemForTranslation ItemName="NoDocumentsOpen" ItemTranslation="Não existem quaisquer documentos abertos."/>
		<ItemForTranslation ItemName="EmptyWorksheet" ItemTranslation=" O {nomedaaplicação} não encontrou nada para imprimir, portanto o processo de criação de PDF poderá não iniciar-se."/>
		<ItemForTranslation ItemName="PrinterNotFound" ItemTranslation="Não está instalada qualquer impressora Solid PDF Creator. Por favor, volte a instalar o {nomedaaplicação}."/>
		<!-- Explorer Extensions -->
		<ItemForTranslation ItemName="INFO_LOAD" ItemTranslation="{applicationname} converte ficheiros PDF em Word. Abra em primeiro lugar um ficheiro PDF para utilizar esta funcionalidade."/>
		<ItemForTranslation ItemName="TITLE_PROGRESS" ItemTranslation="{applicationname}"/>
		<ItemForTranslation ItemName="WAIT_DOWNLOAD" ItemTranslation="A transferir ficheiro PDF..."/>
		<!-- SpreadsheetML export filter -->
		<ItemForTranslation ItemName="SpreadsheetML_Files_Filter" ItemTranslation="Ficheiros XML do Microsoft Excel(*.xml)"/>
		<ItemForTranslation ItemName="Extract_Tables_To_Excel" ItemTranslation="Extract tables to Excel (Office XP or higher)"/>
		<ItemForTranslation ItemName="TableNotFound" ItemTranslation="Não foram encontradas tabelas..."/>
		<ItemForTranslation ItemName="NoTablesToExtract" ItemTranslation="Sem tabelas."/>
		<ItemForTranslation ItemName="NoTablesToExtractDesc" ItemTranslation="Ficheiro ignorado: não foram encontradas tabelas para extrair. "/>
		<!-- WordML export filter -->
		<ItemForTranslation ItemName="WordML_Files_Filter" ItemTranslation="Ficheiros XML do Microsoft Word (*.xml)"/>
		<ItemForTranslation ItemName="Save_As_WordML" ItemTranslation="Guardar como XML do Microsoft Word"/>
		<!-- Solid PDF Creator -->
		<ItemForTranslation ItemName="ToolTips801" ItemTranslation="Opções"/>
		<ItemForTranslation ItemName="ToolTips802" ItemTranslation="Ajuda"/>
		<ItemForTranslation ItemName="ToolTips803" ItemTranslation="Sair"/>
		<ItemForTranslation ItemName="ToolTips800" ItemTranslation="Criar ficheiro PDF"/>
		<!--*** String To Translate ***--><ItemForTranslation ItemName="_Splash_1" ItemTranslation="Purchase your copy of {applicationname} now and receive..."/>
		<!--*** String To Translate ***--><ItemForTranslation ItemName="_Splash_2" ItemTranslation="- First-class customer support"/>
		<!--*** String To Translate ***--><ItemForTranslation ItemName="_Splash_3" ItemTranslation="- Service releases and upgrades"/>
		<!--*** String To Translate ***--><ItemForTranslation ItemName="_Splash_4" ItemTranslation="- Special offers and discounts"/>
		<!--*** String To Translate ***--><ItemForTranslation ItemName="_Splash_5" ItemTranslation="Click"/>
		<!--*** String To Translate ***--><ItemForTranslation ItemName="_Splash_6" ItemTranslation="Purchase"/>
		<!--*** String To Translate ***--><ItemForTranslation ItemName="_Splash_7" ItemTranslation="to register {applicationname} today!"/>
		<!--*** String To Translate ***--><ItemForTranslation ItemName="_PROMPT_INFO" ItemTranslation="Prompt for document information"/>
		<!--*** String To Translate ***--><ItemForTranslation ItemName="_ENTER_UNLOCK" ItemTranslation="Enter Unlock Code"/>
		<!--*** String To Translate ***--><ItemForTranslation ItemName="_Title" ItemTranslation="Title:"/>
		<!--*** String To Translate ***--><ItemForTranslation ItemName="_Subject" ItemTranslation="Subject:"/>
		<!--*** String To Translate ***--><ItemForTranslation ItemName="_Author" ItemTranslation="Author:"/>
		<!--*** String To Translate ***--><ItemForTranslation ItemName="_Keywords" ItemTranslation="Keywords:"/>
		<!--*** String To Translate ***--><ItemForTranslation ItemName="Default_Document_information" ItemTranslation="Default document information"/>
		<!--*** String To Translate ***--><ItemForTranslation ItemName="_Override" ItemTranslation="Override"/>
		<!--*** String To Translate ***--><ItemForTranslation ItemName="_Skip" ItemTranslation="Skip"/>
		<!--*** String To Translate ***--><ItemForTranslation ItemName="_Append" ItemTranslation="Append"/>
		<!--*** String To Translate ***--><ItemForTranslation ItemName="AskIfExist" ItemTranslation="If file already exist do"/>
		<!--*** String To Translate ***--><ItemForTranslation ItemName="Color_Images" ItemTranslation="Color Images"/>
		<!--*** String To Translate ***--><ItemForTranslation ItemName="Color_Images_to_Grayscale" ItemTranslation="Convert color images to grayscale"/>
		<!--*** String To Translate ***--><ItemForTranslation ItemName="CImages_Downsample" ItemTranslation="Downsample (DPI):"/>
		<!--*** String To Translate ***--><ItemForTranslation ItemName="GImages_Downsample" ItemTranslation="Downsample (DPI):"/>
		<!--*** String To Translate ***--><ItemForTranslation ItemName="MImages_Downsample" ItemTranslation="Downsample (DPI):"/>
		<!--*** String To Translate ***--><ItemForTranslation ItemName="Use_Original_DPI" ItemTranslation="Keep original DPI"/>
		<!--*** String To Translate ***--><ItemForTranslation ItemName="CImages_Compression" ItemTranslation="Compression:"/>
		<!--*** String To Translate ***--><ItemForTranslation ItemName="GImages_Compression" ItemTranslation="Compression:"/>
		<!--*** String To Translate ***--><ItemForTranslation ItemName="MImages_Compression" ItemTranslation="Compression:"/>
		<!--*** String To Translate ***--><ItemForTranslation ItemName="CImages_Quality" ItemTranslation="Image Quality:"/>
		<!--*** String To Translate ***--><ItemForTranslation ItemName="GImages_Quality" ItemTranslation="Image Quality:"/>
		<!--*** String To Translate ***--><ItemForTranslation ItemName="Grayscale_Images" ItemTranslation="Grayscale Images"/>
		<!--*** String To Translate ***--><ItemForTranslation ItemName="Grayscale_Images_to_Monochrome" ItemTranslation="Convert grayscale images to monochrome"/>
		<!--*** String To Translate ***--><ItemForTranslation ItemName="Monochrome_Images" ItemTranslation="Monochrome Images"/>
		<!--*** String To Translate ***--><ItemForTranslation ItemName="Descr_None" ItemTranslation="No image compression, no image resampling, embedded fonts."/>
		<!--*** String To Translate ***--><ItemForTranslation ItemName="Descr_Web" ItemTranslation="Ideal for screen display. (Lossy compression, image resampling, no embedded fonts.)"/>
		<!--*** String To Translate ***--><ItemForTranslation ItemName="Descr_Draftquality" ItemTranslation="Ideal for drafts or low-resolution print jobs. (No resampling, lossy compression, no embedded fonts.)"/>
		<!--*** String To Translate ***--><ItemForTranslation ItemName="Descr_Professional" ItemTranslation="Ideal for high-quality print jobs. (No resampling, lossless compression, all fonts embedded.)"/>
		<!--*** String To Translate ***--><ItemForTranslation ItemName="Descr_Custom2" ItemTranslation="Select your own optimization settings."/>
		<!--*** String To Translate ***--><ItemForTranslation ItemName="_Web" ItemTranslation="Web"/>
		<!--*** String To Translate ***--><ItemForTranslation ItemName="_Draftquality" ItemTranslation="Draft quality"/>
		<!--*** String To Translate ***--><ItemForTranslation ItemName="_Professional" ItemTranslation="Professional quality"/>
		<!--*** String To Translate ***--><ItemForTranslation ItemName="_Settings" ItemTranslation="Settings"/>
		<!--*** String To Translate ***--><ItemForTranslation ItemName="Main_PDF_Advanced_Description" ItemTranslation="Select the optimization method that suits your requirements."/>
		<!--*** String To Translate ***--><ItemForTranslation ItemName="_Grayscale" ItemTranslation="Grayscale"/>
		<!--*** String To Translate ***--><ItemForTranslation ItemName="Close_Progress" ItemTranslation="Close progress window when finished"/>
		<ItemForTranslation ItemName="Font_List" ItemTranslation="Lista de tipos de letra"/>
		<!--*** String To Translate ***--><ItemForTranslation ItemName="_space" ItemTranslation=" {n}"/>
		<!--*** String To Translate ***--><ItemForTranslation ItemName="Never_Font" ItemTranslation="Embed none"/>
		<!--*** String To Translate ***--><ItemForTranslation ItemName="Never_Font_List" ItemTranslation="Never Embed"/>
		<!--*** String To Translate ***--><ItemForTranslation ItemName="Embed_Font" ItemTranslation="Embed all"/>
		<!--*** String To Translate ***--><ItemForTranslation ItemName="Always_Font_List" ItemTranslation="Always Embed"/>
		<!--*** String To Translate ***--><ItemForTranslation ItemName="Add_Font" ItemTranslation="Add &gt;"/>
		<!--*** String To Translate ***--><ItemForTranslation ItemName="Remove_Font" ItemTranslation="&lt; Remove"/>
		<!--*** String To Translate ***--><ItemForTranslation ItemName="_Subset" ItemTranslation="Subset embedded fonts when less than"/>
		<!--*** String To Translate ***--><ItemForTranslation ItemName="Characters_Persents" ItemTranslation="% of characters used"/>
		<!--*** String To Translate ***--><ItemForTranslation ItemName="Embed_Fail" ItemTranslation="If embedding fails:"/>
		<ItemForTranslation ItemName="PDF_Setup" ItemTranslation="Configuração do PDF"/>
		<ItemForTranslation ItemName="_Advanced" ItemTranslation="Compressão"/>
		<!-- ENCRYPTION PDF DIALOAG -->
		<ItemForTranslation ItemName="Encrypt_Level_Static" ItemTranslation="Nível de encriptação:"/>
		<ItemForTranslation ItemName="128bit" ItemTranslation="Alta (RC4 de 128 bits) - Acrobat 5.0 e superior"/>
		<ItemForTranslation ItemName="40bit" ItemTranslation="Baixa (RC4 de 40 bits) - Acrobat 3.0 e superior"/>
		<ItemForTranslation ItemName="_Prompt" ItemTranslation="Apresentar opções"/>
		<ItemForTranslation ItemName="OpenPasswordsMustMatch" ItemTranslation="A palavra-passe de utilizador de confirmação não corresponde."/>
		<ItemForTranslation ItemName="OpenPasswordMustBePresent" ItemTranslation="A opção 'Necessita da palavra-passe de utilizador para abrir o documento' está seleccionada, mas o campo 'Palavra-passe do utilizador' está vazio. Anule a selecção desta opção ou introduza uma palavra-passe."/>
		<ItemForTranslation ItemName="PermissionPasswordsMustMatch" ItemTranslation="A palavra-passe de proprietário de confirmação não corresponde."/>
		<ItemForTranslation ItemName="PermissionPasswordMustBePresent" temTranslation="A opção 'Utilizar a palavra-passe de proprietário para restringir a impressão, edição e extracção' está seleccionada, mas o campo 'Palavra-passe de proprietário' está vazio. Anule a selecção desta opção ou introduza uma palavra-passe."/>
		<ItemForTranslation ItemName="PasswordMustBePresent" ItemTranslation="Para aplicar definições de segurança, defina uma Palavra-passe de utilizador ou uma Palavra-passe de proprietário."/>
		<ItemForTranslation ItemName="PasswordsMustBeDiffered" ItemTranslation="As palavras-passe de utilizador e de proprietário não podem ser a mesma."/>
		<!--    PDF OPTIONS -->
		<ItemForTranslation ItemName="_Encryption" ItemTranslation="Segurança"/>
		<ItemForTranslation ItemName="Pdf_Encrypt_Dialog" ItemTranslation="Segurança"/>
		<!--*** String To Translate ***--><ItemForTranslation ItemName="_Save" ItemTranslation="Save"/>
		<ItemForTranslation ItemName="_PDFSavePageDlg" ItemTranslation="Guardar"/>
		<ItemForTranslation ItemName="_High" ItemTranslation="Alta"/>
		<ItemForTranslation ItemName="_Medium" ItemTranslation="Média"/>
		<ItemForTranslation ItemName="_Low" ItemTranslation="Baixa"/>
		<ItemForTranslation ItemName="The_Lowest" ItemTranslation="A mais baixa"/>
		<ItemForTranslation ItemName="_Custom" ItemTranslation="Personalizar"/>
		<ItemForTranslation ItemName="Ask_Fname" ItemTranslation="Pedir o nome do ficheiro de destino"/>
		<ItemForTranslation ItemName="Predefine_Fname" ItemTranslation="Utilizar o nome de ficheiro de destino predefinido"/>
		<ItemForTranslation ItemName="_Path" ItemTranslation="Pasta de destino:"/>
		<ItemForTranslation ItemName="_Browse" ItemTranslation="Explorar"/>
		<ItemForTranslation ItemName="File_Name" ItemTranslation="Nome do ficheiro:"/>
		<ItemForTranslation ItemName="_Macro" ItemTranslation="Alterar"/>
		<ItemForTranslation ItemName="_Example" ItemTranslation="Exemplo:"/>
		<ItemForTranslation ItemName="Append_Pages_to_Existing_File" ItemTranslation="Anexar páginas a ficheiro existente"/>
		<ItemForTranslation ItemName="Document_Name" ItemTranslation="Nome do documento original"/>
		<ItemForTranslation ItemName="_Date" ItemTranslation="Data actual"/>
		<ItemForTranslation ItemName="_Time" ItemTranslation="Hora actual"/>
		<ItemForTranslation ItemName="_Invalid_Target_Folder" ItemTranslation="Pasta de destino inválida"/>
		<ItemForTranslation ItemName="Source_Document_Name" ItemTranslation="Nome do documento original"/>
		<ItemForTranslation ItemName="Current_Date" ItemTranslation="Data actual"/>
		<ItemForTranslation ItemName="Current_Time" ItemTranslation="Hora actual"/>
		<ItemForTranslation ItemName="_PDFImagesDlg" ItemTranslation="Opções de imagem para o formato PDF"/>
		<ItemForTranslation ItemName="Use_original" ItemTranslation="Utilizar PPP original"/>
		<ItemForTranslation ItemName="_DPI" ItemTranslation="Utilizar PPP:"/>
		<ItemForTranslation ItemName="_Monochrome" ItemTranslation="Converter imagens a cores (maiores) em imagens monocromáticas (menores)"/>
		<ItemForTranslation ItemName="Use_Compression_Encode" ItemTranslation="Utilizar compressão:"/>
		<ItemForTranslation ItemName="_None" ItemTranslation="Nenhuma"/>
		<ItemForTranslation ItemName="_ASCIIHexEncode" ItemTranslation="Codificação ASCII Hex"/>
		<ItemForTranslation ItemName="_LZWEncode" ItemTranslation="Codificação LZW"/>
		<ItemForTranslation ItemName="_FlateEncode" ItemTranslation="Codificação Flate"/>
		<ItemForTranslation ItemName="_ASCII85Encode" ItemTranslation="Codificação ASCII 85"/>
		<ItemForTranslation ItemName="_RunLengthEncode" ItemTranslation="Codificação Run Length"/>
		<ItemForTranslation ItemName="_CCITTFaxEncode" ItemTranslation="Codificação CCITT Fax"/>
		<ItemForTranslation ItemName="_JBIG2Encode" ItemTranslation="Codificação JBIG2"/>
		<ItemForTranslation ItemName="_DCTEncode" ItemTranslation="Codificação DCT"/>
		<ItemForTranslation ItemName="_J2KEncode" ItemTranslation="Codificação J2K"/>
		<ItemForTranslation ItemName="_PDFFontsDlg" ItemTranslation="Opções de tipos de letra para o formato PDF"/>
		<ItemForTranslation ItemName="Font_Embedding" ItemTranslation="Utilizar incorporação de tipos de letra"/>
		<ItemForTranslation ItemName="_Never" ItemTranslation="Nunca incorporar tipos de letra"/>
		<ItemForTranslation ItemName="_SubSet" ItemTranslation="Guardar sub-conjunto de tipos de letra"/>
		<ItemForTranslation ItemName="_All" ItemTranslation="Todos"/>
		<ItemForTranslation ItemName="Never_Embed_Fonts" ItemTranslation="Nunca incorporar tipos de letra"/>
		<ItemForTranslation ItemName="_CMap" ItemTranslation="Mapa de caracteres"/>
		<ItemForTranslation ItemName="Compression_Select" ItemTranslation="Nível de detalhe:"/>
		<ItemForTranslation ItemName="Compression_Description" ItemTranslation="Descrição do nível de detalhe"/>
		<ItemForTranslation ItemName="_Fonts" ItemTranslation="Opções de tipo de letra"/>
		<ItemForTranslation ItemName="_Images" ItemTranslation="Opções de imagem"/>
		<ItemForTranslation ItemName="Descr_High" ItemTranslation="Conserva o modelo de cor e compressão (PPP) da imagem original."/>
		<ItemForTranslation ItemName="Descr_Medium" ItemTranslation="Modelo de cor original para as imagens. Diminuição dos PPP da imagem"/>
		<ItemForTranslation ItemName="Descr_Low" ItemTranslation="Utiliza um modelo de cor monocromático, mas conserva a compressão (PPP) da imagem original."/>
		<ItemForTranslation ItemName="Descr_TheLowest" ItemTranslation="Modelo de cor monocromático para as imagens. Diminuição dos PPP da imagem"/>
		<ItemForTranslation ItemName="Descr_Custom" ItemTranslation="Faça clique no botão em baixo para seleccionar as opções de imagem."/>
		<ItemForTranslation ItemName="_KeepOpen" ItemTranslation="Manter aberto"/>
		<ItemForTranslation ItemName="_Details" ItemTranslation="Manter aberto"/>
		<!--*** String To Translate ***--><ItemForTranslation ItemName="_PROMPT_FOR_PASSWORD" ItemTranslation="Prompt for password and security settings"/>
		<!--*** String To Translate ***--><ItemForTranslation ItemName="_OPEN_PDF_FILE" ItemTranslation="Open converted file"/>
		<!--*** String To Translate ***--><ItemForTranslation ItemName="PrintNotAvailable" ItemTranslation="This functionality is available only in professional version"/>
		<!--*** String To Translate ***--><ItemForTranslation ItemName="TrialNotFullConvertionDescription" ItemTranslation="Thank you for trying Solid Converter PDF. The trial version of this product only converts 10% of your document, with a 10 page maximum."/>
		<!--*** String To Translate ***--><ItemForTranslation ItemName="font_cannot_be_embedded" ItemTranslation="font cannot be embedded"/>
		<!--*** String To Translate ***--><ItemForTranslation ItemName="font_will_be_embedded" ItemTranslation="font will be embedded"/>
		<!--*** String To Translate ***--><ItemForTranslation ItemName="font_as_rasters" ItemTranslation="font cannot be created{n}All glyphs will be representd as rasters"/>
		<!--*** String To Translate ***--><ItemForTranslation ItemName="font_conversion_error" ItemTranslation="font cannot be created{n}Job is canceled"/>
		<!--*** String To Translate ***--><ItemForTranslation ItemName="Warn_and_continue" ItemTranslation="Warn and continue"/>
		<!--*** String To Translate ***--><ItemForTranslation ItemName="_Ignore" ItemTranslation="Ignore"/>
		<!--*** String To Translate ***--><ItemForTranslation ItemName="Cancel_job" ItemTranslation="Cancel job"/>
		<!--*** String To Translate ***--><ItemForTranslation ItemName="_Folder" ItemTranslation="Folder"/>
		<!--*** String To Translate ***--><ItemForTranslation ItemName="Font_Lists" ItemTranslation="Font Lists"/>
		<!--*** String To Translate ***--><ItemForTranslation ItemName="NoImagesToExtract" ItemTranslation="Image not found"/>
		<!--*** String To Translate ***--><ItemForTranslation ItemName="NoImagesToExtractDesc" ItemTranslation="File skipped: no image were found to extract"/>
		<!--*** String To Translate ***--><ItemForTranslation ItemName="_CREATE_SUCCESS" ItemTranslation="File conversion successful."/>
		<!--*** String To Translate ***--><ItemForTranslation ItemName="_Creating_PDF..." ItemTranslation="Creating PDF..."/>
		<!--*** String To Translate ***--><ItemForTranslation ItemName="AllowCopyingLong" ItemTranslation="Allow copying and extraction of contents"/>
		<!--*** String To Translate ***--><ItemForTranslation ItemName="Encryption_Level" ItemTranslation="Encryption Level"/>
		<!--*** String To Translate ***--><ItemForTranslation ItemName="User_Options" ItemTranslation="User Options"/>
		<!--*** String To Translate ***--><ItemForTranslation ItemName="Owner_Options" ItemTranslation="Owner Options"/>
		<ItemForTranslation ItemName="_PDFAdvancedPageDlg" ItemTranslation="Compressão"/>
		<!--*** String To Translate ***--><ItemForTranslation ItemName="_Recent_Folder" ItemTranslation="Recent Folder"/>
			<!--*** Replace Images Dialog Strings ***-->
        <!--*** String To Translate ***--><ItemForTranslation ItemName="CompleteReplaceFolder"		ItemTranslation="Completely replace folder content?"/>
	<!--*** String To Translate ***--><ItemForTranslation ItemName="UseAnotherFolder"		ItemTranslation="Create or select another folder?"/>
	<!--*** String To Translate ***--><ItemForTranslation ItemName="OverrideFolder" 		ItemTranslation="Override existing images with the same name and add new images to the folder?"/>
	<!--*** String To Translate ***--><ItemForTranslation ItemName="ReplaceImageOnExtraction"	ItemTranslation="The folder {1} already exists.{n}Do you want to: "/>

	<!--*** String To Translate ***--><ItemForTranslation ItemName="ConversionOptions"	ItemTranslation="Conversion Settings"/>

	<!--*** String To Translate ***--><ItemForTranslation ItemName="_Form_Name" 				ItemTranslation="Form Name"/>
	<!--*** String To Translate ***--><ItemForTranslation ItemName="_Width_x_Height" 			ItemTranslation="Width x Height"/>
	<!--*** String To Translate ***--><ItemForTranslation ItemName="_Units" 					ItemTranslation="Units"/>
		<!--*** String To Translate ***--><ItemForTranslation ItemName="_mm" 						ItemTranslation="mm"/>
		<!--*** String To Translate ***--><ItemForTranslation ItemName="_Invalid_Form_name" 		ItemTranslation="Invalid Form name"/>
		<!--*** String To Translate ***--><ItemForTranslation ItemName="_Already_exists" 			ItemTranslation="The form already exists"/>
	<!--*** String To Translate ***--><ItemForTranslation ItemName="Automatic_Enc" 			ItemTranslation="Automatic"/>
	<!--*** String To Translate ***--><ItemForTranslation ItemName="CCITTFaxEncode_Group3"		ItemTranslation="CCITTFaxEncode, Group 3"/>
	<!--*** String To Translate ***--><ItemForTranslation ItemName="CCITTFaxEncode_Group4" 		ItemTranslation="CCITTFaxEncode, Group 4"/>

	<!--*** String To Translate ***--><ItemForTranslation ItemName="_Add"             ItemTranslation="Add"/>
	<!--*** String To Translate ***--><ItemForTranslation ItemName="_Edit"            ItemTranslation="Edit"/>
	<!--*** String To Translate ***--><ItemForTranslation ItemName="_Remove"          ItemTranslation="Remove"/>
	<!--*** String To Translate ***--><ItemForTranslation ItemName="Page_Orientation" ItemTranslation="Orientation:"/>
	<!--*** String To Translate ***--><ItemForTranslation ItemName="Custom_Forms"     ItemTranslation="Custom Forms"/>
	<!--*** String To Translate ***--><ItemForTranslation ItemName="_Portrait"        ItemTranslation="Portrait"/>
	<!--*** String To Translate ***--><ItemForTranslation ItemName="_Landscape"       ItemTranslation="Landscape"/>



	<!--*** String To Translate ***--><ItemForTranslation ItemName="sp__10x11" ItemTranslation="10x11"/>
	<!--*** String To Translate ***--><ItemForTranslation ItemName="sp__10x14" ItemTranslation="10x14"/>
	<!--*** String To Translate ***--><ItemForTranslation ItemName="sp__11 x 17" ItemTranslation="11 x 17"/>
	<!--*** String To Translate ***--><ItemForTranslation ItemName="sp__12x11" ItemTranslation="12x11"/>
	<!--*** String To Translate ***--><ItemForTranslation ItemName="sp__15x11" ItemTranslation="15x11"/>
	<!--*** String To Translate ***--><ItemForTranslation ItemName="sp__6 3/4 Envelope" ItemTranslation="6 3/4 Envelope"/>
	<!--*** String To Translate ***--><ItemForTranslation ItemName="sp__92 x 92" ItemTranslation="92 x 92"/>
	<!--*** String To Translate ***--><ItemForTranslation ItemName="sp__9x11" ItemTranslation="9x11"/>
	<!--*** String To Translate ***--><ItemForTranslation ItemName="sp__A0" ItemTranslation="A0"/>
	<!--*** String To Translate ***--><ItemForTranslation ItemName="sp__A1" ItemTranslation="A1"/>
	<!--*** String To Translate ***--><ItemForTranslation ItemName="sp__A2" ItemTranslation="A2"/>
	<!--*** String To Translate ***--><ItemForTranslation ItemName="sp__A3" ItemTranslation="A3"/>
	<!--*** String To Translate ***--><ItemForTranslation ItemName="sp__A3 Extra" ItemTranslation="A3 Extra"/>
	<!--*** String To Translate ***--><ItemForTranslation ItemName="sp__A3 Rotated" ItemTranslation="A3 Rotated"/>
	<!--*** String To Translate ***--><ItemForTranslation ItemName="sp__A4" ItemTranslation="A4"/>
	<!--*** String To Translate ***--><ItemForTranslation ItemName="sp__A4 Extra" ItemTranslation="A4 Extra"/>
	<!--*** String To Translate ***--><ItemForTranslation ItemName="sp__A4 Plus" ItemTranslation="A4 Plus"/>
	<!--*** String To Translate ***--><ItemForTranslation ItemName="sp__A4 Rotated" ItemTranslation="A4 Rotated"/>
	<!--*** String To Translate ***--><ItemForTranslation ItemName="sp__A5" ItemTranslation="A5"/>
	<!--*** String To Translate ***--><ItemForTranslation ItemName="sp__A5 Extra" ItemTranslation="A5 Extra"/>
	<!--*** String To Translate ***--><ItemForTranslation ItemName="sp__A5 Rotated" ItemTranslation="A5 Rotated"/>
	<!--*** String To Translate ***--><ItemForTranslation ItemName="sp__A6" ItemTranslation="A6"/>
	<!--*** String To Translate ***--><ItemForTranslation ItemName="sp__A6 Rotated" ItemTranslation="A6 Rotated"/>
	<!--*** String To Translate ***--><ItemForTranslation ItemName="sp__ANSI C" ItemTranslation="ANSI C"/>
	<!--*** String To Translate ***--><ItemForTranslation ItemName="sp__ANSI D" ItemTranslation="ANSI D"/>
	<!--*** String To Translate ***--><ItemForTranslation ItemName="sp__ANSI E" ItemTranslation="ANSI E"/>
	<!--*** String To Translate ***--><ItemForTranslation ItemName="sp__ANSI F" ItemTranslation="ANSI F"/>
	<!--*** String To Translate ***--><ItemForTranslation ItemName="sp__ARCH A" ItemTranslation="ARCH A"/>
	<!--*** String To Translate ***--><ItemForTranslation ItemName="sp__ARCH B" ItemTranslation="ARCH B"/>
	<!--*** String To Translate ***--><ItemForTranslation ItemName="sp__ARCH C" ItemTranslation="ARCH C"/>
	<!--*** String To Translate ***--><ItemForTranslation ItemName="sp__ARCH D" ItemTranslation="ARCH D"/>
	<!--*** String To Translate ***--><ItemForTranslation ItemName="sp__ARCH E" ItemTranslation="ARCH E"/>
	<!--*** String To Translate ***--><ItemForTranslation ItemName="sp__ARCH E1" ItemTranslation="ARCH E1"/>
	<!--*** String To Translate ***--><ItemForTranslation ItemName="sp__ARCH E2" ItemTranslation="ARCH E2"/>
	<!--*** String To Translate ***--><ItemForTranslation ItemName="sp__ARCH E3" ItemTranslation="ARCH E3"/>
	<!--*** String To Translate ***--><ItemForTranslation ItemName="sp__B4 (ISO)" ItemTranslation="B4 (ISO)"/>
	<!--*** String To Translate ***--><ItemForTranslation ItemName="sp__B4 (JIS)" ItemTranslation="B4 (JIS)"/>
	<!--*** String To Translate ***--><ItemForTranslation ItemName="sp__B4 (JIS) Rotated" ItemTranslation="B4 (JIS) Rotated"/>
	<!--*** String To Translate ***--><ItemForTranslation ItemName="sp__B5 (ISO) Extra" ItemTranslation="B5 (ISO) Extra"/>
	<!--*** String To Translate ***--><ItemForTranslation ItemName="sp__B5 (JIS)" ItemTranslation="B5 (JIS)"/>
	<!--*** String To Translate ***--><ItemForTranslation ItemName="sp__B5 (JIS) Rotated" ItemTranslation="B5 (JIS) Rotated"/>
	<!--*** String To Translate ***--><ItemForTranslation ItemName="sp__B6 (JIS)" ItemTranslation="B6 (JIS)"/>
	<!--*** String To Translate ***--><ItemForTranslation ItemName="sp__B6 (JIS) Rotated" ItemTranslation="B6 (JIS) Rotated"/>
	<!--*** String To Translate ***--><ItemForTranslation ItemName="sp__C5" ItemTranslation="C5"/>
	<!--*** String To Translate ***--><ItemForTranslation ItemName="sp__Double Japan Postcard Rotated" ItemTranslation="Double Japan Postcard Rotated"/>
	<!--*** String To Translate ***--><ItemForTranslation ItemName="sp__Envelope" ItemTranslation="Envelope"/>
	<!--*** String To Translate ***--><ItemForTranslation ItemName="sp__Envelope #10" ItemTranslation="Envelope #10"/>
	<!--*** String To Translate ***--><ItemForTranslation ItemName="sp__Envelope #11" ItemTranslation="Envelope #11"/>
	<!--*** String To Translate ***--><ItemForTranslation ItemName="sp__Envelope #12" ItemTranslation="Envelope #12"/>
	<!--*** String To Translate ***--><ItemForTranslation ItemName="sp__Envelope #14" ItemTranslation="Envelope #14"/>
	<!--*** String To Translate ***--><ItemForTranslation ItemName="sp__Envelope #9" ItemTranslation="Envelope #9"/>
	<!--*** String To Translate ***--><ItemForTranslation ItemName="sp__Envelope B5" ItemTranslation="Envelope B5"/>
	<!--*** String To Translate ***--><ItemForTranslation ItemName="sp__Envelope B6" ItemTranslation="Envelope B6"/>
	<!--*** String To Translate ***--><ItemForTranslation ItemName="sp__Envelope C3" ItemTranslation="Envelope C3"/>
	<!--*** String To Translate ***--><ItemForTranslation ItemName="sp__Envelope C4" ItemTranslation="Envelope C4"/>
	<!--*** String To Translate ***--><ItemForTranslation ItemName="sp__Envelope C5" ItemTranslation="Envelope C5"/>
	<!--*** String To Translate ***--><ItemForTranslation ItemName="sp__Envelope C6" ItemTranslation="Envelope C6"/>
	<!--*** String To Translate ***--><ItemForTranslation ItemName="sp__Envelope C65" ItemTranslation="Envelope C65"/>
	<!--*** String To Translate ***--><ItemForTranslation ItemName="sp__Envelope DL" ItemTranslation="Envelope DL"/>
	<!--*** String To Translate ***--><ItemForTranslation ItemName="sp__Envelope Invite" ItemTranslation="Envelope Invite"/>
	<!--*** String To Translate ***--><ItemForTranslation ItemName="sp__Envelope Monarch" ItemTranslation="Envelope Monarch"/>
	<!--*** String To Translate ***--><ItemForTranslation ItemName="sp__Executive" ItemTranslation="Executive"/>
	<!--*** String To Translate ***--><ItemForTranslation ItemName="sp__Folio" ItemTranslation="Folio"/>
	<!--*** String To Translate ***--><ItemForTranslation ItemName="sp__German Std Fanfold" ItemTranslation="German Std Fanfold"/>
	<!--*** String To Translate ***--><ItemForTranslation ItemName="sp__ISO A1 594 x 841 mm" ItemTranslation="ISO A1 594 x 841 mm"/>
	<!--*** String To Translate ***--><ItemForTranslation ItemName="sp__ISO B1" ItemTranslation="ISO B1"/>
	<!--*** String To Translate ***--><ItemForTranslation ItemName="sp__ISO B2" ItemTranslation="ISO B2"/>
	<!--*** String To Translate ***--><ItemForTranslation ItemName="sp__ISO B4" ItemTranslation="ISO B4"/>
	<!--*** String To Translate ***--><ItemForTranslation ItemName="sp__ISO B5" ItemTranslation="ISO B5"/>
	<!--*** String To Translate ***--><ItemForTranslation ItemName="sp__Japan Envelope Chou #3 Rotated" ItemTranslation="Japan Envelope Chou #3 Rotated"/>
	<!--*** String To Translate ***--><ItemForTranslation ItemName="sp__Japan Envelope Chou #4 Rotated" ItemTranslation="Japan Envelope Chou #4 Rotated"/>
	<!--*** String To Translate ***--><ItemForTranslation ItemName="sp__Japan Envelope Kaku #2 Rotated" ItemTranslation="Japan Envelope Kaku #2 Rotated"/>
	<!--*** String To Translate ***--><ItemForTranslation ItemName="sp__Japan Envelope Kaku #3 Rotated" ItemTranslation="Japan Envelope Kaku #3 Rotated"/>
	<!--*** String To Translate ***--><ItemForTranslation ItemName="sp__Japan Envelope You #4" ItemTranslation="Japan Envelope You #4"/>
	<!--*** String To Translate ***--><ItemForTranslation ItemName="sp__Japan Envelope You #4 Rotated" ItemTranslation="Japan Envelope You #4 Rotated"/>
	<!--*** String To Translate ***--><ItemForTranslation ItemName="sp__Japanese Double Postcard" ItemTranslation="Japanese Double Postcard"/>
	<!--*** String To Translate ***--><ItemForTranslation ItemName="sp__Japanese Envelope Chou #3" ItemTranslation="Japanese Envelope Chou #3"/>
	<!--*** String To Translate ***--><ItemForTranslation ItemName="sp__Japanese Envelope Chou #4" ItemTranslation="Japanese Envelope Chou #4"/>
	<!--*** String To Translate ***--><ItemForTranslation ItemName="sp__Japanese Envelope Kaku #2" ItemTranslation="Japanese Envelope Kaku #2"/>
	<!--*** String To Translate ***--><ItemForTranslation ItemName="sp__Japanese Envelope Kaku #3" ItemTranslation="Japanese Envelope Kaku #3"/>
	<!--*** String To Translate ***--><ItemForTranslation ItemName="sp__Japanese Postcard" ItemTranslation="Japanese Postcard"/>
	<!--*** String To Translate ***--><ItemForTranslation ItemName="sp__Japanese Postcard Rotated" ItemTranslation="Japanese Postcard Rotated"/>
	<!--*** String To Translate ***--><ItemForTranslation ItemName="sp__JIS B0" ItemTranslation="JIS B0"/>
	<!--*** String To Translate ***--><ItemForTranslation ItemName="sp__JIS B1" ItemTranslation="JIS B1"/>
	<!--*** String To Translate ***--><ItemForTranslation ItemName="sp__JIS B2" ItemTranslation="JIS B2"/>
	<!--*** String To Translate ***--><ItemForTranslation ItemName="sp__JIS B3" ItemTranslation="JIS B3"/>
	<!--*** String To Translate ***--><ItemForTranslation ItemName="sp__JIS B4" ItemTranslation="JIS B4"/>
	<!--*** String To Translate ***--><ItemForTranslation ItemName="sp__Ledger" ItemTranslation="Ledger"/>
	<!--*** String To Translate ***--><ItemForTranslation ItemName="sp__Legal" ItemTranslation="Legal"/>
	<!--*** String To Translate ***--><ItemForTranslation ItemName="sp__Legal Extra" ItemTranslation="Legal Extra"/>
	<!--*** String To Translate ***--><ItemForTranslation ItemName="sp__Letter" ItemTranslation="Letter"/>
	<!--*** String To Translate ***--><ItemForTranslation ItemName="sp__Letter Extra" ItemTranslation="Letter Extra"/>
	<!--*** String To Translate ***--><ItemForTranslation ItemName="sp__Letter Plus" ItemTranslation="Letter Plus"/>
	<!--*** String To Translate ***--><ItemForTranslation ItemName="sp__Letter Rotated" ItemTranslation="Letter Rotated"/>
	<!--*** String To Translate ***--><ItemForTranslation ItemName="sp__Oversize A0" ItemTranslation="Oversize A0"/>
	<!--*** String To Translate ***--><ItemForTranslation ItemName="sp__Oversize A1" ItemTranslation="Oversize A1"/>
	<!--*** String To Translate ***--><ItemForTranslation ItemName="sp__Oversize A2" ItemTranslation="Oversize A2"/>
	<!--*** String To Translate ***--><ItemForTranslation ItemName="sp__PRC 16K" ItemTranslation="PRC 16K"/>
	<!--*** String To Translate ***--><ItemForTranslation ItemName="sp__PRC 16K Rotated" ItemTranslation="PRC 16K Rotated"/>
	<!--*** String To Translate ***--><ItemForTranslation ItemName="sp__PRC 32K" ItemTranslation="PRC 32K"/>
	<!--*** String To Translate ***--><ItemForTranslation ItemName="sp__PRC 32K Rotated" ItemTranslation="PRC 32K Rotated"/>
	<!--*** String To Translate ***--><ItemForTranslation ItemName="sp__PRC 32K(Big)" ItemTranslation="PRC 32K(Big)"/>
	<!--*** String To Translate ***--><ItemForTranslation ItemName="sp__PRC 32K(Big) Rotated" ItemTranslation="PRC 32K(Big) Rotated"/>
	<!--*** String To Translate ***--><ItemForTranslation ItemName="sp__PRC Envelope #1" ItemTranslation="PRC Envelope #1"/>
	<!--*** String To Translate ***--><ItemForTranslation ItemName="sp__PRC Envelope #1 Rotated" ItemTranslation="PRC Envelope #1 Rotated"/>
	<!--*** String To Translate ***--><ItemForTranslation ItemName="sp__PRC Envelope #10 Rotated" ItemTranslation="PRC Envelope #10 Rotated"/>
	<!--*** String To Translate ***--><ItemForTranslation ItemName="sp__PRC Envelope #2" ItemTranslation="PRC Envelope #2"/>
	<!--*** String To Translate ***--><ItemForTranslation ItemName="sp__PRC Envelope #2 Rotated" ItemTranslation="PRC Envelope #2 Rotated"/>
	<!--*** String To Translate ***--><ItemForTranslation ItemName="sp__PRC Envelope #3" ItemTranslation="PRC Envelope #3"/>
	<!--*** String To Translate ***--><ItemForTranslation ItemName="sp__PRC Envelope #4" ItemTranslation="PRC Envelope #4"/>
	<!--*** String To Translate ***--><ItemForTranslation ItemName="sp__PRC Envelope #4 Rotated" ItemTranslation="PRC Envelope #4 Rotated"/>
	<!--*** String To Translate ***--><ItemForTranslation ItemName="sp__PRC Envelope #5 Rotated" ItemTranslation="PRC Envelope #5 Rotated"/>
	<!--*** String To Translate ***--><ItemForTranslation ItemName="sp__PRC Envelope #6" ItemTranslation="PRC Envelope #6"/>
	<!--*** String To Translate ***--><ItemForTranslation ItemName="sp__PRC Envelope #6 Rotated" ItemTranslation="PRC Envelope #6 Rotated"/>
	<!--*** String To Translate ***--><ItemForTranslation ItemName="sp__PRC Envelope #7" ItemTranslation="PRC Envelope #7"/>
	<!--*** String To Translate ***--><ItemForTranslation ItemName="sp__PRC Envelope #7 Rotated" ItemTranslation="PRC Envelope #7 Rotated"/>
	<!--*** String To Translate ***--><ItemForTranslation ItemName="sp__PRC Envelope #8" ItemTranslation="PRC Envelope #8"/>
	<!--*** String To Translate ***--><ItemForTranslation ItemName="sp__PRC Envelope #8 Rotated" ItemTranslation="PRC Envelope #8 Rotated"/>
	<!--*** String To Translate ***--><ItemForTranslation ItemName="sp__PRC Envelope #9 Rotated" ItemTranslation="PRC Envelope #9 Rotated"/>
	<!--*** String To Translate ***--><ItemForTranslation ItemName="sp__Quarto" ItemTranslation="Quarto"/>
	<!--*** String To Translate ***--><ItemForTranslation ItemName="sp__Screen" ItemTranslation="Screen"/>
	<!--*** String To Translate ***--><ItemForTranslation ItemName="sp__Statement" ItemTranslation="Statement"/>
	<!--*** String To Translate ***--><ItemForTranslation ItemName="sp__Super A" ItemTranslation="Super A"/>
	<!--*** String To Translate ***--><ItemForTranslation ItemName="sp__Super B" ItemTranslation="Super B"/>
	<!--*** String To Translate ***--><ItemForTranslation ItemName="sp__US Std Fanfold" ItemTranslation="US Std Fanfold"/>
</LanguageOptions>
</Root>
