<?xml version="1.0" encoding="utf-8"?>
<Root>
	<!--
    <LanguageOptions xmlns="x-schema:LanguageSchema.xml" Name="English">
-->
	<LanguageOptions Name="English">
		<!-- Text for Main(File Open)  dialog -->
		<ItemForTranslation ItemName="DoNoRecoverColumns" ItemTranslation="No recuperar columnas"/>
		<!-- Button tooltips for main toolbar: {1} is replaced by the current hotkey for each -->
		<ItemForTranslation ItemName="ToolTips1010" ItemTranslation="Opciones"/>
		<ItemForTranslation ItemName="ToolTips1011" ItemTranslation="Ayuda"/>
		<ItemForTranslation ItemName="ToolTips1012" ItemTranslation="Convertir"/>
		<ItemForTranslation ItemName="ToolTips1013" ItemTranslation="Salir"/>
		<ItemForTranslation ItemName="ToolTips1014" ItemTranslation="Crear archivo PDF"/><ItemForTranslation ItemName="ToolTips1500" ItemTranslation="Si se selecciona, el convertidor no intentará detectar las columnas. Útil para documentos artísticos o tablas."/>
		<ItemForTranslation ItemName="ToolTips1501" ItemTranslation="Si lo ha seleccionado el convertidor detectará y preservará las tablas que fueron reconocidas en los archivos PDF."/>
        <!--*** String To Translate ***--><ItemForTranslation ItemName="ToolTips1502"                             ItemTranslation="Table detection applies when page layout is recognized using flowing or continuous reconstruction mode."/>
		<ItemForTranslation ItemName="TBOptions" ItemTranslation="Opciones"/>
		<ItemForTranslation ItemName="TBHelp" ItemTranslation="Ayuda"/>
		<ItemForTranslation ItemName="TBConvert" ItemTranslation="Convertir"/>
		<ItemForTranslation ItemName="TBExit" ItemTranslation="Salir"/>
		<ItemForTranslation ItemName="TBSave" ItemTranslation="Crear"/><!-- Text for Options dialog -->
		<ItemForTranslation ItemName="$applicationname Options" ItemTranslation="Opciones de {applicationname}"/>
		<ItemForTranslation ItemName="ProgramOptions" ItemTranslation="Opciones del programa"/>
		<ItemForTranslation ItemName="LaunchViewer" ItemTranslation="Lanzar Microsoft Word"/><ItemForTranslation ItemName="ForSingleFile" ItemTranslation="Para un sólo archivo"/>
		<ItemForTranslation ItemName="ForMultipleFiles" ItemTranslation="Para múltiples archivos"/>
		<ItemForTranslation ItemName="TargetPath" ItemTranslation="Ruta de salida"/><ItemForTranslation ItemName="TargetFormat" ItemTranslation="Formato de salida"/>
		<ItemForTranslation ItemName="Language" ItemTranslation="Idioma de interfaz de usuario"/>
		<ItemForTranslation ItemName="CloseProgressDlg" ItemTranslation="Ventana de progreso abierta"/><ItemForTranslation ItemName="RestoreDefaults" ItemTranslation="Valores originales"/>
		<ItemForTranslation ItemName="PromptForPages" ItemTranslation="Preguntar rango de páginas"/><ItemForTranslation ItemName="CharSpacing" ItemTranslation="Mantener espaciado de caracteres"/>
		<ItemForTranslation ItemName="ShowWizard" ItemTranslation="Utilizar asistente"/>
!--*** String To Translate ***--><ItemForTranslation ItemName="DetectTables"              ItemTranslation="Detectar tablas"/>

		<ItemForTranslation ItemName="ExtractText" ItemTranslation=" Extraer texto"/>
		<ItemForTranslation ItemName="LineLength" ItemTranslation="Longitud de línea"/>
		<!-- <ItemForTranslation ItemName="Columns Recovery"         ItemTranslation="Columns Recovery"/> -->
		<ItemForTranslation ItemName="FilterOptions" ItemTranslation="Configuración de la conversión"/><!--
                    <ItemForTranslation ItemName="Image Anchoring"          ItemTranslation="Image Anchoring"/>
                    <ItemForTranslation ItemName="Automatic"                ItemTranslation="Automatic"/>
                    <ItemForTranslation ItemName="Paragraph"                ItemTranslation="Paragraph"/>
                    <ItemForTranslation ItemName="Page"                     ItemTranslation="Page"/>
                -->
		<!-- Errors -->
		<!-- Descriptions for Options dialog -->
		<ItemForTranslation ItemName="ProgramOptionsDescription" ItemTranslation="{applicationname} se puede configurar con estas opciones."/>
		<ItemForTranslation ItemName="LaunchViewerDescription" ItemTranslation="Una vez convertido, el archivo se abre en Microsoft Word."/><ItemForTranslation ItemName="CloseWindowDescription" ItemTranslation="Dejar siempre abierta la ventana de progreso. Si no selecciona esta opción, la ventana se cerrará una vez sea completada con éxito la conversión."/><ItemForTranslation ItemName="TargetPathDescription" ItemTranslation="Seleccionar el lugar en donde serán guardados los archivos convertidos."/><ItemForTranslation ItemName="DefaultFilterDescription" ItemTranslation="DOC admite tipos de letra incorporados. El formato RTF puede ser abierto por otros programas además de Microsoft Word. El TXT no admite ni formato ni imágenes."/><ItemForTranslation ItemName="LanguageDescription" ItemTranslation="Seleccionar el idioma deseado para {applicationname}."/><ItemForTranslation ItemName="ShowWizardDescription" ItemTranslation="Utilice esta opción si quiere ayuda del asistente a la hora de configurar los parámetros de conversión."/>
		<ItemForTranslation ItemName="FilterOptionsDescription" ItemTranslation="Configurar de forma selectiva las opciones específicas de {applicationname}."/><ItemForTranslation ItemName="PDFFilterDescription" ItemTranslation="Configurar de forma selectiva las opciones específicas de {applicationname}."/><ItemForTranslation ItemName="PDFFilterPromptForPagesDescription" ItemTranslation="Convertir todas las páginas o seleccionar el subconjunto de páginas del documento que desee convertir."/><ItemForTranslation ItemName="PDFFilterColumnsRecoveryDescription" ItemTranslation="Controlar cuántas columnas se gestionan. Las columnas pueden ser ignoradas, o detectadas y presentadas como columnas en el archivo RTF."/><ItemForTranslation ItemName="PDFFilterCharSpacingDescription" ItemTranslation="Mantener la anchura y espaciado de caracteres del archivo PDF. Los archivos PDF pueden contener anchura y espaciado individual para cada carácter."/><ItemForTranslation ItemName="PDFFilterImagesAnchoringDescription" ItemTranslation="Seleccionar Quitar imágenes para quitar imágenes específicas del documento. También puede seleccionar Anclaje Automático para convertir todas las imágenes a Anclaje alineado, Anclaje a párrafo, o Anclaje a página. "/>
		<ItemForTranslation ItemName="ExtractTextDescription" ItemTranslation="Configurar opciones de extracción de texto."/>
		<ItemForTranslation ItemName="LineLengthDescription" ItemTranslation="Escriba el máximo número de caracteres a mostrar en cada línea de su documento final."/>
		<!-- Text for Progress dialog -->
		<ItemForTranslation ItemName="FileName" ItemTranslation="Nombre de archivo"/>
		<ItemForTranslation ItemName="Source" ItemTranslation="Origen"/>
		<ItemForTranslation ItemName="Destination" ItemTranslation="Destino"/>
		<ItemForTranslation ItemName="Status" ItemTranslation="Estado"/>
		<ItemForTranslation ItemName="Description" ItemTranslation="Descripción"/>
		<ItemForTranslation ItemName="ButtonStateClose" ItemTranslation="Cerrar"/>
		<ItemForTranslation ItemName="StatusStringCompleted" ItemTranslation="Conversión de archivo finalizada."/>
		<ItemForTranslation ItemName="StatusStringCanceled" ItemTranslation="El usuario ha cancelado la conversión."/>
		<ItemForTranslation ItemName="StatusStringCompletedWithFault" ItemTranslation="Falló la conversión del archivo."/>
		<ItemForTranslation ItemName="Converting" ItemTranslation="Convirtiendo..."/>
		<ItemForTranslation ItemName="General" ItemTranslation="General"/>
		<ItemForTranslation ItemName="Details" ItemTranslation="Detalles"/>
		<ItemForTranslation ItemName="Conversion Progress" ItemTranslation="Progreso de la conversión"/>
		<!-- Error codes -->
		<ItemForTranslation ItemName="InternalError" ItemTranslation="Error interno."/>
		<ItemForTranslation ItemName="InternalErrorDesc" ItemTranslation="Error interno."/>
		<ItemForTranslation ItemName="Succeed" ItemTranslation="Completado."/>
		<ItemForTranslation ItemName="SucceedDesc" ItemTranslation="Completado."/>
		<ItemForTranslation ItemName="Canceled" ItemTranslation="Cancelado."/>
		<ItemForTranslation ItemName="CanceledDesc" ItemTranslation="Cancelado por el usuario."/>
		<ItemForTranslation ItemName="BadData" ItemTranslation="Datos incorrectos."/>
		<ItemForTranslation ItemName="BadDataDesc" ItemTranslation="Contenido del archivo no válido."/>
		<ItemForTranslation ItemName="IOError" ItemTranslation="Error de entrada."/><ItemForTranslation ItemName="IOErrorDesc" ItemTranslation="No se pudo abrir el archivo de origen."/>
		<ItemForTranslation ItemName="FileHasCopyPtotection" ItemTranslation="El archivo está protegido contra la copia."/>
		<ItemForTranslation ItemName="FileHasCopyPtotectionDesc" ItemTranslation="No se pudo convertir. El archivo está protegido contra copia."/>
		<ItemForTranslation ItemName="InvalidPagesRange" ItemTranslation="Rango de páginas inválido."/>
		<ItemForTranslation ItemName="InvalidPagesRangeDesc" ItemTranslation="El rango de páginas especificado queda fuera del documento."/>
		<ItemForTranslation ItemName="InvalidArgumentsDesc" ItemTranslation="Argumentos de entrada/salida inválidos."/>
		<ItemForTranslation ItemName="Internal program error" ItemTranslation="Error interno del programa"/>
		<!-- messages -->
		<ItemForTranslation ItemName="OverwriteOptions" ItemTranslation="¿Está seguro de que quiere sobreescribir todas las opciones con los valores predeterminados originalmente?"/>
		<ItemForTranslation ItemName="FileNotFound" ItemTranslation="{1} {n}Archivo no encontrado{n}Por favor, compruebe que ha escrito su nombre correctamente."/>
		<!--*** String To Translate ***--><ItemForTranslation ItemName="FileCantBeReplaced" ItemTranslation="{n}Output file cannot be overwritten.{n}The file is locked by an application (Open in Word?) or protected from deletion.{n}Please unlock the file or change the target file name."/>
		<ItemForTranslation ItemName="STR_END_IS_GREAT" ItemTranslation="El número de la primera página tiene que ser inferior o igual al de la última."/>
		<ItemForTranslation ItemName="STR_INVALID_NUM" ItemTranslation="La página tiene que ser un número y ser superior a cero."/>
		<!-- Stop Convert Dlg -->
		<ItemForTranslation ItemName="CancelConversionMessage" ItemTranslation="¿Quiere cancelar el proceso de conversión?"/>
		<!-- Progress bar -->
		<ItemForTranslation ItemName="ConversionLogMessage" ItemTranslation="Registro de conversión"/>
		<ItemForTranslation ItemName="StartingConversionMessage" ItemTranslation="------- Conversión iniciada: {1} -------"/>
		<ItemForTranslation ItemName="FileConversionMessage" ItemTranslation="Archivo en conversión:"/>
		<ItemForTranslation ItemName="ElapsedMessage" ItemTranslation="Conversión finalizada. Tiempo transcurrido: {1}"/>
		<ItemForTranslation ItemName="ReportMessage" ItemTranslation="{n}Se convirtió desde la página {1} hasta la {2}."/>
		<ItemForTranslation ItemName="ImageNotFound" ItemTranslation="En este documento no hay imágenes."/>
		<ItemForTranslation ItemName="FailedSaveImage" ItemTranslation="No se ha podido guardar la imagen en {1}"/>
		<!--*** String To Translate ***--><ItemForTranslation ItemName="ConversionFailedMessage" ItemTranslation="Conversion failed on page {1}."/>
		<ItemForTranslation ItemName="DaysFormat" ItemTranslation="{1} días"/>
		<ItemForTranslation ItemName="HoursFormat" ItemTranslation="{1} horas"/>
		<ItemForTranslation ItemName="DayFormat" ItemTranslation="{1} día"/>
		<ItemForTranslation ItemName="HourFormat" ItemTranslation="{1} hora"/>
		<ItemForTranslation ItemName="MinutesFormat" ItemTranslation="{1} min."/>
		<ItemForTranslation ItemName="MinuteFormat" ItemTranslation="{1} min."/>
		<ItemForTranslation ItemName="SecondsFormat" ItemTranslation="{1} seg."/>
		<ItemForTranslation ItemName="SecondFormat" ItemTranslation="{1} seg."/>
		<!-- RTF filter message -->
		<ItemForTranslation ItemName="OutputPathMessage" ItemTranslation="El resultado se guardó en: {1}"/>
		<ItemForTranslation ItemName="WritingFileMessage" ItemTranslation="Escribiendo archivo {1}..."/>
		<!-- PDF filter messsages -->
		<ItemForTranslation ItemName="PDFPreScanInfoText" ItemTranslation="Escaneando archivo {1}..."/>
		<ItemForTranslation ItemName="PDFLoadingInfoText" ItemTranslation="Cargando archivo {1}..."/>
		<ItemForTranslation ItemName="FractionalFontSize" ItemTranslation="la fuente contiene un tipo de letra de tamaño fraccionario.{n}El formato de destino sólo soporta tipos de letra con tamaño múltiplo de 0'5."/>
		<ItemForTranslation ItemName="FontHeadMessage" ItemTranslation="Aviso(s) del tipo de letra {1}:"/>
		<ItemForTranslation ItemName="FontSubstMessage" ItemTranslation="el nombre del tipo de letra fue sustituido por {1}."/><ItemForTranslation ItemName="FontEmbedMessage" ItemTranslation="incorporados datos con nombre del tipo de letra {1}."/>
		<ItemForTranslation ItemName="DifferentLookingWarning" ItemTranslation="El aspecto del resultado puede ser distinto del original debido a:"/>
		<ItemForTranslation ItemName="FontEmbedWarning" ItemTranslation="El documento incorpora datos sobre tipos de letra"/>
		<ItemForTranslation ItemName="FontNotBuiltInWarning" ItemTranslation="El documento no incluye tipos de letra"/>
		<ItemForTranslation ItemName="EvaluationInfoMessage" ItemTranslation="Copia de evaluación: uso restringido."/>
		<!--
                Text1 :
                    Thank you for trying SolidConverter PDF.
                    The trial version of this product only converts 10% of your document, with a 10 page maximum.
                    Please register SolidConverter PDF to remove this restriction.
                 -->
		<ItemForTranslation ItemName="EvaluationMessage1" ItemTranslation="Gracias por probar {applicationname}. {n}La versión de evaluación de este producto sólo convierte el 10% de su documento hasta un máximo de 10 páginas. {n}Le rogamos registre {link:applicationpurchaseurl}{applicationname}{/link} para cancelar esta restricción.{n}"/>
		<!--
                Text2 (contain some parts from Text1 ) :
                    Thank you for trying SolidConverter PDF.{n}
                    The trial version of this product only converts 10% of your document, with a 10 page maximum.{n}
                    For this conversion, SolidConverter PDF converted 1 of 1 pages.{n}
                    Please register SolidConverter PDF at http://www.solidpdf.com to remove this restriction.{n}
                 -->
		<ItemForTranslation ItemName="EvaluationMessage2" ItemTranslation="Gracias por probar {applicationname}. {n}La versión de evaluación de este producto sólo convierte el 10% de su documento hasta un máximo de 10 páginas. {n}Durante esta conversión, {applicationname} ha convertido {1} de {2} páginas. {n}{b}Le rogamos registre {color}{applicationname}{/color} en {applicationpurchaseurl} para cancelar esta restricción.{/b}{n}"/>
		<!-- Promt for password -->
		<ItemForTranslation ItemName="Enter password" ItemTranslation="Introduzca la contraseña"/>
		<ItemForTranslation ItemName="This file is protected." ItemTranslation="Este PDF incorpora medidas de seguridad que limitan el acceso. Introduzca la contraseña del documento PDF para continuar con la conversión."/><ItemForTranslation ItemName="Password:" ItemTranslation="Contraseña:"/>
		<ItemForTranslation ItemName="Invalid Password." ItemTranslation="Contraseña no válida."/>
		<ItemForTranslation ItemName="You don't have permissions for extract operation." ItemTranslation="No tiene permiso para la operación de extracción."/>
		<!-- Promt for pages -->
		<ItemForTranslation ItemName="Convert Pages" ItemTranslation="Convertir páginas"/>
		<ItemForTranslation ItemName="All %d pages" ItemTranslation="Todas las páginas ({1})"/>
		<ItemForTranslation ItemName="Pages From:" ItemTranslation="Páginas desde:"/>
		<ItemForTranslation ItemName="To:" ItemTranslation="hasta:"/>
		<ItemForTranslation ItemName="The starting page must be less than or the same as the ending page number." ItemTranslation="El número de la primera página tiene que ser inferior o igual al de la última."/>
		<ItemForTranslation ItemName="There is no page numbered '{1}' in this document." ItemTranslation="No existe la página número '{1}' en este documento."/>
		<!-- Wizard: Page Range -->
		<ItemForTranslation ItemName="PageRange" ItemTranslation="Rango de páginas"/><ItemForTranslation ItemName="AllPages" ItemTranslation="Todas"/><ItemForTranslation ItemName="Pages" ItemTranslation="Páginas"/><ItemForTranslation ItemName="From:" ItemTranslation="Desde:"/><ItemForTranslation ItemName="extractpagerange" ItemTranslation="¿De qué páginas del documento PDF desea extraer imágenes? Si desea recuperar todas las imágenes del PDF, seleccione 'Todas'.{n}{n}Si sólo desea extraer las imágenes de ciertas páginas, elija 'Páginas' e introduzca el rango de páginas en las casillas 'Desde' y 'Hasta'."/><ItemForTranslation ItemName="convertpagerange" ItemTranslation="¿Qué páginas del documento PDF desea recuperar? Si desea recuperar el archivo completo, elija 'Todas'.{n}{n}Si sólo desea recuperar algunas páginas específicas, seleccione 'Páginas' e introduzca el rango de páginas en las casillas 'Desde' y 'Hasta'."/><!-- V2.1 TEXT
                 ItemForTranslation     ItemName="SolidConverterPDFUsage" ItemTranslation="Usage: SolidConverterPDF.exe [/h] /i Input [/o Output] [/w argument] [/y | /n] [/c] [/s] [/a argument] [/f argument] [/p xxx[-yyy]] {n}{n}{t}/h  {t}Displays this help. {n}{n}{t}/i  {t}Specifies the file or files to be converted. {n}{n}{t}/o  {t}Specifies the file name or directory for the new file(s). {n}{n}{t}/w  {t}Silent mode (hide progress dialog is default). {n}{n}{t}{t}  argument:  + : Always show progress dialog (/w +). {n}{n}{t}{t}      {t}     x : Automatically close progress dialog if successful (/w x). {n}{n}{t}/y  {t}Force overwriting of existing files (prompt to overwrite is default). {n}{n}{t}/n  {t}Force converter to not overwrite exiting files (no conversion if output file exists). {n}{n}{t}/c  {t}Don't detect columns (detect columns is default). {n}{n}{t}/f  {t}Format options (the default is Flowing.){n}{t}{t}If this parameter exists, /c parameter is ignored. {n}{n}{t}{t}  argument:   tabl : Tables (/f tabl). {n}{n}{t}{t}      {t}     cont : Continuous (/f cont). {n}{n}{t}{t}      {t}      txt : Text (/f txt). {n}{n}{t}{t}      {t}      exact : Exact (/f exact). {n}{n}{t}                /s  {t}Ignore character spacing (keep character spacing is default). {n}{n}{t}                /a  {t}                Image anchoring (the default is automatic). {n}{n}{t}{t}                  argument:   g : page anchoring (/a g). {n}{n}{t}{t}      {t}      p : paragraph anchoring (/a p). {n}{n}{t}{t}      {t}      r : remove images (/a r). {n}{n}{t}{t}      {t}      x : extract images (/a x)                 {n}{n}{t}/p  {t}Page conversion (/p xxx-yyy): {n}{n}{t}{t}  xxx : is starting page number and must be greater than 0. {n}{n}{t}{t}  yyy : is ending page number and must be greater or equal to xxx. {n}"/
                -->
		<!-- V2.0 TEXT -->
		<ItemForTranslation ItemName="help_dlg_title" ItemTranslation="Ayuda de {applicationname}"/>
		<ItemForTranslation ItemName="SolidConverterPDFUsage" ItemTranslation="Utilización: SolidConverterPDF.exe [/h] /i Entrada [/o Salida] [/w argumento] [/y | /n] [/c] [/s] [/a argumento] [/f argumento] [/p xxx[-yyy]] {n}{n}{t}/h  {t}Muestra esta ayuda. {n}{n}{t}/i  {t}Especifica el archivo o archivos a convertir. {n}{n}{t}/o  {t}Especifica el nombre de archivo o de directorio para el nuevo archivo o archivos. {n}{n}{t}/w  {t}Modo silencioso (por defecto, la ventana de progreso está oculta). {n}{n}{t}{t}  argumento:  + : Mostrar siempre la ventana de progreso (/w +). {n}{n}{t}{t}      {t}     x : Cerrar automáticamente la ventana de progreso si la conversión tiene éxito (/w x). {n}{n}{t}/y  {t}Obligar a sobreescribir archivos existentes (por defecto, se pregunta antes). {n}{n}{t}/n  {t}Obligar a no sobreescribir archivos existentes (si se detecta el archivo, no se efectúa la conversión). {n}{n}{t}/c  {t}No detectar columnas (por defecto, son detectadas). {n}{n}{t}/f  {t}Opciones de formato (por defecto, página fluida).{n}{t}{t}Si este parámetro existe, el parámetro /c es ignorado. {n}{n}{t}{t}  argumento:   tabl : Tablas (/f tabl). {n}{n}{t}{t}      {t}     cont : Continua (/f cont). {n}{n}{t}{t}      {t}      txt : Texto (/f txt). {n}{n}{t}{t}      {t}      true : Página real (/f true). {n}{n}{t}/s  {t}Ignorar espaciado de caracteres (por defecto, se respeta). {n}{n}{t}/a  {t}Proceso de imágenes (automático por defecto). {n}{n}{t}{t}  argumento:   g : anclaje en página (/a g). {n}{n}{t}{t}      {t}      p : anclaje en párrafo (/a p). {n}{n}{t}{t}      {t}      r : eliminar imágenes (/a r). {n}{n}{t}/p  {t}Conversión de páginas (/p xxx-yyy): {n}{n}{t}{t}  xxx : es el número de página inicial y ha de ser mayor que 0. {n}{n}{t}{t}  yyy : es el número de página final y ha de ser mayor o igual que xxx."/>
		<ItemForTranslation ItemName="SolidConverterPDFUsageHead" ItemTranslation="Utilización:"/>
		<!--*** String To Translate ***--><ItemForTranslation ItemName="SolidConverterPDFUsageCmdString" ItemTranslation="[/h] /i Input [/o Output] [/w argument] [/y | /n] [/c argument]{n} [/f argument] [/s] [/a argument] [/p xxx[-yyy]{n}[/pwd [&quot;password&quot;]]]"/>
		<!--*** String To Translate ***--><ItemForTranslation ItemName="SolidConverterPDFUsageCmdString_lite" ItemTranslation="[/h] /i Input [/o Output] [/w argument] [/y | /n] [/c argument]{n} [/f argument] [/s] [/p xxx[-yyy]]{n}[/pwd [&quot;password&quot;]] "/>
		<ItemForTranslation ItemName="ArgumentStr" ItemTranslation="Argumentos:"/>
		<ItemForTranslation ItemName="ParametersStr" ItemTranslation="Parámetros:"/>
		<ItemForTranslation ItemName="hDescription" ItemTranslation="Mostrar esta ayuda."/>
		<ItemForTranslation ItemName="iDescription" ItemTranslation="Especificar el archivo o archivos a convertir."/>
		<ItemForTranslation ItemName="oDescription" ItemTranslation="Especificar el nombre de archivo o de directorio para el nuevo archivo o archivos."/>
		<ItemForTranslation ItemName="wDescription" ItemTranslation="Modo silencioso (por defecto, la ventana de progreso está oculta)."/>
		<ItemForTranslation ItemName="wArguments" ItemTranslation="+ : Mostrar siempre la ventana de progreso (/w +).{n}x : Cerrar automáticamente la ventana de progreso al convertir con éxito (/w x)."/>
		<ItemForTranslation ItemName="yDescription" ItemTranslation="Obligar a sobreescribir archivos existentes (por defecto, se pregunta primero)."/>
		<ItemForTranslation ItemName="nDescription" ItemTranslation="Obligar a no sobreescribir archivos existentes (si el archivo existe, la conversión no se realiza)."/>
		<ItemForTranslation ItemName="cDescription" ItemTranslation="Opciones de formato (por defecto, página fluida)."/>
		<ItemForTranslation ItemName="cArguments" ItemTranslation="tabl  : Tablas (/c tabl).{n}cont : Continua (/c cont).{n}txt    : Texto (/c txt).{n}exact  : Página real (/c exact).{n}x       : Extraer sólo imágenes (/c x)"/><!--*** String To Translate ***--><ItemForTranslation ItemName="cArguments_lite" ItemTranslation="txt    : Text (/c txt)."/>
		<ItemForTranslation ItemName="sDescription" ItemTranslation="Ignorar espaciado de caracteres (por defecto, se respeta)."/>
		<ItemForTranslation ItemName="aDescription" ItemTranslation="Modo de posicionamiento de imágenes (automático por defecto)."/>
		<ItemForTranslation ItemName="aArguments" ItemTranslation="g : anclaje en página (/a g).{n}p : anclaje en párrafo (/a p).{n}r  : eliminar imágenes (/a r)."/>
		<ItemForTranslation ItemName="pDescription" ItemTranslation="Conversión de páginas (/p xxx-yyy)"/>
		<ItemForTranslation ItemName="pArguments" ItemTranslation="xxx : es el número de página inicial y ha de ser mayor que 0.{n}yyy : es el número de página final y ha de ser mayor o igual que xxx."/>
		<ItemForTranslation ItemName="dDescription" ItemTranslation="Procesar encabezamiento y pie de página (por defecto, detectarlos)."/>
		<ItemForTranslation ItemName="dArguments" ItemTranslation="r : detectar y eliminar (/d r){n}i : ignorar y procesar como parte del contenido textual (/d r)"/>
		<ItemForTranslation ItemName="tDescription" ItemTranslation="Formato de destino (por defecto está definido en las opciones del programa)"/>
		<!--*** String To Translate ***--><ItemForTranslation ItemName="tArguments" ItemTranslation="rtf    : Rich Text format (/f rtf){n}doc : Microsoft Word format (/f doc){n}wordml: Microsoft Word XML format"/>
		<ItemForTranslation ItemName="eDescription" ItemTranslation="Procesado de tipos de letra incorporados (por defecto, ignorar)."/>
		<ItemForTranslation ItemName="eArguments" ItemTranslation="s : instalar en el sistema (/e s){n}e : incorporar en documento de salida {n}    (sólo si se selecciona formato Microsoft Word (/e e)"/>
		<ItemForTranslation ItemName="pwdDescription" ItemTranslation="Opción para contraseña (por defecto se ignoran los archivos encriptados)"/>
		<ItemForTranslation ItemName="pwdArguments" ItemTranslation="argumento omitido: solicitar contraseña para cada archivo encriptado{n}&quot;contraseña&quot;          : cadena entre comillas. Utilizar esta contraseña si el archivo está encriptado. {n}Un archivo puede estar encriptado con una contraseña vacía. En ese caso simplemente use comillas dos veces (&quot;&quot;)"/>
		<!-- -->
		<!-- V1.0 TEXT
                 ItemTranslation="Usage: SolidConverterPDF.exe [/h] /i Input [/o Output] [/w argument] [/y | /n] [/c] [/s] [/a argument]                         [/p xxx[-yyy]] {n}{n}{t}/h  {t}Displays this help. {n}{n}{t}/i  {t}Specifies the file or files to be converted. {n}{n}{t}/o  {t}Specifies the file name or directory for the new file(s). {n}{n}{t}/w  {t}Silent mode (hide progress dialog is default). {n}{n}{t}{t}  argument:  + : Always show progress dialog (/w +). {n}{n}{t}{t}      {t}     x : Automatically close progress dialog if successful (/w x). {n}{n}{t}/y  {t}Force overwriting of existing files (prompt to overwrite is default). {n}{n}{t}/n  {t}Force converter to not overwrite exiting files (no conversion if output file exists). {n}{n}{t}/c  {t}Don't detect columns (detect columns is default). {n}{n}{t}/s  {t}Ignore character spacing (keep character spacing is default). {n}{n}{t}/a  {t}Image anchoring (the default is automatic). {n}{n}{t}{t}  argument:   g : page anchoring (/a g). {n}{n}{t}{t}      {t}      p : paragraph anchoring (/a p). {n}{n}{t}/p  {t}Page conversion (/p xxx-yyy): {n}{n}{t}{t}  xxx : is starting page number and must be greater than 0. {n}{n}{t}{t}  yyy : is ending page number and must be greater or equal to xxx. {n}"/
                -->
		<ItemForTranslation ItemName="Source_File_Type_Filter" ItemTranslation="Archivos PDF (*.pdf)|*.pdf||"/>
		<ItemForTranslation ItemName="RTF_Files_Filter" ItemTranslation="Archivos RTF (*.rtf)"/>
		<ItemForTranslation ItemName="DOC_Files_Filter" ItemTranslation="Archivos DOC (*.doc)"/>
		<ItemForTranslation ItemName="TXT_Files_Filter" ItemTranslation="Archivos TXT (*.txt)"/>
		<!-- Warnings -->
		<ItemForTranslation ItemName="Warnings" ItemTranslation="Avisos"/>
		<ItemForTranslation ItemName="WarningsSetDescription" ItemTranslation="Elija los avisos que desee visualizar durante el proceso de conversión."/>
		<!-- Options panel. Left column  -->
		<ItemForTranslation ItemName="VectorGrfWarning" ItemTranslation="Gráficos vectoriales"/>
		<!-- Options panel. Description -->
		<ItemForTranslation ItemName="VectorGrfWarningDescription" ItemTranslation="Mostrar este aviso durante la conversión si el archivo contiene gráficos vectoriales que todavía no sean compatibles. Las entidades de gráficos vectoriales serán omitidas."/>
		<!-- Warning text -->
		<ItemForTranslation ItemName="VectorGrfWarningText" ItemTranslation="Este archivo PDF contiene gráficos vectoriales que todavía no son compatibles, por lo que no fueron convertidos."/>
		<!-- Options panel. Left column  -->
		<!--*** String To Translate ***--><ItemForTranslation ItemName="NoTextWarning" ItemTranslation="Documento escaneado"/>
		<!-- Options panel. Description -->
		<ItemForTranslation ItemName="NoTextWarningDescription" ItemTranslation="Mostrar este aviso si no hay texto en el archivo convertido. La razón más probable es que se trate de un documento escaneado compuesto en su totalidad por imágenes de mapa de bits."/>
		<!-- Warning text -->
		<ItemForTranslation ItemName="NoTextWarningText" ItemTranslation="Este archivo no contiene texto. La razón más probable es que se trate de un documento escaneado compuesto en su totalidad por imágenes de mapa de bits."/>
		<!-- Options panel. Left column  -->
		<ItemForTranslation ItemName="HiddenTextWarning" ItemTranslation="Texto oculto en archivo"/>
		<!-- Options panel. Description -->
		<ItemForTranslation ItemName="HiddenTextWarningDescription" ItemTranslation="Mostrar este aviso si hubiese una página con texto completamente oculto (cubierto con bitmaps) en el archivo convertido. La razón más probable es que se trate de un documento escaneado que consta en su totalidad de páginas imagen bitmap y texto reconocido en máquina cubierto con esta imagen (imagen buscable)."/>
		<!-- Warning text -->
		<ItemForTranslation ItemName="HiddenTextWarningText" ItemTranslation="Este documento consta de texto con imágenes bitmap que ha sido completamente cubierto por esas imágenes. El texto extraído aparecerá detrás de las imágenes de bitmap del texto original reconocido por la máquina."/>
		<!-- Options panel. Left column  -->
		<ItemForTranslation ItemName="SymbolicFontWarning" ItemTranslation="Fuentes símbolo"/>
		<!-- Options panel. Description -->
		<ItemForTranslation ItemName="SymbolicFontWarningDescription" ItemTranslation="Mostrar este error si el documento contiene codificaciones no estándar tales como fuentes símbolo."/>
		<!-- Warning text -->
		<ItemForTranslation ItemName="SymbolicFontWarningText" ItemTranslation="Este archivo contiene codificación no estándar y podría ser procesado incorrectamente."/>
		<!-- Options panel. Left column  -->
		<ItemForTranslation ItemName="InsufficientOfficeVersionWarning" ItemTranslation="Versión Microsoft Office"/>
		<!-- Options panel. Description -->
		<ItemForTranslation ItemName="InsufficientOfficeVersionWarningDescription" ItemTranslation="Mostar este aviso si la versión que tiene instalada de Microsoft Office es más antigua que la de Office XP."/>
		<!-- Warning text -->
		<ItemForTranslation ItemName="InsufficientOfficeVersionWarningText" ItemTranslation="Su version de Microsoft Office es más antigua que la de  Office XP. Puede convertir el archivo, pero no va a poder abrirlo en este ordenador."/>
		<ItemForTranslation ItemName="{applicationname} Wizard ({1})" ItemTranslation="Asistente de {applicationname} ({1})"/>
		<ItemForTranslation ItemName="{applicationname} Settings ({1})" ItemTranslation="Configuración de {applicationname} ({1})"/>
		<!-- v2.0 -->
		<ItemForTranslation ItemName="FormatingMode" ItemTranslation="Modo de reconstrucción"/>
		<ItemForTranslation ItemName="FormatingModeDescription" ItemTranslation="Dependiendo del tipo de documento y del propósito de la conversión, el modo de reconstrucción le proporciona gran flexibilidad para la recuperación de la disposición de los elementos, el formato y el flujo de texto."/>
		<ItemForTranslation ItemName="Do not recover columns" ItemTranslation="Tablas"/>
		<ItemForTranslation ItemName="Detect and preserve columns" ItemTranslation="Página fluida"/>
		<ItemForTranslation ItemName="Formatting_and_no_Layout" ItemTranslation="Continua"/>
		<ItemForTranslation ItemName="No_Formatting_or_Layout" ItemTranslation="Texto sin formato"/>
		<ItemForTranslation ItemName="True_Page" ItemTranslation="Página real"/>
		<ItemForTranslation ItemName="FM_FORMAT_LAYOUT_COLUMNS" ItemTranslation="Página fluida: recuperar disposición de elementos, columnas, formato y gráficos, y mantener flujo de texto"/>
		<ItemForTranslation ItemName="FM_FORMAT_LAYOUT" ItemTranslation="Tablas: recuperar disposición de elementos, formato y gráficos. Mantener flujo de texto pero ignorar columnas"/>
		<ItemForTranslation ItemName="FM_FORMAT" ItemTranslation="Continua: detectar disposición de elementos y columnas, pero recuperar sólo formato, gráficos y flujo de texto"/>
		<ItemForTranslation ItemName="FM_NONE" ItemTranslation="Texto sin formato: detectar disposición de elementos y columnas pero recuperar sólo flujo de texto sin formato"/>
		<ItemForTranslation ItemName="FM_TRUEPAGE" ItemTranslation="Página real: recuperar presentación exacta de página utilizando cajas de texto en Microsoft Word"/>
		<ItemForTranslation ItemName="WA_CONVERT_WORD" ItemTranslation="Convertir documento de PDF a Word"/>
		<ItemForTranslation ItemName="WA_EXTRACT_IMAGE" ItemTranslation="Extraer imágenes del archivo PDF"/>
		<!-- ExtractImage Message -->
		<ItemForTranslation ItemName="ExtractImageMessage" ItemTranslation="{1} imagen {2} extraída de la página {3}"/>
		<!--*** String To Translate ***--><ItemForTranslation ItemName="ImagesProcessing" ItemTranslation="Manejo de imagen "/>
		<!--*** String To Translate ***--><ItemForTranslation ItemName="ImagesProcessingDescription" ItemTranslation="Select Remove Images to remove specific images from the document. You can also select Automatic Anchoring to convert all images to inline anchoring, Anchor to Paragraph, or Anchor to Page."/>
		<ItemForTranslation ItemName="RemoveImage" ItemTranslation="Eliminar imágenes"/>
		<ItemForTranslation ItemName="RemoveImages" ItemTranslation="Eliminar imágenes en línea"/>
		<ItemForTranslation ItemName="Remove_Images" ItemTranslation="Eliminar imágenes"/>
		<ItemForTranslation ItemName="Remove_Inline_Images" ItemTranslation="Eliminar imágenes en línea"/>
		<ItemForTranslation ItemName="RemoveAllImages" ItemTranslation="Eliminar todas las imágenes"/>
		<ItemForTranslation ItemName="RemoveAllImagesExceptInline" ItemTranslation="Eliminar imágenes no en línea"/>
		<ItemForTranslation ItemName="AnchoringAutomatic" ItemTranslation="Anclaje automático"/>
		<ItemForTranslation ItemName="AnchoringParagraph" ItemTranslation="Anclaje a párrafo"/>
		<ItemForTranslation ItemName="AnchoringPage" ItemTranslation="Anclaje a página"/>
		<ItemForTranslation ItemName="RemoveImagePrompt1" ItemTranslation="Cuando no se conserva la disposición de los elementos, sólo es posible recuperar las imágenes en línea.{n}Esta opción le permite eliminarlas también."/>
		<ItemForTranslation ItemName="RemoveImagePrompt2" ItemTranslation="Cuando se conserva la disposición de los elementos, las imágenes en línea siempre se recuperan.{n}Esta opción le permite eliminar o anclar las imágenes que no estén en línea."/>
		<ItemForTranslation ItemName="SaveEmbededFont" ItemTranslation="Transferir tipos de letra incorporados"/>
		<ItemForTranslation ItemName="SaveEmbededFontDescription" ItemTranslation="Los tipos de letra incorporados pueden ser transferidos a los archivos .doc. Puede elegir entre transferir todos los tipos de letra TrueType, sólo los que tengan codificación no estándar o ninguno de ellos."/>
		<ItemForTranslation ItemName="EmbedNone-standardEncoding" ItemTranslation="Incorporar los tipos de letra TrueType con codificación no estándar"/>
		<ItemForTranslation ItemName="EmbedAllTrueType" ItemTranslation="Incorporar todos los tipos de letra TrueType"/>
		<ItemForTranslation ItemName="DoNotEmbed" ItemTranslation="No incorporar tipos de letra"/>
		<ItemForTranslation ItemName="InstallEmbededFont" ItemTranslation="Instalar los tipos de letra incorporados"/>
		<ItemForTranslation ItemName="InstallEmbededFontDescription" ItemTranslation="Los tipos de letra TrueType y Type 1 que estén incorporados en el archivo PDF pueden ser instalados en su equipo si así lo desea."/>
		<ItemForTranslation ItemName="HeadersAndFooters" ItemTranslation="Encabezamientos y pies de página"/>
		<ItemForTranslation ItemName="PDFFilterHeadersAndFootersDescription" ItemTranslation="{applicationname} puede recuperar o eliminar los encabezamientos y pies de página."/>
		<ItemForTranslation ItemName="Detect" ItemTranslation="Detectar y recuperar"/>
		<ItemForTranslation ItemName="DetectAndRemove" ItemTranslation="Detectar y eliminar"/>
		<ItemForTranslation ItemName="DoNotDetect" ItemTranslation="No detectar"/>
		<ItemForTranslation ItemName="ExtractImageFilter" ItemTranslation="Configuración de extracción de imágenes"/>
		<ItemForTranslation ItemName="ExtractImageFilterDescription" ItemTranslation="Además de convertir documentos, {applicationname} también le ofrece la posibilidad de extraer imágenes, pudiendo configurar diferentes opciones relativas a ello."/>
		<ItemForTranslation ItemName="ImageTargetType" ItemTranslation="Formato de imagen"/>
		<ItemForTranslation ItemName="ImageTargetTypeDescription" ItemTranslation="Al extraer imágenes de un documento PDF, puede elegir almacenarlas en un formato distinto al original."/>
		<ItemForTranslation ItemName="KeepSourceFormat" ItemTranslation="&lt;Mantener formato original&gt;"/>
		<ItemForTranslation ItemName="bmp" ItemTranslation="BMP"/>
		<ItemForTranslation ItemName="jpg" ItemTranslation="JPG"/>
		<ItemForTranslation ItemName="png" ItemTranslation="PNG"/>
		<ItemForTranslation ItemName="tif" ItemTranslation="TIF"/>
		<ItemForTranslation ItemName="ImageColorDepth" ItemTranslation="Profundidad de color de la imagen"/>
		<ItemForTranslation ItemName="ImageColorDepthDescription" ItemTranslation="Al extraer imágenes de un documento PDF, puede elegir almacenarlas con una profundidad de color diferente a la original."/>
		<ItemForTranslation ItemName="KeepSourceColorDepth" ItemTranslation="&lt;Mantener profundidad de color original&gt;"/>
		<ItemForTranslation ItemName="1_bit_per_pixel_Monochrome" ItemTranslation="1 bit por píxel, monocromo"/>
		<ItemForTranslation ItemName="8_bits_per_pixel_Grayscale" ItemTranslation="8 bits por píxel, escala de grises"/>
		<ItemForTranslation ItemName="8_bits_per_pixel_Color" ItemTranslation="8 bits por píxel, color"/>
		<ItemForTranslation ItemName="16_bits_per_pixel_Color" ItemTranslation="16 bits por píxel, color"/>
		<ItemForTranslation ItemName="24_bits_per_pixel_Color" ItemTranslation="24 bits por píxel, color"/>
		<ItemForTranslation ItemName="Convert_Through_Wizard" ItemTranslation="Convertir por medio de asistente..."/>
		<ItemForTranslation ItemName="Save_As_DOC" ItemTranslation="Guardar como DOC"/>
		<ItemForTranslation ItemName="Save_As_RTF" ItemTranslation="Guardar como RTF"/>
		<ItemForTranslation ItemName="Extract_Images" ItemTranslation="Extraer imágenes"/>
		<ItemForTranslation ItemName="Extract_Images_Through_Wizard" ItemTranslation="Extraer imágenes por medio de asistente..."/>
		<!-- Wizard: -->
		<ItemForTranslation ItemName="Browse" ItemTranslation="Examinar..."/>
		<ItemForTranslation ItemName="Next &gt;" ItemTranslation="Siguiente &gt;"/>
		<ItemForTranslation ItemName="Last &gt;&gt;" ItemTranslation="Último &gt;&gt;"/>
		<ItemForTranslation ItemName="&lt; Previous" ItemTranslation="&lt; Anterior"/>
		<!-- Wizard: Layout nd Formatting page-->
		<ItemForTranslation ItemName="Layout_and_Formatting" ItemTranslation="Disposición de los elementos y formato"/>
		<ItemForTranslation ItemName="Choose_Reconstruction_Mode" ItemTranslation="Seleccione el modo de reconstrucción más adecuado para este archivo PDF:"/>
		<!-- Wizard: Image Recovery page-->
		<ItemForTranslation ItemName="Image_Recovery" ItemTranslation="Manejo de imagen"/>
		<!-- Wizard: Char spacing page-->
		<ItemForTranslation ItemName="Custom_Character_Spacing" ItemTranslation="Espaciado individual de caracteres del PDF"/>
		<ItemForTranslation ItemName="Custom_Character_Spacing_Prompt" ItemTranslation="Cuando se conserva la disposición de los elementos en la página, tiene la posibilidad de mantener los espaciados y anchuras individuales de los caracteres exactamente tal y como figuran en el archivo PDF. Esta opción es ideal para conservar la disposición exacta de los elementos, pero no permite efectuar demasiadas modificaciones posteriores sobre el texto."/>
                <!-- Wizard: Detect Tables page-->
                <!--*** String To Translate ***--><ItemForTranslation ItemName="Custom_DetectTables_Spacing"                  ItemTranslation="Detección de tabla"/>
                <!--*** String To Translate ***--><ItemForTranslation ItemName="Custom_Detect_Tables_Prompt"	            ItemTranslation="La detección de tabla procede cuando el diseño de página es reconocido utilizando flujo de modo de reconstrucción continuo. Esta opción es ideal para documentos de texto pero no para folletos."/>
		<!-- Wizard: Document Format and Output Path page-->
		<ItemForTranslation ItemName="Document_Format" ItemTranslation="Formato del documento y ruta de salida"/>
		<ItemForTranslation ItemName="Document_Format_Prompt" ItemTranslation="Seleccione el formato del archivo de salida. Tenga en cuenta que el texto sin formato (.txt) no admite modalidades complejas de formato y disposición de elementos."/>
		<ItemForTranslation ItemName="DOC_Format_Choice" ItemTranslation="Formato binario .doc de Microsoft Word (permite tipos de letra incorporados)"/>
		<ItemForTranslation ItemName="RTF_Format_Choice" ItemTranslation="Formato Rich Text de Microsoft Word (.rtf)"/>
		<ItemForTranslation ItemName="TXT_Format_Choice" ItemTranslation="Texto UTF-8 sin formato (.txt)"/>
		<ItemForTranslation ItemName="WORDML_Format_Choice" ItemTranslation="Formato Microsoft Word XML (.xml)"/>
		<ItemForTranslation ItemName="DestinationPrompt" ItemTranslation="{n}Seleccione dónde desea guardar el archivo de destino y si quiere abrir el documento con Microsoft Word al concluir la conversión."/>
		<ItemForTranslation ItemName="Save_File_To" ItemTranslation="Guardar archivo en:"/>
		<ItemForTranslation ItemName="Open_For_Editing" ItemTranslation="Abrir documento para editarlo al concluir la conversión."/>
		<!-- Wizard: Font Embedding/installing page-->
		<ItemForTranslation ItemName="Embedding_Installing_Fonts" ItemTranslation="Incorporando e instalando tipos de letra"/>
		<ItemForTranslation ItemName="Embed_Font_Prompt" ItemTranslation="Los archivos PDF pueden incluir tipos de letra que no estén en su equipo. Puede incorporar dichos tipos de letra de forma selectiva en el documento convertido siempre y cuando haya seleccionado el formato binario .doc de Microsoft Word en la anterior pantalla del asistente.{n}{n}La incorporación de tipos de letra aumentará el tamaño del documento convertido."/>
		<ItemForTranslation ItemName="Install_Fonts_Prompt" ItemTranslation="{n}A menudo, los documentos PDF incorporan tipos de letra que no son estándar en Windows. Usted puede elegir instalarlos en su máquina local desde el archivo PDF en lugar de incorporarlos al documento convertido."/>
		<!-- Wizard: Headers & footers page-->
		<ItemForTranslation ItemName="HeadersAndFootersPrompt" ItemTranslation="{applicationname} puede recuperar o eliminar los encabezados y los pies de página. Para poder recuperarlos, la disposición de los elementos en la página ha de ser conservada."/>
		<!-- Wizard: Finish: Convert Document page-->
		<ItemForTranslation ItemName="FinishPage" ItemTranslation="Finalizar: convertir el documento"/>
		<ItemForTranslation ItemName="FinishPagePrompt" ItemTranslation="Abajo se muestran las opciones de conversión seleccionadas. Utilice el botón Anterior para efectuar cambios.{n}Pulse Finalizar para convertir."/>
		<!-- Duplicate -->
		<ItemForTranslation ItemName="FormatingMode:" ItemTranslation="Modo de reconstrucción:"/>
		<!-- Duplicate -->
		<ItemForTranslation ItemName="Image_Recovery:" ItemTranslation="Recuperación de imágenes:"/>
		<ItemForTranslation ItemName="Character_Spacing:" ItemTranslation="Espaciado de caracteres:"/>
<ItemForTranslation ItemName="Detect_Tables:"  ItemTranslation="Detectar tablas:"/>
		<ItemForTranslation ItemName="Embed_Fonts:" ItemTranslation="Incorporar tipos de letra:"/>
		<ItemForTranslation ItemName="Install_Fonts:" ItemTranslation="Instalar tipos de letra:"/>
		<ItemForTranslation ItemName="Page_Range" ItemTranslation="Rango de páginas a convertir:"/>
		<ItemForTranslation ItemName="OutputPath:" ItemTranslation="Ruta de salida:"/>
		<!-- Duplicate -->
		<!-- New strings -->
		<ItemForTranslation ItemName="Use_Short_Wizard" ItemTranslation="En el futuro, mostrar únicamente esta última pantalla. Puede volver a cambiar esta opción posteriormente."/>
		<ItemForTranslation ItemName="ShortWizard" ItemTranslation="Configuración de conversión"/>
		<ItemForTranslation ItemName="ShortWizardPrompt" ItemTranslation="Abajo se muestra la configuración de la conversión. Utilice el botón Activar Asistente si desea efectuar cambios. De lo contrario, pulse Convertir (&lt;enter&gt;) para continuar."/>
		<ItemForTranslation ItemName="Run_Wizard" ItemTranslation="Activar asistente"/>
		<ItemForTranslation ItemName="Convert" ItemTranslation="Convertir"/>
		<!-- Wizard: Finish -->
		<ItemForTranslation ItemName="PreserveExactSpacing" ItemTranslation="Mantener espaciado de caracteres exacto"/>
		<ItemForTranslation ItemName="RegularCharacterSpacing" ItemTranslation="Espaciado de caracteres regular"/>
		<ItemForTranslation ItemName="EmbedNonStandardTrueType" ItemTranslation="Incorporar en el .doc los tipos de letra TrueType no estándar del PDF"/>
		<ItemForTranslation ItemName="EmbedAllTrueTypeLong" ItemTranslation="Incorporar en el .doc todos los tipos de letra TrueType del PDF"/>
		<ItemForTranslation ItemName="HeadersAndFooters:" ItemTranslation="Encabezamientos y pies de página:"/>
		<ItemForTranslation ItemName="DetectAndPreserveHF" ItemTranslation="Detectar y mantener encabezamientos y pies de página"/>
		<ItemForTranslation ItemName="DetectAndRemoveHF" ItemTranslation="Detectar y eliminar encabezamientos y pies de página"/>
		<ItemForTranslation ItemName="InstallFontsTTandT1" ItemTranslation="Instalar todos los tipos de letra TrueType y Type 1 incorporados en el archivo PDF."/>
		<ItemForTranslation ItemName="Frompage{1}topage{2}" ItemTranslation="Desde la página {1} hasta la {2}"/>
		<!-- ui:dialogBox extractpath -->
		<ItemForTranslation ItemName="extractpath_Image_Format_Output_Path" ItemTranslation="Formato de imagen y ruta de salida"/>
		<ItemForTranslation ItemName="extractpath_choose_file_format" ItemTranslation="Elija el formato de archivo para las imágenes extraídas:"/>
		<ItemForTranslation ItemName="extractpath_same_as_source_images" ItemTranslation="Igual al de las imágenes originales"/>
		<ItemForTranslation ItemName="extractpath_choose_path" ItemTranslation="{n}Elija la ruta en donde desea guardar las imágenes:"/>
		<ItemForTranslation ItemName="extractpath_save_to" ItemTranslation="Guardar imágenes en:"/>
		<ItemForTranslation ItemName="extractpath_filepath" ItemTranslation="{n}{n}{n}{n}{n}filepath needs to be reasonably wide dummy string"/>
		<!-- ui:dialogBox finishextract -->
		<ItemForTranslation ItemName="finishextract_finish" ItemTranslation="Finalizar: extraer imágenes"/>
		<ItemForTranslation ItemName="finishextract_description" ItemTranslation="Abajo se muestran las opciones elegidas para la extracción de imágenes. Utilice el botón Anterior para efectuar cambios. Pulse Finalizar para extraerlas."/>
		<!-- Create Options -->
		<ItemForTranslation ItemName="CreatePdfTitle" ItemTranslation="Crear PDF"/>
		<ItemForTranslation ItemName="CreatePdfOptionsSection" ItemTranslation="Opciones para crear PDF"/>
		<ItemForTranslation ItemName="CreatePdfOptionsSectionDescription" ItemTranslation="Configurar de forma individual las diferentes opciones para la creación de un PDF."/>
		<ItemForTranslation ItemName="EmbedAllFont" ItemTranslation="Incorporar todos los tipos de letra"/>
		<ItemForTranslation ItemName="EmbedAllFontDescription" ItemTranslation="Incorporar todos los tipos de letra dentro del archivo PDF."/>
		<ItemForTranslation ItemName="PasswordProtection" ItemTranslation="Contraseñas y protección"/>
		<ItemForTranslation ItemName="PasswordProtectionDescription" ItemTranslation="Configurar las restricciones de seguridad del archivo PDF."/>
		<!-- Encryption level -->
		<ItemForTranslation ItemName="EncryptionLevel" ItemTranslation="Nivel de encriptado"/>
		<ItemForTranslation ItemName="EncryptionLevelDescription" ItemTranslation="Por defecto, se selecciona la opción más segura: RC4 a 128 bits"/>
		<ItemForTranslation ItemName="High (128-bit RC4)" ItemTranslation="Alto (RC4 a 128 bits)"/>
		<ItemForTranslation ItemName="Low (40-bit RC4)" ItemTranslation="Bajo (RC4 a 40 bits)"/>
		<ItemForTranslation ItemName="EncryptionNone" ItemTranslation="Ninguno"/>
		<ItemForTranslation ItemName="&lt;No password&gt;" ItemTranslation="&lt;Sin contraseña&gt;"/>
		<ItemForTranslation ItemName="&lt;PromptWhenSaving&gt;" ItemTranslation="&lt;Preguntar al guardar&gt;"/>
		<ItemForTranslation ItemName="&lt;SetPassword&gt;" ItemTranslation="&lt;Fijar contraseña&gt;"/>
		<!-- User password strings -->
		<ItemForTranslation ItemName="PasswodForOpen" ItemTranslation="Contraseña de usuario"/>
		<ItemForTranslation ItemName="PasswodForOpenDescription" ItemTranslation=" Estableciendo una contraseña de usuario (también conocida como 'contraseña de apertura') se evita que el usuario abra el archivo a no ser que indique la contraseña. Para restringir la impresión y edición, use una contraseña de propietario."/>
		<ItemForTranslation ItemName="Require_User_Password" ItemTranslation="Requerir contraseña de usuario para abrir el documento"/>
		<ItemForTranslation ItemName="User_Password:" ItemTranslation="Contraseña de usuario:"/>
		<ItemForTranslation ItemName="Repeat_User_Password:" ItemTranslation="Repita la contraseña de usuario:"/>
		<!-- Owner password strings -->
		<ItemForTranslation ItemName="Permissions" ItemTranslation="Restricciones de seguridad del PDF"/>
		<ItemForTranslation ItemName="PermissionsDescription" ItemTranslation="Estos permisos restringen las formas en que es posible utilizar el archivo PDF."/>
		<ItemForTranslation ItemName="PermissionsPassword" ItemTranslation="Contraseña de propietario"/>
		<ItemForTranslation ItemName="PermissionsPasswordDescription" ItemTranslation="Si establece algún tipo de restricciones de seguridad en su PDF, debería establecer además una contraseña de propietario (también conocida como 'contraseña de permisos'). Tanto la contraseña de usuario como la de propietario pueden usarse para abrir el archivo PDF."/>
		<!--*** String To Translate ***--><ItemForTranslation ItemName="Use_Owner_Password" ItemTranslation="Use owner password to restrict printing, editing and extraction"/>
		<ItemForTranslation ItemName="Owner_Password:" ItemTranslation="Contraseña de propietario:"/>
		<ItemForTranslation ItemName="Repeat_Owner_Password:" ItemTranslation="Repita la contraseña de propietario:"/>
		<!-- Permissions modes -->
		<ItemForTranslation ItemName="AllowPrinting" ItemTranslation="Permitir impresión"/>
		<ItemForTranslation ItemName="AllowPrintingDescription" ItemTranslation=" Seleccione Sí (y) para permitir que todos los usuarios puedan imprimir el PDF, o bien No (n) para autorizar la impresión únicamente a los que conozcan la contraseña de propietario."/>
		<ItemForTranslation ItemName="AllowChanging" ItemTranslation="Permitir cambios"/>
		<ItemForTranslation ItemName="AllowChangingLong" ItemTranslation="Permitir la edición del contenido"/>
		<ItemForTranslation ItemName="AllowChangingDescription" ItemTranslation=" Seleccione Sí (y) para permitir que todos los usuarios puedan cambiar contenidos del PDF, o bien No (n) para autorizar los cambios únicamente a los que conozcan la contraseña de propietario."/>
		<ItemForTranslation ItemName="AllowCopying" ItemTranslation="Permitir copia"/>
		<ItemForTranslation ItemName="AllowCopyingDescription" ItemTranslation=" Seleccione Sí (y) para permitir que todos los usuarios puedan copiar o extraer contenidos del PDF, o bien No (n) para autorizar la copia y extracción únicamente a los que conozcan la contraseña de propietario."/>
		<ItemForTranslation ItemName="AllowChangingComments" ItemTranslation="Permitir comentarios"/>
		<ItemForTranslation ItemName="AllowChangingCommentsLong" ItemTranslation="Permitir la adición o edición de comentarios"/>
		<ItemForTranslation ItemName="AllowChangingCommentsDescription" ItemTranslation=" Seleccione Sí (y) para permitir que todos los usuarios puedan editar o añadir comentarios y campos de formulario al PDF, o bien No (n) para autorizar su edición únicamente a los que conozcan la contraseña de propietario. "/>
		<!-- Acrobat plug-in messages (labels and menu items) -->
		<ItemForTranslation ItemName="SC_TOOLBAR_TITLE" ItemTranslation="{applicationname}"/>
		<ItemForTranslation ItemName="SC_BUTTON_LABEL" ItemTranslation="Abrir con Word"/>
		<ItemForTranslation ItemName="SC_BUTTON_TOOLTIP" ItemTranslation="Utilice {applicationname} para convertir este documento y abrirlo en Microsoft Word"/>
		<ItemForTranslation ItemName="SC_MENUITEM_RUN" ItemTranslation="Abrir con Microsoft Word"/>
		<ItemForTranslation ItemName="SC_MENUITEM_ABOUT" ItemTranslation="Acerca de {applicationname}..."/>
		<!-- SolidConverterPDF plug-in messages -->
		<ItemForTranslation ItemName="UnableAddToolbarToExcel" ItemTranslation="No se pueden añadir a Excel los controles Solid Converter."/>
		<ItemForTranslation ItemName="UnableAddToolbarToPowerPoint" ItemTranslation="No se pueden añadir a PowerPoint los controles Solid Converter."/>
		<ItemForTranslation ItemName="NoWorkbooksOpen" ItemTranslation="No hay libros de trabajo abiertos."/>
		<ItemForTranslation ItemName="NoPresentationsOpen" ItemTranslation="No hay presentaciones abiertas."/>
		<ItemForTranslation ItemName="NoDocumentsOpen" ItemTranslation="No hay documentos abiertos."/>
		<ItemForTranslation ItemName="EmptyWorksheet" ItemTranslation="{applicationname} no se puede encontrar nada para imprimir por lo que el proceso de creación de PDF no puede iniciarse."/>
		<ItemForTranslation ItemName="PrinterNotFound" ItemTranslation="No se encuentra instalado el controlador de impresora Solid Converter PDF. Para volver a instalarlo vaya a Servicios e Información de apoyo para Solid Converter PDF, seguidamente haga clic en Crear pestaña PDF."/>
		<!-- Explorer Extensions -->
		<ItemForTranslation ItemName="INFO_LOAD" ItemTranslation="{applicationname} convierte de PDF a Word. Para utilizarlo, cargue primero un archivo PDF."/>
		<ItemForTranslation ItemName="TITLE_PROGRESS" ItemTranslation="{applicationname}"/>
		<ItemForTranslation ItemName="WAIT_DOWNLOAD" ItemTranslation="Descargando archivo PDF..."/>
		<!-- SpreadsheetML export filter -->
		<ItemForTranslation ItemName="SpreadsheetML_Files_Filter" ItemTranslation="Archivos Microsoft Excel XML (*.xml)"/>
		<ItemForTranslation ItemName="Extract_Tables_To_Excel" ItemTranslation="Extraer tablas a Excel (Office XP o posterior)"/>
		<ItemForTranslation ItemName="TableNotFound" ItemTranslation="No se han encontrado tablas..."/>
		<ItemForTranslation ItemName="NoTablesToExtract" ItemTranslation="No hay tablas."/>
		<ItemForTranslation ItemName="NoTablesToExtractDesc" ItemTranslation="Archivo omitido: no se encontraron tablas que extraer. "/>
		<!-- WordML export filter -->
		<ItemForTranslation ItemName="WordML_Files_Filter" ItemTranslation="Archivos Microsoft Word XML (*.xml)"/>
		<ItemForTranslation ItemName="Save_As_WordML" ItemTranslation="Guardar como MS Word XML"/>
		<!-- Solid PDF Creator -->
		<ItemForTranslation ItemName="ToolTips801" ItemTranslation="Opciones"/>
		<ItemForTranslation ItemName="ToolTips802" ItemTranslation="Ayuda"/>
		<ItemForTranslation ItemName="ToolTips803" ItemTranslation="Salir"/>
		<ItemForTranslation ItemName="ToolTips800" ItemTranslation="Crear archivo PDF"/>
ItemName="_Splash_1"                                ItemTranslation="Compre su copia de {nombre de la aplicación} ahora y reciba..."/>
<ItemForTranslation ItemName="_Splash_2"                                ItemTranslation="- Soporte de primera clase para el cliente"/>
<ItemForTranslation ItemName="_Splash_3"                                ItemTranslation="- Novedades del servicio y actualizaciones"/>
<ItemForTranslation ItemName="_Splash_4"                                ItemTranslation="- Ofertas y descuentos especiales"/>
<ItemForTranslation ItemName="_Splash_5"                                ItemTranslation="Clic"/>
<ItemForTranslation ItemName="_Splash_6"                                ItemTranslation="Compra"/>
<ItemForTranslation ItemName="_Splash_7"                                ItemTranslation="para registrar {nombre de la aplicación} hoy!"/>

<ItemForTranslation ItemName="_PROMPT_INFO"                             ItemTranslation="Mostrar información del documento"/>
<ItemForTranslation ItemName="_ENTER_UNLOCK"                            ItemTranslation="Introducir código de desbloqueo"/>

<!--*** String To Translate ***--><ItemForTranslation ItemName="_Title" 				ItemTranslation="Título:"/>
<!--*** String To Translate ***--><ItemForTranslation ItemName="_Subject" 			ItemTranslation="Asunto:"/>
<!--*** String To Translate ***--><ItemForTranslation ItemName="_Author" 				ItemTranslation="Autor:"/>
<!--*** String To Translate ***--><ItemForTranslation ItemName="_Keywords" 			ItemTranslation="Palabras clave:"/>
<!--*** String To Translate ***--><ItemForTranslation ItemName="Default_Document_information"	ItemTranslation="Información del documento predeterminado"/>
<!--*** String To Translate ***--><ItemForTranslation ItemName="_Override" 			ItemTranslation="Anular"/>
<!--*** String To Translate ***--><ItemForTranslation ItemName="_Skip" 				ItemTranslation="Omitir"/>
<!--*** String To Translate ***--><ItemForTranslation ItemName="_Append" 				ItemTranslation="Agregar"/>
<!--*** String To Translate ***--><ItemForTranslation ItemName="AskIfExist" 			ItemTranslation="Si ya existe el archivo haga lo siguiente"/>
<!--*** String To Translate ***--><ItemForTranslation ItemName="Color_Images"			ItemTranslation="Imágenes en color"/>
<ItemForTranslation ItemName="Color_Images_to_Grayscale"	ItemTranslation="Convertir imágenes en color a escala de grises"/>
<!--*** String To Translate ***--><ItemForTranslation ItemName="CImages_Downsample" ItemTranslation="Cambiar DPI a:"/>
<!--*** String To Translate ***--><ItemForTranslation ItemName="GImages_Downsample" ItemTranslation="Cambiar DPI a:"/>
<!--*** String To Translate ***--><ItemForTranslation ItemName="MImages_Downsample" ItemTranslation="Cambiar DPI a:"/>
<!--*** String To Translate ***--><ItemForTranslation ItemName="Use_Original_DPI" ItemTranslation="Mantener DPI original"/>
<!--*** String To Translate ***--><ItemForTranslation ItemName="CImages_Compression" ItemTranslation=" Compresión:"/>
<!--*** String To Translate ***--><ItemForTranslation ItemName="GImages_Compression" ItemTranslation=" Compresión:"/>
<!--*** String To Translate ***--><ItemForTranslation ItemName="MImages_Compression" ItemTranslation=" Compresión:"/>
<!--*** String To Translate ***--><ItemForTranslation ItemName="CImages_Quality" 			ItemTranslation="Calidad de imagen:"/>
<!--*** String To Translate ***--><ItemForTranslation ItemName="GImages_Quality" 			ItemTranslation="Calidad de imagen:"/>
<!--*** String To Translate ***--><ItemForTranslation ItemName="Grayscale_Images"			ItemTranslation="Imágenes en escala de grises"/>
<ItemForTranslation ItemName="Grayscale_Images_to_Monochrome" ItemTranslation="Convertir imágenes en escala de grises a monocromo"/>
<ItemForTranslation ItemName="Monochrome_Images" ItemTranslation="Imágenes monocromo"/>
<ItemForTranslation ItemName="Descr_None" ItemTranslation="Compresión sin pérdidas, no es necesario cambio de imagen, todas las fuentes incrustadas."/>
<ItemForTranslation ItemName="Descr_Web" ItemTranslation=" Ideal para mostrar en pantalla. (Compresión disipativa, cambio de imagen a 150 dpi, fuentes agrupadas)"/>
<ItemForTranslation ItemName="Descr_Draftquality"		ItemTranslation="Ideal para borradores o trabajos de impression de baja resolución. (Compresión disipativa, cambio de imagen a 150 dpi, no hay fuentes incrustadas)"/>
<ItemForTranslation ItemName="Descr_Professional"		ItemTranslation="Ideal para trabajos de impresión de alta calidad. (Compresión sin pérdida, cambio de imagen a dispositivo de impresora dpi, fuentes agrupadas)"/>
<ItemForTranslation ItemName="Descr_Custom2" ItemTranslation="Seleccione su propia optimización de configuración."/>
<ItemForTranslation ItemName="_Web" ItemTranslation="Web"/>
<!--*** String To Translate ***--><ItemForTranslation ItemName="_Draftquality"			ItemTranslation="Calidad de borrador"/>
<!--*** String To Translate ***--><ItemForTranslation ItemName="_Professional"			ItemTranslation="Calidad profesional"/>
<!--*** String To Translate ***--><ItemForTranslation ItemName="_Settings"			ItemTranslation="Configuración"/>
<ItemForTranslation ItemName="Main_PDF_Advanced_Description"	ItemTranslation="Seleccione el método de optimización que mejor se adapte a sus necesidades."/>
<!--*** String To Translate ***--><ItemForTranslation ItemName="_Grayscale"			ItemTranslation="Escala de grises"/>
<!--*** String To Translate ***--><ItemForTranslation ItemName="Close_Progress"			ItemTranslation="Al terminar cierre la ventana de progreso"/>
<!--*** String To Translate ***--><ItemForTranslation ItemName="Font_List"			ItemTranslation="Lista de fuentes"/>
<!--*** String To Translate ***--><ItemForTranslation ItemName="_space"				ItemTranslation=" {n}"/>
<!--*** String To Translate ***--><ItemForTranslation ItemName="Never_Font"			ItemTranslation="No incrustar ninguno"/>
<!--*** String To Translate ***--><ItemForTranslation ItemName="Never_Font_List"			ItemTranslation="No incrustar nunca"/>
<!--*** String To Translate ***--><ItemForTranslation ItemName="Embed_Font"			ItemTranslation="Incrustar todos"/>
<!--*** String To Translate ***--><ItemForTranslation ItemName="Always_Font_List"			ItemTranslation="Incrustar siempre"/>
<!--*** String To Translate ***--><ItemForTranslation ItemName="Add_Font"				ItemTranslation="Añadir;"/>
<!--*** String To Translate ***--><ItemForTranslation ItemName="Remove_Font"			ItemTranslation="Quitar"/>
<!--*** String To Translate ***--><ItemForTranslation ItemName="_Subset"				ItemTranslation="Agrupar fuentes incrustadas cuando haya menos de"/>
<!--*** String To Translate ***--><ItemForTranslation ItemName="Characters_Persents"		ItemTranslation="% de caracteres utilizados"/>
<!--*** String To Translate ***--><ItemForTranslation ItemName="Embed_Fail"			ItemTranslation="Si falla el incrustado:"/>
<!--*** String To Translate ***--><ItemForTranslation ItemName="PDF_Setup"			ItemTranslation="Instalar PDF"/>
<!--*** String To Translate ***--><ItemForTranslation ItemName="_Advanced"			ItemTranslation="Optimización"/>
		<!-- ENCRYPTION PDF DIALOAG -->
		<ItemForTranslation ItemName="Encrypt_Level_Static" ItemTranslation="Nivel de cifrado:"/>
		<ItemForTranslation ItemName="128bit" ItemTranslation="Alto (128-bit RC4) - Acrobat 5.0 y posterior"/>
		<ItemForTranslation ItemName="40bit" ItemTranslation="Bajo (40-bit RC4) - Acrobat 3.0 y posterior"/>
		<ItemForTranslation ItemName="_Prompt" ItemTranslation="Indicar"/>
		<ItemForTranslation ItemName="OpenPasswordsMustMatch" ItemTranslation="Confirmación de la contraseña del usuario no válida."/>
		<ItemForTranslation ItemName="OpenPasswordMustBePresent" ItemTranslation="Está seleccionada la opción 'Pedir contraseña del usuario para abrir el documento', pero el campo 'Contraseña del Usuario' se encuentra vacío. Anule la selección de esta opción o introduzca una contraseña."/>
		<ItemForTranslation ItemName="PermissionPasswordsMustMatch" ItemTranslation="Confirmación de la contraseña del propietario no válida."/>
		<ItemForTranslation ItemName="PermissionPasswordMustBePresent" ItemTranslation="Está seleccionada la opción 'Utilizar contraseña del propietario para restringir la impression, edición y extracción', pero el campo 'Contraseña del Propietario' se encuentra vacío. Anule la selección de esta opción o introduzca una contraseña."/>
		<ItemForTranslation ItemName="PasswordMustBePresent" ItemTranslation="Para aplicar parámetros de seguridad, establezca bien Contraseña del Usuario o Contraseña del Propietario."/>
		<ItemForTranslation ItemName="PasswordsMustBeDiffered" ItemTranslation="Las contraseñas de Usuario y de Propietario no pueden ser las mismas."/>
		<!--    PDF OPTIONS -->
		<ItemForTranslation ItemName="_Encryption" ItemTranslation="Seguridad"/>
		<ItemForTranslation ItemName="Pdf_Encrypt_Dialog" ItemTranslation="Seguridad"/>
		<ItemForTranslation ItemName="_Save" ItemTranslation="Guardar"/>
		<ItemForTranslation ItemName="_PDFSavePageDlg" ItemTranslation="Guardar"/>
		<ItemForTranslation ItemName="_High" ItemTranslation="Alto"/>
		<ItemForTranslation ItemName="_Medium" ItemTranslation="Medio"/>
		<ItemForTranslation ItemName="_Low" ItemTranslation="Bajo"/>
		<ItemForTranslation ItemName="The_Lowest" ItemTranslation="El más bajo"/>
		<ItemForTranslation ItemName="_Custom" ItemTranslation="Personalizar"/>
		<ItemForTranslation ItemName="Ask_Fname" ItemTranslation="Pedir nombre de archivo de destino"/>
		<ItemForTranslation ItemName="Predefine_Fname" ItemTranslation="Utilizar nombre de archivo de destino predefinido"/>
		<ItemForTranslation ItemName="_Path" ItemTranslation="Carpeta de destino:"/>
		<ItemForTranslation ItemName="_Browse" ItemTranslation="Explorar"/>
		<ItemForTranslation ItemName="File_Name" ItemTranslation="Nombre de archivo:"/>
		<ItemForTranslation ItemName="_Macro" ItemTranslation="Cambiar"/>
		<ItemForTranslation ItemName="_Example" ItemTranslation="Ejemplo:"/>
		<ItemForTranslation ItemName="Append_Pages_to_Existing_File" ItemTranslation="Adjuntar páginas al archivo existente"/>
		<ItemForTranslation ItemName="Document_Name" ItemTranslation="Nombre de documento original"/>
		<ItemForTranslation ItemName="_Date" ItemTranslation="Fecha actual"/>
		<ItemForTranslation ItemName="_Time" ItemTranslation="Hora actual"/>
		<ItemForTranslation ItemName="_Invalid_Target_Folder" ItemTranslation="Carpeta de destino no válida"/>
		<ItemForTranslation ItemName="Source_Document_Name" ItemTranslation="Nombre del documento original"/>
		<ItemForTranslation ItemName="Current_Date" ItemTranslation="Fecha actual"/>
		<ItemForTranslation ItemName="Current_Time" ItemTranslation="Hora actual"/>
		<ItemForTranslation ItemName="_PDFImagesDlg" ItemTranslation="Opciones de imagen para el formato PDF"/>
		<ItemForTranslation ItemName="Use_original" ItemTranslation="Utilizar DPI original"/>
		<ItemForTranslation ItemName="_DPI" ItemTranslation="Utilizar DPI:"/>
		<ItemForTranslation ItemName="_Monochrome" ItemTranslation="Convertir imágenes en color (más grandes) en imágenes monocromáticas (más pequeñas)"/>
		<ItemForTranslation ItemName="Use_Compression_Encode" ItemTranslation="Utilizar compresión:"/>
		<ItemForTranslation ItemName="_None" ItemTranslation="Ninguno"/>
		<ItemForTranslation ItemName="_ASCIIHexEncode" ItemTranslation="Codificado hexadecimal ASCII"/>
		<ItemForTranslation ItemName="_LZWEncode" ItemTranslation="CodificadoLZW"/>
		<ItemForTranslation ItemName="_FlateEncode" ItemTranslation="CodificadoFlate"/>
		<ItemForTranslation ItemName="_ASCII85Encode" ItemTranslation="CodificadoASCII 85"/>
		<ItemForTranslation ItemName="_RunLengthEncode" ItemTranslation="Codificadoejecutar longitud"/>
		<ItemForTranslation ItemName="_CCITTFaxEncode" ItemTranslation="CodificadoFax CCITT"/>
		<ItemForTranslation ItemName="_JBIG2Encode" ItemTranslation="CodificadoJBIG2"/>
		<ItemForTranslation ItemName="_DCTEncode" ItemTranslation="CodificadoDCT"/>
		<ItemForTranslation ItemName="_J2KEncode" ItemTranslation="CodificadoJ2K"/>
		<ItemForTranslation ItemName="_PDFFontsDlg" ItemTranslation="Opciones de fuente para el formato PDF"/>
		<ItemForTranslation ItemName="Font_Embedding" ItemTranslation="Utilizar incrustación de fuente"/>
		<ItemForTranslation ItemName="_Never" ItemTranslation="Nunca incrustar fuentes"/>
		<ItemForTranslation ItemName="_SubSet" ItemTranslation="Guardar subconjunto de fuentes"/>
		<ItemForTranslation ItemName="_All" ItemTranslation="Todos"/>
		<ItemForTranslation ItemName="Never_Embed_Fonts" ItemTranslation="Nunca incrustar fuentes"/>
		<ItemForTranslation ItemName="_CMap" ItemTranslation="CMap"/>
		<ItemForTranslation ItemName="Compression_Select" ItemTranslation="Nivel de detalle:"/>
		<ItemForTranslation ItemName="Compression_Description" ItemTranslation="Descripción de nivel de detalle"/>
		<ItemForTranslation ItemName="_Fonts" ItemTranslation="Opciones de fuente"/>
		<ItemForTranslation ItemName="_Images" ItemTranslation="Opciones de imagen"/>
		<ItemForTranslation ItemName="Descr_High" ItemTranslation="Retiene el modelo de color y la compresión (DPI) de la imagen original."/>
		<ItemForTranslation ItemName="Descr_Medium" ItemTranslation="Modelo de color original para imágenes. Disminuye imagen DPI"/>
		<ItemForTranslation ItemName="Descr_Low" ItemTranslation="Utiliza un modelo de color monocromático, pero retiene la compresión (DPI) de la imagen original."/>
		<ItemForTranslation ItemName="Descr_TheLowest" ItemTranslation="Modelo de color monocromático para imágenes. Disminuye la imagen DPI"/>
		<ItemForTranslation ItemName="Descr_Custom" ItemTranslation="Haga clic en el botón de abajo para seleccionar las opciones de imagen."/>
		<ItemForTranslation ItemName="_KeepOpen" ItemTranslation="Mantener abierto"/>
		<ItemForTranslation ItemName="_Details" ItemTranslation="Mantener abierto"/>
		<!--*** String To Translate ***--><ItemForTranslation ItemName="_PROMPT_FOR_PASSWORD" ItemTranslation="Es necesaria contraseña y configuración de seguridad "/>
		<!--*** String To Translate ***--><ItemForTranslation ItemName="_OPEN_PDF_FILE" ItemTranslation="Abrir archivo convertido"/>
<!--*** String To Translate ***--><ItemForTranslation ItemName="PrintNotAvailable"         ItemTranslation="Esta función solamente se encuentra disponible en la versión profesional"/>
<!--*** String To Translate ***--><ItemForTranslation ItemName="TrialNotFullConvertionDescription"         ItemTranslation="Gracias por probar Solid Converter PDF. La versión de prueba de este producto solamente convierte el 10% de su documento, con un máximo de 10 páginas."/>


<!--*** String To Translate ***--><ItemForTranslation ItemName="font_cannot_be_embedded"	ItemTranslation="No pueden incrustarse las fuentes"/>
<!--*** String To Translate ***--><ItemForTranslation ItemName="font_will_be_embedded"	ItemTranslation="Se incrustarán las fuentes"/>
<!--*** String To Translate ***--><ItemForTranslation ItemName="font_as_rasters"		ItemTranslation="la fuente no puede incrustarse{n} No es posible encontrar sustitución de fuente{n} Se introducirán todos los caracteres como presentación de líneas"/>
<!--*** String To Translate ***--><ItemForTranslation ItemName="font_conversion_error"	ItemTranslation="no puede incrustarse la fuente{n} Trabajo cancelado"/>
<!--*** String To Translate ***--><ItemForTranslation ItemName="Warn_and_continue"	ItemTranslation="Advertir y continuar"/>
<!--*** String To Translate ***--><ItemForTranslation ItemName="_Ignore"		 	ItemTranslation="Ignorar"/>
<!--*** String To Translate ***--><ItemForTranslation ItemName="Cancel_job"		ItemTranslation="Cancelar trabajo"/>
<!--*** String To Translate ***--><ItemForTranslation ItemName="_Folder"			ItemTranslation="Carpeta"/>
<!--*** String To Translate ***--><ItemForTranslation ItemName="Font_Lists"		ItemTranslation="Lista de fuentes"/>
<!--*** String To Translate ***--><ItemForTranslation ItemName="NoImagesToExtract"        ItemTranslation="No pudo encontrarse la imagen"/>
<!--*** String To Translate ***--><ItemForTranslation ItemName="NoImagesToExtractDesc"    ItemTranslation="Archivo omitido: no pudo encontrarse imagen para extraer"/>

<!--*** String To Translate ***--><ItemForTranslation ItemName="_CREATE_SUCCESS"     	ItemTranslation="Conversión de archivo satisfactoria."/>
<!--*** String To Translate ***--><ItemForTranslation ItemName="_Creating_PDF..."     	ItemTranslation="Creando PDF..."/>


<!--*** String To Translate ***--><ItemForTranslation ItemName="AllowCopyingLong"         ItemTranslation="Permitir copia y extracción de contenidos"/>
<!--*** String To Translate ***--><ItemForTranslation ItemName="Encryption_Level"		ItemTranslation="Nivel de cifrado"/>
<!--*** String To Translate ***--><ItemForTranslation ItemName="User_Options"		ItemTranslation="Opciones de usuario"/>
<!--*** String To Translate ***--> <ItemForTranslation ItemName="Owner_Options"		ItemTranslation="Opciones de propietario"/>
<!--*** String To Translate ***--><ItemForTranslation ItemName="_PDFAdvancedPageDlg"	ItemTranslation="Compresión"/>
<!--*** String To Translate ***--><ItemForTranslation ItemName="_Recent_Folder" 		ItemTranslation="Carpeta reciente"/>
	
			<!--*** Replace Images Dialog Strings ***-->
<!--*** String To Translate ***--><ItemForTranslation ItemName="CompleteReplaceFolder"		ItemTranslation="¿Sustituir por completo el contenido de la carpeta?"/>
<!--*** String To Translate ***--><ItemForTranslation ItemName="UseAnotherFolder"		ItemTranslation="¿Crear o seleccionar otra carpeta?"/>
<!--*** String To Translate ***--><ItemForTranslation ItemName="OverrideFolder" 		ItemTranslation="¿Anular las imágenes existentes con el mismo nombre y añadir imágenes nuevas a la carpeta?"/>
<!--*** String To Translate ***--><ItemForTranslation ItemName="ReplaceImageOnExtraction"	ItemTranslation="La carpeta {1} ya existe.{n} Desea: "/>

<!--*** String To Translate ***--><ItemForTranslation ItemName="ConversionOptions"		ItemTranslation="Configuración de conversión"/>

<!--*** String To Translate ***--><ItemForTranslation ItemName="_Form_Name" 			ItemTranslation="Nombre de impreso"/>
<!--*** String To Translate ***--><ItemForTranslation ItemName="_Width_x_Height" 		ItemTranslation="Anchura y altura"/>
<!--*** String To Translate ***--><ItemForTranslation ItemName="_Units" 					ItemTranslation="Unidades"/>

<!--*** String To Translate ***--><ItemForTranslation ItemName="_mm" 				ItemTranslation="milímetros"/>
<!--*** String To Translate ***--><ItemForTranslation ItemName="_Invalid_Form_name" 		ItemTranslation="Nombre de impreso no válido"/>
<!--*** String To Translate ***--><ItemForTranslation ItemName="_Already_exists" 		ItemTranslation="El impreso ya existe"/>

<!--*** String To Translate ***--><ItemForTranslation ItemName="Automatic_Enc" 			ItemTranslation="Automático"/>
<!--*** String To Translate ***--><ItemForTranslation ItemName="CCITTFaxEncode_Group3"		ItemTranslation="Codificación de fax CCITT, Grupo 3"/>
<!--*** String To Translate ***--><ItemForTranslation ItemName="CCITTFaxEncode_Group4" 		ItemTranslation="Codificación de fax CCITT, Grupo 4"/>
<!--*** String To Translate ***--><ItemForTranslation ItemName="_Add"             ItemTranslation="Añadir"/>
	<!--*** String To Translate ***--><ItemForTranslation ItemName="_Edit"            ItemTranslation="Editar"/>
	<!--*** String To Translate ***--><ItemForTranslation ItemName="_Remove"          ItemTranslation="Quitar"/>
	<!--*** String To Translate ***--><ItemForTranslation ItemName="Page_Orientation" ItemTranslation="Orientación:"/>
	<!--*** String To Translate ***--><ItemForTranslation ItemName="Custom_Forms"     ItemTranslation="Personalizar impresos"/>
	<!--*** String To Translate ***--><ItemForTranslation ItemName="_Portrait"        ItemTranslation="Vertical"/>
	<!--*** String To Translate ***--><ItemForTranslation ItemName="_Landscape"       ItemTranslation="Horizontal"/>
	
	<!--*** String To Translate ***--><ItemForTranslation ItemName="sp__10x11" ItemTranslation="10x11"/>
	<!--*** String To Translate ***--><ItemForTranslation ItemName="sp__10x14" ItemTranslation="10x14"/>
	<!--*** String To Translate ***--><ItemForTranslation ItemName="sp__11 x 17" ItemTranslation="11 x 17"/>
	<!--*** String To Translate ***--><ItemForTranslation ItemName="sp__12x11" ItemTranslation="12x11"/>
	<!--*** String To Translate ***--><ItemForTranslation ItemName="sp__15x11" ItemTranslation="15x11"/>
	<!--*** String To Translate ***--><ItemForTranslation ItemName="sp__6 3/4 Envelope" ItemTranslation="Sobre 6 3/4"/>
	<!--*** String To Translate ***--><ItemForTranslation ItemName="sp__92 x 92" ItemTranslation="92 x 92"/>
	<!--*** String To Translate ***--><ItemForTranslation ItemName="sp__9x11" ItemTranslation="9x11"/>
	<!--*** String To Translate ***--><ItemForTranslation ItemName="sp__A0" ItemTranslation="A0"/>
	<!--*** String To Translate ***--><ItemForTranslation ItemName="sp__A1" ItemTranslation="A1"/>
	<!--*** String To Translate ***--><ItemForTranslation ItemName="sp__A2" ItemTranslation="A2"/>
	<!--*** String To Translate ***--><ItemForTranslation ItemName="sp__A3" ItemTranslation="A3"/>
	<!--*** String To Translate ***--><ItemForTranslation ItemName="sp__A3 Extra" ItemTranslation="A3 Extra"/>
	<!--*** String To Translate ***--><ItemForTranslation ItemName="sp__A3 Rotated" ItemTranslation="A3 Girado"/>
	<!--*** String To Translate ***--><ItemForTranslation ItemName="sp__A4" ItemTranslation="A4"/>
	<!--*** String To Translate ***--><ItemForTranslation ItemName="sp__A4 Extra" ItemTranslation="A4 extra"/>
	<!--*** String To Translate ***--><ItemForTranslation ItemName="sp__A4 Plus" ItemTranslation="A4 Plus"/>
	<!--*** String To Translate ***--><ItemForTranslation ItemName="sp__A4 Rotated" ItemTranslation="A4 Girado"/>
	<!--*** String To Translate ***--><ItemForTranslation ItemName="sp__A5" ItemTranslation="A5"/>
	<!--*** String To Translate ***--><ItemForTranslation ItemName="sp__A5 Extra" ItemTranslation="A5 Extra"/>
	<!--*** String To Translate ***--><ItemForTranslation ItemName="sp__A5 Rotated" ItemTranslation="A5 Girado"/>
	<!--*** String To Translate ***--><ItemForTranslation ItemName="sp__A6" ItemTranslation="A6"/>
	<!--*** String To Translate ***--><ItemForTranslation ItemName="sp__A6 Rotated" ItemTranslation="A6 Girado"/>
	<!--*** String To Translate ***--><ItemForTranslation ItemName="sp__ANSI C" ItemTranslation="ANSI C"/>
	<!--*** String To Translate ***--><ItemForTranslation ItemName="sp__ANSI D" ItemTranslation="ANSI D"/>
	<!--*** String To Translate ***--><ItemForTranslation ItemName="sp__ANSI E" ItemTranslation="ANSI E"/>
	<!--*** String To Translate ***--><ItemForTranslation ItemName="sp__ANSI F" ItemTranslation="ANSI F"/>
	<!--*** String To Translate ***--><ItemForTranslation ItemName="sp__ARCH A" ItemTranslation="ARCH A"/>
	<!--*** String To Translate ***--><ItemForTranslation ItemName="sp__ARCH B" ItemTranslation="ARCH B"/>
	<!--*** String To Translate ***--><ItemForTranslation ItemName="sp__ARCH C" ItemTranslation="ARCH C"/>
	<!--*** String To Translate ***--><ItemForTranslation ItemName="sp__ARCH D" ItemTranslation="ARCH D"/>
	<!--*** String To Translate ***--><ItemForTranslation ItemName="sp__ARCH E" ItemTranslation="ARCH E"/>
	<!--*** String To Translate ***--><ItemForTranslation ItemName="sp__ARCH E1" ItemTranslation="ARCH E1"/>
	<!--*** String To Translate ***--><ItemForTranslation ItemName="sp__ARCH E2" ItemTranslation="ARCH E2"/>
	<!--*** String To Translate ***--><ItemForTranslation ItemName="sp__ARCH E3" ItemTranslation="ARCH E3"/>
	<!--*** String To Translate ***--><ItemForTranslation ItemName="sp__B4 (ISO)" ItemTranslation="B4 (ISO)"/>
	<!--*** String To Translate ***--><ItemForTranslation ItemName="sp__B4 (JIS)" ItemTranslation="B4 (JIS)"/>
	<!--*** String To Translate ***--><ItemForTranslation ItemName="sp__B4 (JIS) Rotated" ItemTranslation="B4 (JIS) Girado"/>
	<!--*** String To Translate ***--><ItemForTranslation ItemName="sp__B5 (ISO) Extra" ItemTranslation="B5 (ISO) Extra"/>
	<!--*** String To Translate ***--><ItemForTranslation ItemName="sp__B5 (JIS)" ItemTranslation="B5 (JIS)"/>
	<!--*** String To Translate ***--><ItemForTranslation ItemName="sp__B5 (JIS) Rotated" ItemTranslation="B5 (JIS) Girado"/>
	<!--*** String To Translate ***--><ItemForTranslation ItemName="sp__B6 (JIS)" ItemTranslation="B6 (JIS)"/>
	<!--*** String To Translate ***--><ItemForTranslation ItemName="sp__B6 (JIS) Rotated" ItemTranslation="B6 (JIS) Girado"/>
	<!--*** String To Translate ***--><ItemForTranslation ItemName="sp__C5" ItemTranslation="C5"/>
	<!--*** String To Translate ***--><ItemForTranslation ItemName="sp__Double Japan Postcard Rotated" ItemTranslation="Postal japonesa 148 mm x 200 mm girada"/>
	<!--*** String To Translate ***--><ItemForTranslation ItemName="sp__Envelope" ItemTranslation="Sobre"/>
	<!--*** String To Translate ***--><ItemForTranslation ItemName="sp__Envelope #10" ItemTranslation="Sobre Nº10"/>
	<!--*** String To Translate ***--><ItemForTranslation ItemName="sp__Envelope #11" ItemTranslation="Sobre Nº11"/>
	<!--*** String To Translate ***--><ItemForTranslation ItemName="sp__Envelope #12" ItemTranslation="Sobre Nº12"/>
	<!--*** String To Translate ***--><ItemForTranslation ItemName="sp__Envelope #14" ItemTranslation="Sobre Nº14"/>
	<!--*** String To Translate ***--><ItemForTranslation ItemName="sp__Envelope #9" ItemTranslation="Sobre Nº9"/>
	<!--*** String To Translate ***--><ItemForTranslation ItemName="sp__Envelope B5" ItemTranslation="Sobre B5"/>
	<!--*** String To Translate ***--><ItemForTranslation ItemName="sp__Envelope B6" ItemTranslation="Sobre B6"/>
	<!--*** String To Translate ***--><ItemForTranslation ItemName="sp__Envelope C3" ItemTranslation="Sobre C3"/>
	<!--*** String To Translate ***--><ItemForTranslation ItemName="sp__Envelope C4" ItemTranslation="Sobre C4"/>
	<!--*** String To Translate ***--><ItemForTranslation ItemName="sp__Envelope C5" ItemTranslation="Sobre C5"/>
	<!--*** String To Translate ***--><ItemForTranslation ItemName="sp__Envelope C6" ItemTranslation="Sobre C6"/>
	<!--*** String To Translate ***--><ItemForTranslation ItemName="sp__Envelope C65" ItemTranslation="Sobre C65"/>
	<!--*** String To Translate ***--><ItemForTranslation ItemName="sp__Envelope DL" ItemTranslation="Sobre DL"/>
	<!--*** String To Translate ***--><ItemForTranslation ItemName="sp__Envelope Invite" ItemTranslation="Sobre Invite"/>
	<!--*** String To Translate ***--><ItemForTranslation ItemName="sp__Envelope Monarch" ItemTranslation="Sobre Monarch"/>
	<!--*** String To Translate ***--><ItemForTranslation ItemName="sp__Executive" ItemTranslation="Ejecutivo"/>
	<!--*** String To Translate ***--><ItemForTranslation ItemName="sp__Folio" ItemTranslation="Folio"/>
	<!--*** String To Translate ***--><ItemForTranslation ItemName="sp__German Std Fanfold" ItemTranslation="En abanico estándar alemán"/>
	<!--*** String To Translate ***--><ItemForTranslation ItemName="sp__ISO A1 594 x 841 mm" ItemTranslation="ISO A1 594 x 841 mm"/>
	<!--*** String To Translate ***--><ItemForTranslation ItemName="sp__ISO B1" ItemTranslation="ISO B1"/>
	<!--*** String To Translate ***--><ItemForTranslation ItemName="sp__ISO B2" ItemTranslation="ISO B2"/>
	<!--*** String To Translate ***--><ItemForTranslation ItemName="sp__ISO B4" ItemTranslation="ISO B4"/>
	<!--*** String To Translate ***--><ItemForTranslation ItemName="sp__ISO B5" ItemTranslation="ISO B5"/>
	<!--*** String To Translate ***--><ItemForTranslation ItemName="sp__Japan Envelope Chou #3 Rotated" ItemTranslation="Sobre japonés Chou Nº3 girado"/>
	<!--*** String To Translate ***--><ItemForTranslation ItemName="sp__Japan Envelope Chou #4 Rotated" ItemTranslation="Sobre japonés Chou Nº4 girado  #4"/>
	<!--*** String To Translate ***--><ItemForTranslation ItemName="sp__Japan Envelope Kaku #2 Rotated" ItemTranslation="Sobre japonés Kaku Nº2 girado"/>
	<!--*** String To Translate ***--><ItemForTranslation ItemName="sp__Japan Envelope Kaku #3 Rotated" ItemTranslation="Sobre japonés Kaku Nº3 girado"/>
	<!--*** String To Translate ***--><ItemForTranslation ItemName="sp__Japan Envelope You #4" ItemTranslation="Sobre Japón You Nº4"/>
	<!--*** String To Translate ***--><ItemForTranslation ItemName="sp__Japan Envelope You #4 Rotated" ItemTranslation="Sobre japonés You Nº4 girado"/>
	<!--*** String To Translate ***--><ItemForTranslation ItemName="sp__Japanese Double Postcard" ItemTranslation="Postal japonesa doble"/>
	<!--*** String To Translate ***--><ItemForTranslation ItemName="sp__Japanese Envelope Chou #3" ItemTranslation="Sobre japonés Chou #3"/>
	<!--*** String To Translate ***--><ItemForTranslation ItemName="sp__Japanese Envelope Chou #4" ItemTranslation="Sobre japonés Chou Nº4"/>
	<!--*** String To Translate ***--><ItemForTranslation ItemName="sp__Japanese Envelope Kaku #2" ItemTranslation="Sobre japonés Kaku Nº2"/>
	<!--*** String To Translate ***--><ItemForTranslation ItemName="sp__Japanese Envelope Kaku #3" ItemTranslation="Sobre japonés Kaku Nº3"/>
	<!--*** String To Translate ***--><ItemForTranslation ItemName="sp__Japanese Postcard" ItemTranslation="Postal japonesa"/>
	<!--*** String To Translate ***--><ItemForTranslation ItemName="sp__Japanese Postcard Rotated" ItemTranslation="Postal japonesa girada"/>
	<!--*** String To Translate ***--><ItemForTranslation ItemName="sp__JIS B0" ItemTranslation="JIS B0"/>
	<!--*** String To Translate ***--><ItemForTranslation ItemName="sp__JIS B1" ItemTranslation="JIS B1"/>
	<!--*** String To Translate ***--><ItemForTranslation ItemName="sp__JIS B2" ItemTranslation="JIS B2"/>
	<!--*** String To Translate ***--><ItemForTranslation ItemName="sp__JIS B3" ItemTranslation="JIS B3"/>
	<!--*** String To Translate ***--><ItemForTranslation ItemName="sp__JIS B4" ItemTranslation="JIS B4"/>
	<!--*** String To Translate ***--><ItemForTranslation ItemName="sp__Ledger" ItemTranslation="Libro de contabilidad"/>
	<!--*** String To Translate ***--><ItemForTranslation ItemName="sp__Legal" ItemTranslation="Legal"/>
	<!--*** String To Translate ***--><ItemForTranslation ItemName="sp__Legal Extra" ItemTranslation="Legal Extra"/>
	<!--*** String To Translate ***--><ItemForTranslation ItemName="sp__Letter" ItemTranslation="Carta"/>
	<!--*** String To Translate ***--><ItemForTranslation ItemName="sp__Letter Extra" ItemTranslation="Carta Extra"/>
	<!--*** String To Translate ***--><ItemForTranslation ItemName="sp__Letter Plus" ItemTranslation="Carta Plus"/>
	<!--*** String To Translate ***--><ItemForTranslation ItemName="sp__Letter Rotated" ItemTranslation="Carta girada"/>
	<!--*** String To Translate ***--><ItemForTranslation ItemName="sp__Oversize A0" ItemTranslation="Extra grande A0"/>
	<!--*** String To Translate ***--><ItemForTranslation ItemName="sp__Oversize A1" ItemTranslation="Extra grande A1"/>
	<!--*** String To Translate ***--><ItemForTranslation ItemName="sp__Oversize A2" ItemTranslation="Extra grande A2"/>
	<!--*** String To Translate ***--><ItemForTranslation ItemName="sp__PRC 16K" ItemTranslation="PRC 16K"/>
	<!--*** String To Translate ***--><ItemForTranslation ItemName="sp__PRC 16K Rotated" ItemTranslation="PRC 16K girado"/>
	<!--*** String To Translate ***--><ItemForTranslation ItemName="sp__PRC 32K" ItemTranslation="PRC 32K"/>
	<!--*** String To Translate ***--><ItemForTranslation ItemName="sp__PRC 32K Rotated" ItemTranslation="PRC 32K girado"/>
	<!--*** String To Translate ***--><ItemForTranslation ItemName="sp__PRC 32K(Big)" ItemTranslation="PRC 32K(grande)"/>
	<!--*** String To Translate ***--><ItemForTranslation ItemName="sp__PRC 32K(Big) Rotated" ItemTranslation="PRC 32K(grande) girado"/>
	<!--*** String To Translate ***--><ItemForTranslation ItemName="sp__PRC Envelope #1" ItemTranslation="Sobre PRC Nº1"/>	<!--*** String To Translate ***--><ItemForTranslation ItemName="sp__PRC Envelope #1 Rotated" ItemTranslation="Sobre PRC Nº1 girado"/>
	<!--*** String To Translate ***--><ItemForTranslation ItemName="sp__PRC Envelope #10 Rotated" ItemTranslation="Sobre PRC Nº10 girado"/>
	<!--*** String To Translate ***--><ItemForTranslation ItemName="sp__PRC Envelope #2" ItemTranslation="Sobre PRC Nº2"/>
	<!--*** String To Translate ***--><ItemForTranslation ItemName="sp__PRC Envelope #2 Rotated" ItemTranslation="Sobre PRC Nº2 girado"/>
	<!--*** String To Translate ***--><ItemForTranslation ItemName="sp__PRC Envelope #3" ItemTranslation="Sobre PRC Nº3"/>
	<!--*** String To Translate ***--><ItemForTranslation ItemName="sp__PRC Envelope #4" ItemTranslation="Sobre PRC Nº4"/>
	<!--*** String To Translate ***--><ItemForTranslation ItemName="sp__PRC Envelope #4 Rotated" ItemTranslation="Sobre PRC Nº4 girado"/>
	<!--*** String To Translate ***--><ItemForTranslation ItemName="sp__PRC Envelope #5 Rotated" ItemTranslation="Sobre PRC Nº5 girado"/>
	<!--*** String To Translate ***--><ItemForTranslation ItemName="sp__PRC Envelope #6" ItemTranslation="Sobre PRC Nº6"/>
	<!--*** String To Translate ***--><ItemForTranslation ItemName="sp__PRC Envelope #6 Rotated" ItemTranslation="Sobre PRC Nº6 girado"/>
	<!--*** String To Translate ***--><ItemForTranslation ItemName="sp__PRC Envelope #7" ItemTranslation="Sobre PRC Nº7"/>
	<!--*** String To Translate ***--><ItemForTranslation ItemName="sp__PRC Envelope #7 Rotated" ItemTranslation="Sobre PRC Nº7 girado"/>
	<!--*** String To Translate ***--><ItemForTranslation ItemName="sp__PRC Envelope #8" ItemTranslation="Sobre PRC Nº8"/>
	<!--*** String To Translate ***--><ItemForTranslation ItemName="sp__PRC Envelope #8 Rotated" ItemTranslation="Sobre PRC Nº8 girado"/>
	<!--*** String To Translate ***--><ItemForTranslation ItemName="sp__PRC Envelope #9 Rotated" ItemTranslation="Sobre PRC Nº9 girado"/>
	<!--*** String To Translate ***--><ItemForTranslation ItemName="sp__Quarto" ItemTranslation="Libro en cuarto"/>
	<!--*** String To Translate ***--><ItemForTranslation ItemName="sp__Screen" ItemTranslation="Pantalla"/>
	<!--*** String To Translate ***--><ItemForTranslation ItemName="sp__Statement" ItemTranslation="Declaración"/>
	<!--*** String To Translate ***--><ItemForTranslation ItemName="sp__Super A" ItemTranslation="Super A"/>
	<!--*** String To Translate ***--><ItemForTranslation ItemName="sp__Super B" ItemTranslation="Super B"/>
	<!--*** String To Translate ***--><ItemForTranslation ItemName="sp__US Std Fanfold" ItemTranslation="En abanico estándar EE.UU."/>


</LanguageOptions>
</Root>
