<?xml version="1.0" encoding="utf-8"?>
<Root>
- <!--
    <LanguageOptions xmlns="x-schema:LanguageSchema.xml" Name="English">
  -->
- <LanguageOptions Name="English"><!-- Text for Main(File Open)  dialog -->
		<ItemForTranslation ItemName="DoNoRecoverColumns" ItemTranslation="Återskapa inte kolumner"/><!-- Button tooltips for main toolbar: {1} is replaced by the current hotkey for each -->
		<ItemForTranslation ItemName="ToolTips1010" ItemTranslation="Alternativ"/>
		<ItemForTranslation ItemName="ToolTips1011" ItemTranslation="Hjälp"/>
		<ItemForTranslation ItemName="ToolTips1012" ItemTranslation="Konvertera"/>
		<ItemForTranslation ItemName="ToolTips1013" ItemTranslation="Avsluta"/>
		<ItemForTranslation ItemName="ToolTips1014" ItemTranslation="Skapa PDF-fil"/>
		<ItemForTranslation ItemName="ToolTips1500" ItemTranslation="Om du väljer det här alternativet upptäcks inte kolumner under konverteringen. Användbart för konstnärliga dokument eller tabeller."/>
		<ItemForTranslation ItemName="ToolTips1501" ItemTranslation="Om du väljer det här alternativet upptäcks och bevaras kolumner så att textens logiska ordning i dokumentet bevaras."/>
        <!--*** String To Translate ***--><ItemForTranslation ItemName="ToolTips1502"                             ItemTranslation="Table detection applies when page layout is recognized using flowing or continuous reconstruction mode."/>
		<!--*** String To Translate ***--><ItemForTranslation ItemName="ToolTips1503" ItemTranslation="Select No to convert all pages or Yes to be prompted to convert a specific page range."/>
		<ItemForTranslation ItemName="TBOptions" ItemTranslation="Alternativ"/>
		<ItemForTranslation ItemName="TBHelp" ItemTranslation="Hjälp"/>
		<ItemForTranslation ItemName="TBConvert" ItemTranslation="Konvertera"/>
		<ItemForTranslation ItemName="TBExit" ItemTranslation="Avsluta"/>
		<ItemForTranslation ItemName="TBSave" ItemTranslation="Skapa"/><!-- Text for Options dialog -->
		<ItemForTranslation ItemName="$applicationname Options" ItemTranslation="Alternativ för {applicationname}"/>
		<ItemForTranslation ItemName="ProgramOptions" ItemTranslation="Programalternativ"/>
		<ItemForTranslation ItemName="LaunchViewer" ItemTranslation="Starta Microsoft Word"/>
		<ItemForTranslation ItemName="ForSingleFile" ItemTranslation="För en fil"/>
		<ItemForTranslation ItemName="ForMultipleFiles" ItemTranslation="För flera filer"/>
		<ItemForTranslation ItemName="TargetPath" ItemTranslation="Sökväg för utdata"/>
		<ItemForTranslation ItemName="TargetFormat" ItemTranslation="Filformat för utdata"/>
		<ItemForTranslation ItemName="Language" ItemTranslation="Språk för användargränssnitt"/>
		<ItemForTranslation ItemName="CloseProgressDlg" ItemTranslation="Håll förloppsfönstret öppet"/>
		<ItemForTranslation ItemName="RestoreDefaults" ItemTranslation="Återställ standardvärden"/>
		<ItemForTranslation ItemName="PromptForPages" ItemTranslation="Uppmana till sidurval"/>
		<ItemForTranslation ItemName="CharSpacing" ItemTranslation="Bevara teckenavstånd"/>
		<ItemForTranslation ItemName="ShowWizard" ItemTranslation="Använd guide"/>
		<ItemForTranslation ItemName="ExtractText" ItemTranslation="Extract text"/>
		<ItemForTranslation ItemName="LineLength" ItemTranslation="Line length"/><!-- <ItemForTranslation ItemName="Columns Recovery"         ItemTranslation="Columns Recovery"/> -->
		<ItemForTranslation ItemName="FilterOptions" ItemTranslation="Konfigurera konvertering"/><!--
                    <ItemForTranslation ItemName="Image Anchoring"          ItemTranslation="Image Anchoring"/>
                    <ItemForTranslation ItemName="Automatic"                ItemTranslation="Automatic"/>
                    <ItemForTranslation ItemName="Paragraph"                ItemTranslation="Paragraph"/>
                    <ItemForTranslation ItemName="Page"                     ItemTranslation="Page"/>
                -->
		<!-- Errors -->
		<!-- Descriptions for Options dialog -->
		<ItemForTranslation ItemName="ProgramOptionsDescription" ItemTranslation="{applicationname} kan konfigureras med de här alternativen."/>
		<ItemForTranslation ItemName="LaunchViewerDescription" ItemTranslation="Öppna filen i Microsoft Word när den har konverterats."/>
		<ItemForTranslation ItemName="CloseWindowDescription" ItemTranslation="Håll alltid konverteringsfönstret öppet. Annars stängs fönstret automatiskt när filen har konverterats."/>
		<ItemForTranslation ItemName="TargetPathDescription" ItemTranslation="Ange var de konverterade filerna ska sparas."/>
		<ItemForTranslation ItemName="DefaultFilterDescription" ItemTranslation="DOC stöder inbäddade fonter. RTF kan öppnas med andra program än Microsoft Word. TXT stöder inte formatering eller bilder."/>
		<ItemForTranslation ItemName="LanguageDescription" ItemTranslation="Välj språk för användargränssnittet i {applicationname}."/>
		<ItemForTranslation ItemName="ShowWizardDescription" ItemTranslation="Välj det här alternativet om du vill ha hjälp av konverteringsguiden för att konfigurera dina konverteringsinställningar."/>
		<ItemForTranslation ItemName="FilterOptionsDescription" ItemTranslation="Konfigurera vissa specifika funktioner i {applicationname}."/>
		<ItemForTranslation ItemName="PDFFilterDescription" ItemTranslation="Konfigurera vissa specifika funktioner i {applicationname}."/>
		<ItemForTranslation ItemName="PDFFilterPromptForPagesDescription" ItemTranslation="Antingen konvertera alla sidor eller uppmanas att konvertera en del av dokumentet."/>
		<ItemForTranslation ItemName="PDFFilterColumnsRecoveryDescription" ItemTranslation="Styr hur kolumner ska hanteras. Kolumner kan ignoreras eller upptäckas och visas som kolumner i RTF-filen."/>
		<ItemForTranslation ItemName="PDFFilterCharSpacingDescription" ItemTranslation="Bevara samma teckenbredd och teckenavstånd som i PDF-filen. I PDF-filer kan varje tecken ha olika avstånd och bredd."/>
		<ItemForTranslation ItemName="PDFFilterImagesAnchoringDescription" ItemTranslation="Välj Avlägsna bilder för att avlägsna bestämda bilder från dokumentet. Du kan även välja Automatisk förankring för att konvertera alla bilder till inline förankring, Förankring till stycke, eller Förankring till sida."/>
		<ItemForTranslation ItemName="ExtractTextDescription" ItemTranslation="Configure text extraction options."/>
		<ItemForTranslation ItemName="LineLengthDescription" ItemTranslation="Type the maximum number of characters to display in each line of your output document."/><!-- Text for Progress dialog -->
		<ItemForTranslation ItemName="FileName" ItemTranslation="Filnamn"/>
		<ItemForTranslation ItemName="Source" ItemTranslation="Källa"/>
		<ItemForTranslation ItemName="Destination" ItemTranslation="Mål"/>
		<ItemForTranslation ItemName="Status" ItemTranslation="Status"/>
		<ItemForTranslation ItemName="Description" ItemTranslation="Beskrivning"/>
		<ItemForTranslation ItemName="ButtonStateClose" ItemTranslation="Stäng"/>
		<ItemForTranslation ItemName="StatusStringCompleted" ItemTranslation="Filen har konverterats."/>
		<ItemForTranslation ItemName="StatusStringCanceled" ItemTranslation="Användaren avbröt konverteringen."/>
		<ItemForTranslation ItemName="StatusStringCompletedWithFault" ItemTranslation="Det gick inte att konvertera filen."/>
		<ItemForTranslation ItemName="Converting" ItemTranslation="Konverterar..."/>
		<ItemForTranslation ItemName="General" ItemTranslation="Allmänt"/>
		<ItemForTranslation ItemName="Details" ItemTranslation="Detaljer"/>
		<ItemForTranslation ItemName="Conversion Progress" ItemTranslation="Konverteringsförlopp"/><!-- Error codes -->
		<ItemForTranslation ItemName="InternalError" ItemTranslation="Internt fel."/>
		<ItemForTranslation ItemName="InternalErrorDesc" ItemTranslation="Internt fel."/>
		<ItemForTranslation ItemName="Succeed" ItemTranslation="Lyckat försök."/>
		<ItemForTranslation ItemName="SucceedDesc" ItemTranslation="Lyckat försök."/>
		<ItemForTranslation ItemName="Canceled" ItemTranslation="Avbröts."/>
		<ItemForTranslation ItemName="CanceledDesc" ItemTranslation="Avbröts av användaren."/>
		<ItemForTranslation ItemName="BadData" ItemTranslation="Felaktiga data."/>
		<ItemForTranslation ItemName="BadDataDesc" ItemTranslation="Ogiltigt filinnehåll."/>
		<ItemForTranslation ItemName="IOError" ItemTranslation="Indatafel."/>
		<ItemForTranslation ItemName="IOErrorDesc" ItemTranslation="Det gick inte att öppna källfilen."/>
		<ItemForTranslation ItemName="FileHasCopyPtotection" ItemTranslation="Filen är kopieringsskyddad."/>
		<ItemForTranslation ItemName="FileHasCopyPtotectionDesc" ItemTranslation="Det gick inte att konvertera. Filen är kopieringsskyddad."/>
		<ItemForTranslation ItemName="InvalidPagesRange" ItemTranslation="Ogiltigt sidurval."/>
		<ItemForTranslation ItemName="InvalidPagesRangeDesc" ItemTranslation="Angivet sidurval ligger utanför dokumentets omfång."/>
		<ItemForTranslation ItemName="InvalidArgumentsDesc" ItemTranslation="Ogiltiga argument för indata/utdata."/>
		<ItemForTranslation ItemName="Internal program error" ItemTranslation="Internt programfel"/><!-- messages -->
		<ItemForTranslation ItemName="OverwriteOptions" ItemTranslation="Är du säker på att du vill ersätta alla alternativ med standardvärdena?"/>
		<ItemForTranslation ItemName="FileNotFound" ItemTranslation="{1} {n}filen kunde inte hittas{n}Kontrollera att du angav korrekt filnamn."/>
		<!--*** String To Translate ***--><ItemForTranslation ItemName="FileCantBeReplaced" ItemTranslation="{n}Output file cannot be overwritten.{n}The file is locked by an application (Open in Word?) or protected from deletion.{n}Please unlock the file or change the target file name."/>
		<ItemForTranslation ItemName="STR_END_IS_GREAT" ItemTranslation="Sidnumret för första sidan måste vara lägre eller samma som sidnumret för sista sidan."/>
		<ItemForTranslation ItemName="STR_INVALID_NUM" ItemTranslation="Sidan måste anges med ett nummer som är större än noll."/><!-- Stop Convert Dlg -->
		<ItemForTranslation ItemName="CancelConversionMessage" ItemTranslation="Vill du avbryta konverteringen?"/><!-- Progress bar -->
		<ItemForTranslation ItemName="ConversionLogMessage" ItemTranslation="Konverteringslogg"/>
		<ItemForTranslation ItemName="StartingConversionMessage" ItemTranslation="------- Konverteringen startades: {1} -------"/>
		<ItemForTranslation ItemName="FileConversionMessage" ItemTranslation="Filen konverteras:"/>
		<ItemForTranslation ItemName="ElapsedMessage" ItemTranslation="Konverteringen klar. Förfluten tid: {1}"/>
		<ItemForTranslation ItemName="ReportMessage" ItemTranslation="{n}Sidor från {1} till {2} konverterades."/>
		<ItemForTranslation ItemName="ImageNotFound" ItemTranslation="Det finns inga bilder i det här dokumentet."/>
		<ItemForTranslation ItemName="FailedSaveImage" ItemTranslation="Det gick inte att spara bilder till {1}"/>
		<!--*** String To Translate ***--><ItemForTranslation ItemName="ConversionFailedMessage" ItemTranslation="Conversion failed on page {1}."/>
		<ItemForTranslation ItemName="DaysFormat" ItemTranslation="{1} dagar"/>
		<ItemForTranslation ItemName="HoursFormat" ItemTranslation="{1} timmar"/>
		<ItemForTranslation ItemName="DayFormat" ItemTranslation="{1} dag"/>
		<ItemForTranslation ItemName="HourFormat" ItemTranslation="{1} timme"/>
		<ItemForTranslation ItemName="MinutesFormat" ItemTranslation="{1} min."/>
		<ItemForTranslation ItemName="MinuteFormat" ItemTranslation="{1} min."/>
		<ItemForTranslation ItemName="SecondsFormat" ItemTranslation="{1} sek."/>
		<ItemForTranslation ItemName="SecondFormat" ItemTranslation="{1} sek."/><!-- RTF filter message -->
		<ItemForTranslation ItemName="OutputPathMessage" ItemTranslation="Utdata sparades i: {1}"/>
		<ItemForTranslation ItemName="WritingFileMessage" ItemTranslation="Skriver {1} fil..."/><!-- PDF filter messsages -->
		<ItemForTranslation ItemName="PDFPreScanInfoText" ItemTranslation="Avläser {1} fil..."/>
		<ItemForTranslation ItemName="PDFLoadingInfoText" ItemTranslation="Laddar {1} fil..."/>
		<ItemForTranslation ItemName="FractionalFontSize" ItemTranslation="Källan innehåller en font med bråkstorlek.{n}Målformatet stöder endast fonter med storlekar som kan ökas med 1/2."/>
		<ItemForTranslation ItemName="FontHeadMessage" ItemTranslation="Font {1} varning(ar):"/>
		<ItemForTranslation ItemName="FontSubstMessage" ItemTranslation="fontnamn ersattes med {1}."/>
		<ItemForTranslation ItemName="FontEmbedMessage" ItemTranslation="inbäddad data med fontnamn {1}."/>
		<ItemForTranslation ItemName="DifferentLookingWarning" ItemTranslation="Utdatan kan se annorlunda ut i jämförelse med källan på grund av:"/>
		<ItemForTranslation ItemName="FontEmbedWarning" ItemTranslation="Dokumentet innehåller inbäddade fonter"/>
		<ItemForTranslation ItemName="FontNotBuiltInWarning" ItemTranslation="Dokumentet innehåller inga inbyggda fonter"/>
		<ItemForTranslation ItemName="EvaluationInfoMessage" ItemTranslation="Utvärderingskopia: begränsad användning."/><!--
                Text1 :
                    Thank you for trying SolidConverter PDF.
                    The trial version of this product only converts 10% of your document, with a 10 page maximum.
                    Please register SolidConverter PDF to remove this restriction.
                 -->
		<ItemForTranslation ItemName="EvaluationMessage1" ItemTranslation="Tack för att du provar {applicationname}.{n}Med testversionen av den här produkten kan du bara konvertera 10 % av dokumentet, och högst 10 sidor.{n}Registrera {link:applicationpurchaseurl}{applicationname}{/link} så tas begränsningen bort.{n}"/><!--
                Text2 (contain some parts from Text1 ) :
                    Thank you for trying SolidConverter PDF.{n}
                    The trial version of this product only converts 10% of your document, with a 10 page maximum.{n}
                    For this conversion, SolidConverter PDF converted 1 of 1 pages.{n}
                    Please register SolidConverter PDF at http://www.solidpdf.com to remove this restriction.{n}
                 -->
		<ItemForTranslation ItemName="EvaluationMessage2" ItemTranslation="Tack för att du provar {applicationname}.{pb/}Med testversionen av den här produkten kan du bara konvertera 10 % av dokumentet, och högst 10 sidor. {pb/}Under den här konverteringen {applicationname} konverterades {1} av {2} sidor.{pb/}{b}Registrera {color}{applicationname}{/color} på {applicationpurchaseurl} så tas begränsningen bort.{/b}"/><!-- Promt for password -->
		<ItemForTranslation ItemName="Enter password" ItemTranslation="Ange lösenord"/>
		<ItemForTranslation ItemName="This file is protected." ItemTranslation="Din PDF-fil har självsignerad säkerhet vilket begränsar åtkomst. Fortsätt med konverteringen genom att ange lösenordet för PDF-filen."/>
		<ItemForTranslation ItemName="Password:" ItemTranslation="Lösenord:"/>
		<ItemForTranslation ItemName="Invalid Password." ItemTranslation="Ogiltigt lösenord."/>
		<ItemForTranslation ItemName="You don't have permissions for extract operation." ItemTranslation="Du har inte behörighet att extrahera."/><!-- Promt for pages -->
		<ItemForTranslation ItemName="Convert Pages" ItemTranslation="Konvertera sidor"/>
		<ItemForTranslation ItemName="All %d pages" ItemTranslation="Alla {1} sidor"/>
		<ItemForTranslation ItemName="Pages From:" ItemTranslation="Sidor från:"/>
		<ItemForTranslation ItemName="To:" ItemTranslation="Till:"/>
		<ItemForTranslation ItemName="The starting page must be less than or the same as the ending page number." ItemTranslation="Sidnumret för första sidan måste vara lägre eller samma som sidnumret för sista sidan."/>
		<ItemForTranslation ItemName="There is no page numbered '{1}' in this document." ItemTranslation="Det finns ingen sida med sidnumret '{1}' i dokumentet."/><!-- Wizard: Page Range -->
		<ItemForTranslation ItemName="PageRange" ItemTranslation="Sidurval"/>
		<ItemForTranslation ItemName="AllPages" ItemTranslation="Alla"/>
		<ItemForTranslation ItemName="Pages" ItemTranslation="Sidor"/>
		<ItemForTranslation ItemName="From:" ItemTranslation="Från:"/>
		<ItemForTranslation ItemName="extractpagerange" ItemTranslation="Vilka sidor i PDF-dokumentet vill du extrahera bilder från? Om du vill hämta alla bilder i PDF-dokumentet väljer du 'Alla'.{n}{n}Om du bara vill extrahera bilder från vissa sidor i PDF-filen väljer du 'Sidor' och anger vilka sidor i fälten 'Från' and 'Till'."/>
		<ItemForTranslation ItemName="convertpagerange" ItemTranslation="Vilka sidor i PDF-dokumentet vill du återskapa? Om du vill återskapa hela PDF-filen väljer du 'Alla'.{n}{n}Om du bara vill konvertera vissa sidor i PDF-filen väljer du 'Sidor' och anger vilka sidor i fälten 'Från' and 'Till'."/><!-- V2.1 TEXT
                 ItemForTranslation     ItemName="SolidConverterPDFUsage" ItemTranslation="Usage: SolidConverterPDF.exe [/h] /i Input [/o Output] [/w argument] [/y | /n] [/c] [/s] [/a argument] [/f argument] [/p xxx[-yyy]] {n}{n}{t}/h  {t}Displays this help. {n}{n}{t}/i  {t}Specifies the file or files to be converted. {n}{n}{t}/o  {t}Specifies the file name or directory for the new file(s). {n}{n}{t}/w  {t}Silent mode (hide progress dialog is default). {n}{n}{t}{t}  argument:  + : Always show progress dialog (/w +). {n}{n}{t}{t}      {t}     x : Automatically close progress dialog if successful (/w x). {n}{n}{t}/y  {t}Force overwriting of existing files (prompt to overwrite is default). {n}{n}{t}/n  {t}Force converter to not overwrite exiting files (no conversion if output file exists). {n}{n}{t}/c  {t}Don't detect columns (detect columns is default). {n}{n}{t}/f  {t}Format options (the default is Flowing.){n}{t}{t}If this parameter exists, /c parameter is ignored. {n}{n}{t}{t}  argument:   tabl : Tables (/f tabl). {n}{n}{t}{t}      {t}     cont : Continuous (/f cont). {n}{n}{t}{t}      {t}      txt : Text (/f txt). {n}{n}{t}{t}      {t}      exact : Exact (/f exact). {n}{n}{t}                /s  {t}Ignore character spacing (keep character spacing is default). {n}{n}{t}                /a  {t}                Image anchoring (the default is automatic). {n}{n}{t}{t}                  argument:   g : page anchoring (/a g). {n}{n}{t}{t}      {t}      p : paragraph anchoring (/a p). {n}{n}{t}{t}      {t}      r : remove images (/a r). {n}{n}{t}{t}      {t}      x : extract images (/a x)                 {n}{n}{t}/p  {t}Page conversion (/p xxx-yyy): {n}{n}{t}{t}  xxx : is starting page number and must be greater than 0. {n}{n}{t}{t}  yyy : is ending page number and must be greater or equal to xxx. {n}"/
                -->
		<!-- V2.0 TEXT -->
		<ItemForTranslation ItemName="help_dlg_title" ItemTranslation="{applicationname} Hjälp"/>
		<ItemForTranslation ItemName="SolidConverterPDFUsage" ItemTranslation="Användning: SolidConverterPDF.exe [/h] /i indata [/o Output] [/w argument] [/y | /n] [/c] [/s] [/a argument] [/f argument] [/p xxx[-yyy]] {n}{n}{t}/h {t}Visar den här hjälpen. {n}{n}{t}/i {t}Anger fil eller filer som ska konverteras. {n}{n}{t}/o {t}Anger filnamn eller katalog för ny fil/nya filer. {n}{n}{t}/w {t}Tyst läge (göm förloppsfönstret är standardvärde). {n}{n}{t}{t} argument: + : Visa alltid förloppsfönstret (/w +). {n}{n}{t}{t} {t} x : Stäng förloppsfönstret automatiskt om konvertering går bra (/w x). {n}{n}{t}/y {t}Ersätt befintliga filer (uppmana att ersätta är standardvärde). {n}{n}{t}/n {t}Ersätt inte befintliga filer (ingen konvertering om utdatafil finns). {n}{n}{t}/c {t}Upptäck inte kolumner (upptäck kolumner är standardvärde). {n}{n}{t}/f {t}Formatalternativ (Flödande sida är standardvärde.){n}{t}{t}Om den här parametern finns ignoreras /c parameter. {n}{n}{t}{t} argument: tabl : tabeller (/f tabl). {n}{n}{t}{t} {t} cont : Fortlöpande (/f cont). {n}{n}{t}{t} {t} txt : Text (/f txt). {n}{n}{t}{t} {t} exact : Exact (/f exact). {n}{n}{t}/s {t}Ignorera teckenavstånd (bevara teckenavstånd är standardvärde). {n}{n}{t}/a {t}Bildbearbetning (standardvärde är automatiskt). {n}{n}{t}{t} argument: g : sidförankring (/a g). {n}{n}{t}{t} {t} p : paragrafförankring (/a p). {n}{n}{t}{t} {t} r : ta bort bilder (/a r). {n}{n}{t}/p {t}Sidkonvertering (/p xxx-yyy): {n}{n}{t}{t} xxx : är sidnumret för första sidan och måste vara över 0. {n}{n}{t}{t} yyy : är sidnumret för sista sidan och måste vara över eller samma som xxx."/>
		<ItemForTranslation ItemName="SolidConverterPDFUsageHead" ItemTranslation="Användning:"/>
		<!--*** String To Translate ***--><ItemForTranslation ItemName="SolidConverterPDFUsageCmdString" ItemTranslation="[/h] /i Input [/o Output] [/w argument] [/y | /n] [/c argument]{n} [/f argument] [/s] [/a argument] [/p xxx[-yyy]{n}[/pwd [&quot;password&quot;]]]"/>
		<!--*** String To Translate ***--><ItemForTranslation ItemName="SolidConverterPDFUsageCmdString_lite" ItemTranslation="[/h] /i Input [/o Output] [/w argument] [/y | /n] [/c argument]{n} [/f argument] [/s] [/p xxx[-yyy]]{n}[/pwd [&quot;password&quot;]] "/>
		<ItemForTranslation ItemName="ArgumentStr" ItemTranslation="Argument:"/>
		<ItemForTranslation ItemName="ParametersStr" ItemTranslation="Parametrar:"/>
		<ItemForTranslation ItemName="hDescription" ItemTranslation="Visar den här hjälpen."/>
		<ItemForTranslation ItemName="iDescription" ItemTranslation="Anger fil eller filer som ska konverteras."/>
		<ItemForTranslation ItemName="oDescription" ItemTranslation="Anger filnamn eller katalog för ny fil/nya filer."/>
		<ItemForTranslation ItemName="wDescription" ItemTranslation="Tyst läge (gömt förloppsfönster är standardvärde)."/>
		<ItemForTranslation ItemName="wArguments" ItemTranslation="+ : Visa alltid förloppsfönstret (/w +).{n}x : Stäng förloppsfönstret automatiskt när konvertering går bra (/w x)."/>
		<ItemForTranslation ItemName="yDescription" ItemTranslation="Ersätt befintliga filer (uppmana att ersätta är standardvärde)."/>
		<ItemForTranslation ItemName="nDescription" ItemTranslation="Ersätt inte befintliga filer (ingen konvertering om utdatafil finns)."/>
		<ItemForTranslation ItemName="cDescription" ItemTranslation="Formatalternativ (Flödande sida är standardvärde.)"/>
		<ItemForTranslation ItemName="cArguments" ItemTranslation="tabl : Tabeller (/c tabl).{n}cont : Fortlöpande (/c cont).{n}txt : Text (/c txt).{n}exact : Exact (/c true).{n}x : Extrahera bilder endast (/c x)"/>
		<ItemForTranslation ItemName="cArguments_lite" ItemTranslation="txt : Text (/c txt)."/>
		<ItemForTranslation ItemName="sDescription" ItemTranslation="Ignorera teckenavstånd (bevara teckenavstånd är standardvärde)."/>
		<ItemForTranslation ItemName="aDescription" ItemTranslation="Bildplaceringsläge (standardvärde automatiskt)."/>
		<ItemForTranslation ItemName="aArguments" ItemTranslation="g : sidförankring (/a g).{n}p : paragrafförankring (/a p).{n}r : ta bort bilder (/a r)."/>
		<ItemForTranslation ItemName="pDescription" ItemTranslation="Sidkonvertering (/p xxx-yyy)"/>
		<ItemForTranslation ItemName="pArguments" ItemTranslation="xxx : är sidnumret för första sidan och måste vara över 0.{n}yyy : är sidnumret för sista sidan och måste vara över eller samma som xxx."/>
		<ItemForTranslation ItemName="dDescription" ItemTranslation="Bearbetning av sidhuvud och sidfot (standardvärde är upptäck)."/>
		<ItemForTranslation ItemName="dArguments" ItemTranslation="r : upptäck och ta bort (/d r){n}i : ignorera och bearbeta som innehållstext (/d r)"/>
		<ItemForTranslation ItemName="tDescription" ItemTranslation="Målformat (standardvärde definieras i Programalternativ)"/>
		<!--*** String To Translate ***--><ItemForTranslation ItemName="tArguments" ItemTranslation="rtf    : Rich Text format (/f rtf){n}doc : Microsoft Word format (/f doc){n}wordml: Microsoft Word XML format"/>
		<ItemForTranslation ItemName="eDescription" ItemTranslation="Bearbeta inbäddad font (standardvärde är ignorera)"/>
		<ItemForTranslation ItemName="eArguments" ItemTranslation="s : Installera i system (/e s){n}e : inbädda i utdatadokument {n} (endast för Microsoft Word-format (/e e)"/>
		<ItemForTranslation ItemName="pwdDescription" ItemTranslation="Lösenordsalternativ (standardvärde är att hoppa över krypterade filer)"/>
		<ItemForTranslation ItemName="pwdArguments" ItemTranslation="missed argument : begär lösenord för varje krypterad fil {n}&quot;lösenord&quot;: quoted string. Använd detta lösenord om filen är krypterad. {n}En fil kan vara krypterad med ett tomt lösenord  - använd i så fall bara dubbla citationstecken (&quot;&quot;)"/>
		<!-- -->
		<!-- V1.0 TEXT
                 ItemTranslation="Usage: SolidConverterPDF.exe [/h] /i Input [/o Output] [/w argument] [/y | /n] [/c] [/s] [/a argument]                         [/p xxx[-yyy]] {n}{n}{t}/h  {t}Displays this help. {n}{n}{t}/i  {t}Specifies the file or files to be converted. {n}{n}{t}/o  {t}Specifies the file name or directory for the new file(s). {n}{n}{t}/w  {t}Silent mode (hide progress dialog is default). {n}{n}{t}{t}  argument:  + : Always show progress dialog (/w +). {n}{n}{t}{t}      {t}     x : Automatically close progress dialog if successful (/w x). {n}{n}{t}/y  {t}Force overwriting of existing files (prompt to overwrite is default). {n}{n}{t}/n  {t}Force converter to not overwrite exiting files (no conversion if output file exists). {n}{n}{t}/c  {t}Don't detect columns (detect columns is default). {n}{n}{t}/s  {t}Ignore character spacing (keep character spacing is default). {n}{n}{t}/a  {t}Image anchoring (the default is automatic). {n}{n}{t}{t}  argument:   g : page anchoring (/a g). {n}{n}{t}{t}      {t}      p : paragraph anchoring (/a p). {n}{n}{t}/p  {t}Page conversion (/p xxx-yyy): {n}{n}{t}{t}  xxx : is starting page number and must be greater than 0. {n}{n}{t}{t}  yyy : is ending page number and must be greater or equal to xxx. {n}"/
                -->
		<ItemForTranslation ItemName="Source_File_Type_Filter" ItemTranslation="PDF-filer (*.pdf)|*.pdf||"/>
		<ItemForTranslation ItemName="RTF_Files_Filter" ItemTranslation="RTF-filer (*.rtf)"/>
		<ItemForTranslation ItemName="DOC_Files_Filter" ItemTranslation="DOC-filer (*.doc)"/>
		<ItemForTranslation ItemName="TXT_Files_Filter" ItemTranslation="TXT-filer (*.txt)"/>
		<!-- Warnings -->
		<ItemForTranslation ItemName="Warnings" ItemTranslation="Varningar"/>
		<ItemForTranslation ItemName="WarningsSetDescription" ItemTranslation="Välj vilka varningar du vill visa under konverteringen."/>
		<!-- Options panel. Left column  -->
		<ItemForTranslation ItemName="VectorGrfWarning" ItemTranslation="Vektorgrafik"/>
		<!-- Options panel. Description -->
		<ItemForTranslation ItemName="VectorGrfWarningDescription" ItemTranslation="Visa den här varningen vid konverteringen om filen innehåller vektorgrafik som inte stöds än. Vektorgrafik hoppas över."/>
		<!-- Warning text -->
		<ItemForTranslation ItemName="VectorGrfWarningText" ItemTranslation="Den här PDF-filen innehåller vektorgrafik som inte stöds än och konverterades därför inte."/>
		<!-- Options panel. Left column  -->
		<!--*** String To Translate ***--><ItemForTranslation ItemName="NoTextWarning" ItemTranslation="No text in File"/>
		<!-- Options panel. Description -->
		<ItemForTranslation ItemName="NoTextWarningDescription" ItemTranslation="Visa den här varningen om det inte finns någon text i den konverterade filen. Den troligaste anledningen är att det rör sig om ett skannat dokument som enbart består av bitmapp-bilder."/>
		<!-- Warning text -->
		<ItemForTranslation ItemName="NoTextWarningText" ItemTranslation="Den här filen innehåller ingen text. Antagligen rör det sig om ett skannat dokument som enbart består av bitmapp-bilder."/>
		<!-- Options panel. Left column  -->
		<ItemForTranslation ItemName="HiddenTextWarning" ItemTranslation="Hidden text in File"/>
		<!-- Options panel. Description -->
		<ItemForTranslation ItemName="HiddenTextWarningDescription" ItemTranslation="Show this warning if there is a page with completely hidden(covered with graphics) text in the converted file. The most likely reason is that it is a scanned document which consists entirely of bitmap image pages and recognized text covered with this image (Searchable image)."/>
		<!-- Warning text -->
		<ItemForTranslation ItemName="HiddenTextWarningText" ItemTranslation="This file contains text under graphics(image). The most likely reason is that it is a scanned document which consists entirely of bitmap image pages and recognized text covered with this image (Searchable image)."/>
		<!-- Options panel. Left column  -->
		<ItemForTranslation ItemName="SymbolicFontWarning" ItemTranslation=" Symboltecken"/>
		<!-- Options panel. Description -->
		<ItemForTranslation ItemName="SymbolicFontWarningDescription" ItemTranslation="Visa detta fel om dokumentet innehåller inte-standardkodning som symboltecken."/>
		<!-- Warning text -->
		<ItemForTranslation ItemName="SymbolicFontWarningText" ItemTranslation="Den här filen innehåller icke-standardiserad kodning och kan eventuellt bearbetas på fel sätt."/>
		<!-- Options panel. Left column  -->
		<ItemForTranslation ItemName="InsufficientOfficeVersionWarning" ItemTranslation="Microsoft Office version"/>
		<!-- Options panel. Description -->
		<ItemForTranslation ItemName="InsufficientOfficeVersionWarningDescription" ItemTranslation="Visa denna varning om den aktuella installerade versionen av Microsoft Office är äldre än Office XP."/>
		<!-- Warning text -->
		<!--*** String To Translate ***--><ItemForTranslation ItemName="InsufficientOfficeVersionWarningText" ItemTranslation="Your copy of Microsoft Office is older that Office XP. The file can be converted, but you will not be able to open it on this computer."/>
		<ItemForTranslation ItemName="{applicationname} Wizard ({1})" ItemTranslation="Guide till {applicationname} ({1})"/>
		<ItemForTranslation ItemName="{applicationname} Settings ({1})" ItemTranslation="Inställningar för {applicationname} ({1})"/>
		<!-- v2.0 -->
		<ItemForTranslation ItemName="FormatingMode" ItemTranslation="Rekonstruktionsläge"/>
		<ItemForTranslation ItemName="FormatingModeDescription" ItemTranslation="Beroende på vilken sorts PDF-fil det rör sig om och vad konverteringen har för syfte, kan du återskapa layout, formatering och textflöde med stor flexibilitet genom de olika rekonstruktionslägena."/>
		<ItemForTranslation ItemName="Do not recover columns" ItemTranslation="Tabeller"/>
		<ItemForTranslation ItemName="Detect and preserve columns" ItemTranslation="Flödande sida"/>
		<ItemForTranslation ItemName="Formatting_and_no_Layout" ItemTranslation="Fortlöpande"/>
		<ItemForTranslation ItemName="No_Formatting_or_Layout" ItemTranslation="Klartext"/>
		<ItemForTranslation ItemName="True_Page" ItemTranslation="Exact"/>
		<ItemForTranslation ItemName="FM_FORMAT_LAYOUT_COLUMNS" ItemTranslation="Flödande sida - återskapa sidlayout, kolumner, formatering och grafik, och bevara textflödet."/>
		<ItemForTranslation ItemName="FM_FORMAT_LAYOUT" ItemTranslation="Tabeller - återskapa sidlayout, formatering och grafik, och bevara textflödet men ignorera kolumner."/>
		<ItemForTranslation ItemName="FM_FORMAT" ItemTranslation="Fortlöpande - upptäck layout och kolumner men återskapa endast formatering, grafik och textflöde."/>
		<ItemForTranslation ItemName="FM_NONE" ItemTranslation="Klartext - upptäck layout och kolumner men återskapa endast textflöde utan formatering."/>
		<ItemForTranslation ItemName="FM_TRUEPAGE" ItemTranslation="Exact - återskapa exakt sidpresentation med hjälp av textrutor i Microsoft Word."/>
		<ItemForTranslation ItemName="WA_CONVERT_WORD" ItemTranslation="Konvertera dokument från PDF till Word"/>
		<ItemForTranslation ItemName="WA_EXTRACT_IMAGE" ItemTranslation="Extrahera bilder från PDF-fil"/>
		<!-- ExtractImage Message -->
		<ItemForTranslation ItemName="ExtractImageMessage" ItemTranslation="{1}Bild {2} extraherades från sidan {3}"/>
		<!--*** String To Translate ***--><ItemForTranslation ItemName="ImagesProcessing" ItemTranslation="Image Handling"/>
		<!--*** String To Translate ***--><ItemForTranslation ItemName="ImagesProcessingDescription" ItemTranslation="Select Remove Images to remove specific images from the document. You can also select Automatic Anchoring to convert all images to inline anchoring, Anchor to Paragraph, or Anchor to Page."/>
		<ItemForTranslation ItemName="RemoveImage" ItemTranslation="Ta bort bilder"/>
		<ItemForTranslation ItemName="RemoveImages" ItemTranslation="Ta bort inline-bilder"/>
		<ItemForTranslation ItemName="Remove_Images" ItemTranslation="Ta bort bilder"/>
		<ItemForTranslation ItemName="Remove_Inline_Images" ItemTranslation="Ta bort inline-bilder"/>
		<ItemForTranslation ItemName="RemoveAllImages" ItemTranslation="Ta bort alla bilder"/>
		<ItemForTranslation ItemName="RemoveAllImagesExceptInline" ItemTranslation="Ta bort bilder (förutom inline-bilder)"/>
		<ItemForTranslation ItemName="AnchoringAutomatic" ItemTranslation="Automatisk förankring"/>
		<ItemForTranslation ItemName="AnchoringParagraph" ItemTranslation="Förankra till paragraf"/>
		<ItemForTranslation ItemName="AnchoringPage" ItemTranslation="Förankra till sida"/>
		<ItemForTranslation ItemName="RemoveImagePrompt1" ItemTranslation="När layout inte bevaras kan endast inline-bilder hämtas.{n}Med det här alternativet kan du även ta bort inline-bilderna."/>
		<ItemForTranslation ItemName="RemoveImagePrompt2" ItemTranslation="När layout bevaras hämtas alltid inline-bilder.{n}Med det här alternativet kan du ta bort eller förankra bilder som inte är inline."/>
		<ItemForTranslation ItemName="SaveEmbededFont" ItemTranslation="Överför inbäddade fonter"/>
		<ItemForTranslation ItemName="SaveEmbededFontDescription" ItemTranslation="Inbäddade fonter kan överföras till .doc-filer. Du kan välja att överföra alla TrueType-fonter, endast fonter med icke-standardiserad kodning eller inga alls."/>
		<ItemForTranslation ItemName="EmbedNone-standardEncoding" ItemTranslation="Bädda in TrueType-fonter med icke-standardiserad kodning"/>
		<ItemForTranslation ItemName="EmbedAllTrueType" ItemTranslation="Bädda in alla TrueType-fonter"/>
		<ItemForTranslation ItemName="DoNotEmbed" ItemTranslation="Bädda inte in fonter"/>
		<ItemForTranslation ItemName="InstallEmbededFont" ItemTranslation="Installera inbäddade fonter"/>
		<ItemForTranslation ItemName="InstallEmbededFontDescription" ItemTranslation="TrueType- och Type 1-fonter som är inbäddade i PDF-filen kan installeras på din dator."/>
		<ItemForTranslation ItemName="HeadersAndFooters" ItemTranslation="Sidhuvud och sidfot"/>
		<ItemForTranslation ItemName="PDFFilterHeadersAndFootersDescription" ItemTranslation="{applicationname} kan återskapa eller ta bort sidhuvud och sidfot."/>
		<ItemForTranslation ItemName="Detect" ItemTranslation="Upptäck och återskapa"/>
		<ItemForTranslation ItemName="DetectAndRemove" ItemTranslation="Upptäck och ta bort"/>
		<ItemForTranslation ItemName="DoNotDetect" ItemTranslation="Upptäck inte"/>
		<ItemForTranslation ItemName="ExtractImageFilter" ItemTranslation="Konfigurera bildextrahering"/>
		<ItemForTranslation ItemName="ExtractImageFilterDescription" ItemTranslation="Bildextrahering är ännu en funktion i {applicationname}, förutom dokumentkonvertering. Du kan konfigurera olika funktioner för bildextrahering."/>
		<ItemForTranslation ItemName="ImageTargetType" ItemTranslation="Bildformat"/>
		<ItemForTranslation ItemName="ImageTargetTypeDescription" ItemTranslation="När du extraherar bilder från ett PDF-dokument kan du välja att spara dem i ett annat format än originalet."/>
		<ItemForTranslation ItemName="KeepSourceFormat" ItemTranslation="&lt;Behåll källformat&gt;"/>
		<ItemForTranslation ItemName="bmp" ItemTranslation="BMP"/>
		<ItemForTranslation ItemName="jpg" ItemTranslation="JPG"/>
		<ItemForTranslation ItemName="png" ItemTranslation="PNG"/>
		<ItemForTranslation ItemName="tif" ItemTranslation="TIF"/>
		<ItemForTranslation ItemName="ImageColorDepth" ItemTranslation="Bildens färgdjup"/>
		<ItemForTranslation ItemName="ImageColorDepthDescription" ItemTranslation="När du extraherar bilder från ett PDF-dokument kan du välja att spara dem i ett annat färgdjup än originalet."/>
		<ItemForTranslation ItemName="KeepSourceColorDepth" ItemTranslation="&lt;Behåll källans färgdjup&gt;"/>
		<ItemForTranslation ItemName="1_bit_per_pixel_Monochrome" ItemTranslation="1 bit per pixel enfärgat"/>
		<ItemForTranslation ItemName="8_bits_per_pixel_Grayscale" ItemTranslation="8 bitar per pixel gråskala"/>
		<ItemForTranslation ItemName="8_bits_per_pixel_Color" ItemTranslation="8 bitar per pixel färg"/>
		<ItemForTranslation ItemName="16_bits_per_pixel_Color" ItemTranslation="16 bitar per pixel färg"/>
		<ItemForTranslation ItemName="24_bits_per_pixel_Color" ItemTranslation="24 bitar per pixel färg"/>
		<ItemForTranslation ItemName="Convert_Through_Wizard" ItemTranslation="Konvertera med guide..."/>
		<ItemForTranslation ItemName="Save_As_DOC" ItemTranslation="Spara som DOC"/>
		<ItemForTranslation ItemName="Save_As_RTF" ItemTranslation="Spara som RTF"/>
		<ItemForTranslation ItemName="Extract_Images" ItemTranslation="Extrahera bilder"/>
		<ItemForTranslation ItemName="Extract_Images_Through_Wizard" ItemTranslation="Extrahera bilder med guide..."/>
		<!-- Wizard: -->
		<ItemForTranslation ItemName="Browse" ItemTranslation="Bläddra..."/>
		<ItemForTranslation ItemName="Next &gt;" ItemTranslation="Nästa &gt;"/>
		<ItemForTranslation ItemName="Last &gt;&gt;" ItemTranslation="Sista &gt;&gt;"/>
		<ItemForTranslation ItemName="&lt; Previous" ItemTranslation="&lt; Föregående"/>
		<!-- Wizard: Layout nd Formatting page-->
		<ItemForTranslation ItemName="Layout_and_Formatting" ItemTranslation="Layout och formatering"/>
		<ItemForTranslation ItemName="Choose_Reconstruction_Mode" ItemTranslation="Välj det rekonstruktionsläge som passar bäst för den här PDF-filen:"/>
		<!-- Wizard: Image Recovery page-->
		<ItemForTranslation ItemName="Image_Recovery" ItemTranslation="Bildhantering"/>
		<!-- Wizard: Char spacing page-->
		<ItemForTranslation ItemName="Custom_Character_Spacing" ItemTranslation="Anpassat teckenavstånd i PDF"/>
		<ItemForTranslation ItemName="Custom_Character_Spacing_Prompt" ItemTranslation="När sidlayout bevaras kan du välja att bevara PDF-filens exakta teckenavstånd och teckenbredd. Det är perfekt om du vill bevara exakt samma sidlayout, men inte om du tänker göra stora ändringar i texten."/>
                <!-- Wizard: Detect Tables page-->
                <!--*** String To Translate ***--><ItemForTranslation ItemName="Custom_DetectTables_Spacing"                  ItemTranslation="Table Detection"/>
                <!--*** String To Translate ***--><ItemForTranslation ItemName="Custom_Detect_Tables_Prompt"	            ItemTranslation="Table detection applies when page layout is recognized using flowing or continuous reconstruction mode. This option is ideal for text documents but not for brochures."/>
		<!-- Wizard: Document Format and Output Path page-->
		<ItemForTranslation ItemName="Document_Format" ItemTranslation="Dokumentets format och sökväg för utdata"/>
		<ItemForTranslation ItemName="Document_Format_Prompt" ItemTranslation="Välj utdatans filformat. Tänk på att oformaterad text (.txt) inte stöds vid komplex formatering och sidlayout."/>
		<ItemForTranslation ItemName="DOC_Format_Choice" ItemTranslation="Microsoft Word binärt .doc-format (inbäddade fonter stöds)"/>
		<ItemForTranslation ItemName="RTF_Format_Choice" ItemTranslation="Microsoft Word rich text format (.rtf)"/>
		<ItemForTranslation ItemName="TXT_Format_Choice" ItemTranslation="Oformaterad UTF-8-text (.txt)"/>
		<ItemForTranslation ItemName="WORDML_Format_Choice" ItemTranslation="Microsoft Word XML format (.xml)"/>
		<ItemForTranslation ItemName="DestinationPrompt" ItemTranslation="{n}Välj var målfilen ska sparas och ange om du vill öppna dokumentet i Microsoft Word när det har konverterats."/>
		<ItemForTranslation ItemName="Save_File_To" ItemTranslation="Spara filen till:"/>
		<ItemForTranslation ItemName="Open_For_Editing" ItemTranslation="Öppna dokumentet för redigering efter konvertering."/>
		<!-- Wizard: Font Embedding/installing page-->
		<ItemForTranslation ItemName="Embedding_Installing_Fonts" ItemTranslation="Bädda in och installera fonter"/>
		<ItemForTranslation ItemName="Embed_Font_Prompt" ItemTranslation="PDF-filer kan innehålla fonter som inte finns på din dator. Du kan välja att bädda in fonterna i det konverterade dokumentet om du har valt Microsoft Words binära .doc-format på föregående skärm i guiden.{n}{n}Med inbäddade fonter blir det konverterade dokumentet större."/>
		<ItemForTranslation ItemName="Install_Fonts_Prompt" ItemTranslation="{n}Ofta är fonter som inte är standard i Windows inbäddade i PDF-dokumenten. Du kan välja att installera sådana fonter från PDF-filen på din egen dator som ett alternativ till att bädda in dem i det konverterade dokumentet."/>
		<!-- Wizard: Headers & footers page-->
		<ItemForTranslation ItemName="HeadersAndFootersPrompt" ItemTranslation="{applicationname} kan återskapa eller ta bort sidhuvud och sidfot. Sidlayout måste bevaras för att du ska kunna välja att återskapa dem."/>
		<!-- Wizard: Finish: Convert Document page-->
		<ItemForTranslation ItemName="FinishPage" ItemTranslation="Slutför: Konvertera dokument"/>
		<ItemForTranslation ItemName="FinishPagePrompt" ItemTranslation="Dina konverteringsval visas nedan. Använd knappen Föregående om du vill ändra något.{n}Konvertera genom att trycka på Slutför."/>
		<!-- Duplicate -->
		<ItemForTranslation ItemName="FormatingMode:" ItemTranslation="Rekonstruktionsläge:"/>
		<!-- Duplicate -->
		<ItemForTranslation ItemName="Image_Recovery:" ItemTranslation="Hämta bild:"/>
		<ItemForTranslation ItemName="Character_Spacing:" ItemTranslation="Teckenavstånd:"/>
		<ItemForTranslation ItemName="Embed_Fonts:" ItemTranslation="Bädda in fonter:"/>
		<ItemForTranslation ItemName="Install_Fonts:" ItemTranslation="Installera fonter:"/>
		<ItemForTranslation ItemName="Page_Range" ItemTranslation="Sidurval att konvertera:"/>
		<ItemForTranslation ItemName="OutputPath:" ItemTranslation="Sökväg för utdata är:"/>
		<!-- Duplicate -->
		<!-- New strings -->
		<ItemForTranslation ItemName="Use_Short_Wizard" ItemTranslation="Visa endast den sista skärmen i framtiden. Det är enkelt att ändra val."/>
		<ItemForTranslation ItemName="ShortWizard" ItemTranslation="Konverteringsinställningar"/>
		<ItemForTranslation ItemName="ShortWizardPrompt" ItemTranslation="Dina konverteringsinställningar visas nedan. Använd knappen Aktivera guide om du vill ändra något, eller gå vidare genom att trycka på knappen Konvertera (&lt;enter&gt;)."/>
		<ItemForTranslation ItemName="Run_Wizard" ItemTranslation="Aktivera guide"/>
		<ItemForTranslation ItemName="Convert" ItemTranslation="Konvertera"/>
		<!-- Wizard: Finish -->
		<ItemForTranslation ItemName="PreserveExactSpacing" ItemTranslation="Bevara exakt teckenavstånd"/>
		<ItemForTranslation ItemName="RegularCharacterSpacing" ItemTranslation="Normalt teckenavstånd"/>
		<ItemForTranslation ItemName="EmbedNonStandardTrueType" ItemTranslation="Bädda in TrueType-fonter med icke-standardiserad kodning från PDF i dok"/>
		<ItemForTranslation ItemName="EmbedAllTrueTypeLong" ItemTranslation="Bädda in alla TrueType-fonter från PDF i dok"/>
		<ItemForTranslation ItemName="HeadersAndFooters:" ItemTranslation="Sidhuvud och sidfot:"/>
		<ItemForTranslation ItemName="DetectAndPreserveHF" ItemTranslation="Upptäck och bevara sidhuvud och sidfot"/>
		<ItemForTranslation ItemName="DetectAndRemoveHF" ItemTranslation="Upptäck och ta bort sidhuvud och sidfot"/>
		<ItemForTranslation ItemName="InstallFontsTTandT1" ItemTranslation="Installera alla TrueType- och Type 1-fonter som är inbäddade i PDF-filen."/>
		<ItemForTranslation ItemName="Frompage{1}topage{2}" ItemTranslation="Från sidan{1}till sidan{2}"/>
		<!-- ui:dialogBox extractpath -->
		<ItemForTranslation ItemName="extractpath_Image_Format_Output_Path" ItemTranslation="Bildens format och sökväg för utdata"/>
		<ItemForTranslation ItemName="extractpath_choose_file_format" ItemTranslation="Välj filformat för extraherade bilder:"/>
		<ItemForTranslation ItemName="extractpath_same_as_source_images" ItemTranslation="Samma som källbilder"/>
		<ItemForTranslation ItemName="extractpath_choose_path" ItemTranslation="{n}Välj var du vill spara bilderna:"/>
		<ItemForTranslation ItemName="extractpath_save_to" ItemTranslation="Spara bilderna i:"/>
		<ItemForTranslation ItemName="extractpath_filepath" ItemTranslation="{n}{n}{n}{n}{n}sökvägen måste vara rimligt bred dummy-sträng"/>
		<!-- ui:dialogBox finishextract -->
		<ItemForTranslation ItemName="finishextract_finish" ItemTranslation="Slutför: Extrahera bilder"/>
		<ItemForTranslation ItemName="finishextract_description" ItemTranslation="Dina val för bildextrahering visas nedan. Använd knappen Föregående om du vill ändra något. Extrahera bilderna genom att trycka på Slutför."/>
		<!-- Create Options -->
		<ItemForTranslation ItemName="CreatePdfTitle" ItemTranslation="Skapa PDF"/>
		<ItemForTranslation ItemName="CreatePdfOptionsSection" ItemTranslation="Alternativ för att skapa PDF"/>
		<ItemForTranslation ItemName="CreatePdfOptionsSectionDescription" ItemTranslation="Konfigurera specifika funktioner för att skapa PDF."/>
		<ItemForTranslation ItemName="EmbedAllFont" ItemTranslation="Bädda in alla fonter"/>
		<ItemForTranslation ItemName="EmbedAllFontDescription" ItemTranslation="Bädda in alla fonter i PDF-filen."/>
		<ItemForTranslation ItemName="PasswordProtection" ItemTranslation="Lösenord och skydd"/>
		<ItemForTranslation ItemName="PasswordProtectionDescription" ItemTranslation="Konfigurera säkerhetsrestriktioner för PDF-filen."/>
		<!-- Encryption level -->
		<ItemForTranslation ItemName="EncryptionLevel" ItemTranslation="Krypteringsnivå"/>
		<ItemForTranslation ItemName="EncryptionLevelDescription" ItemTranslation="Standardkryptering säkraste alternativ: 128 bitars RC4"/>
		<ItemForTranslation ItemName="High (128-bit RC4)" ItemTranslation="Hög (128-bitars RC4)"/>
		<ItemForTranslation ItemName="Low (40-bit RC4)" ItemTranslation="Låg (40-bitars RC4)"/>
		<ItemForTranslation ItemName="EncryptionNone" ItemTranslation="Ingen"/>
		<ItemForTranslation ItemName="&lt;No password&gt;" ItemTranslation="&lt;Inget lösenord&gt;"/>
		<ItemForTranslation ItemName="&lt;PromptWhenSaving&gt;" ItemTranslation="&lt;Uppmana när filen sparas&gt;"/>
		<ItemForTranslation ItemName="&lt;SetPassword&gt;" ItemTranslation="&lt;Ställ in lösenord&gt;"/>
		<!-- User password strings -->
		<ItemForTranslation ItemName="PasswodForOpen" ItemTranslation="Lösenord för användare"/>
		<ItemForTranslation ItemName="PasswodForOpenDescription" ItemTranslation="Ställa in ett användarlösenord (även känt som 'Document Open password') förhindrar att användare öppnar filen utan att de matar in lösenordet. För att begränsa utskrift och editering, använd ett ägarlösenord."/>
		<ItemForTranslation ItemName="Require_User_Password" ItemTranslation="Behöver användarlösenord för att öppna dokumentet"/>
		<ItemForTranslation ItemName="User_Password:" ItemTranslation="Lösenord för användare:"/>
		<ItemForTranslation ItemName="Repeat_User_Password:" ItemTranslation="Upprepa lösenord för användare:"/>
		<!-- Owner password strings -->
		<ItemForTranslation ItemName="Permissions" ItemTranslation="Säkerhetsrestriktioner för PDF"/>
		<ItemForTranslation ItemName="PermissionsDescription" ItemTranslation="Med de här behörigheterna begränsas PDF-filens användning."/>
		<ItemForTranslation ItemName="PermissionsPassword" ItemTranslation="Lösenord för ägare"/>
		<ItemForTranslation ItemName="PermissionsPasswordDescription" ItemTranslation="If you set any security restrictions in your PDF file you should also specify an Owner Password (also known as 'Permissions password'). Either User or Owner Password can be used for opening the PDF file."/>
		<!--*** String To Translate ***--><ItemForTranslation ItemName="Use_Owner_Password" ItemTranslation="Use owner password to restrict printing, editing and extraction"/>
		<ItemForTranslation ItemName="Owner_Password:" ItemTranslation="Lösenord för ägare:"/>
		<ItemForTranslation ItemName="Repeat_Owner_Password:" ItemTranslation="Upprepa lösenord för ägare:"/>
		<!-- Permissions modes -->
		<ItemForTranslation ItemName="AllowPrinting" ItemTranslation="Tillåt utskrift"/>
		<ItemForTranslation ItemName="AllowPrintingDescription" ItemTranslation="Välj Ja för att tillåta alla användare att skriva ut PDF filen, eller Nej för att tillåta utskrift endast för dem som känner till ägarelösenordet."/>
		<ItemForTranslation ItemName="AllowChanging" ItemTranslation="Tillåt ändring"/>
		<ItemForTranslation ItemName="AllowChangingLong" ItemTranslation="Tillåt redigering av innehåll"/>
		<ItemForTranslation ItemName="AllowChangingDescription" ItemTranslation="Välj Ja för att tillåta alla användare att ändra innehållet i PDF filen, eller Nej för att tillåta ändring endast för dem som känner till ägarelösenordet."/>
		<ItemForTranslation ItemName="AllowCopying" ItemTranslation="Tillåt kopiering"/>
		<ItemForTranslation ItemName="AllowCopyingDescription" ItemTranslation="Välj Ja för att tillåta alla användare att kopiera eller extrahera innehållet i PDF filen, eller Nej för att tillåta kopiering eller extrahering endast för dem som känner till ägarelösenordet."/>
		<ItemForTranslation ItemName="AllowChangingComments" ItemTranslation="Tillåt kommentarer"/>
		<ItemForTranslation ItemName="AllowChangingCommentsLong" ItemTranslation="Tillåt att lägga till eller ändra kommentarer"/>
		<ItemForTranslation ItemName="AllowChangingCommentsDescription" ItemTranslation="Välj Ja för att tillåta alla användare att editera eller lägga till kommentarer till innehållet i PDF filen, eller Nej för att tillåta editering endast för dem som känner till ägarelösenordet. "/>
		<!-- Acrobat plug-in messages (labels and menu items) -->
		<ItemForTranslation ItemName="SC_TOOLBAR_TITLE" ItemTranslation="{applicationname}"/>
		<ItemForTranslation ItemName="SC_BUTTON_LABEL" ItemTranslation="Öppna med Word"/>
		<ItemForTranslation ItemName="SC_BUTTON_TOOLTIP" ItemTranslation="Använd {applicationname} för att konvertera dokumentet och öppna det i Microsoft Word"/>
		<ItemForTranslation ItemName="SC_MENUITEM_RUN" ItemTranslation="Öppna med Microsoft Word"/>
		<ItemForTranslation ItemName="SC_MENUITEM_ABOUT" ItemTranslation="Om {applicationname}..."/>
		<!-- SolidConverterPDF plug-in messages -->
		<ItemForTranslation ItemName="UnableAddToolbarToExcel" ItemTranslation="Kan inte lägga till Solid Converter kontroller till Excel."/>
		<ItemForTranslation ItemName="UnableAddToolbarToPowerPoint" ItemTranslation="Kan inte lägga till Solid Converter kontroller till PowerPoint."/>
		<ItemForTranslation ItemName="NoWorkbooksOpen" ItemTranslation="Inga arbetsböcker är öppna."/>
		<ItemForTranslation ItemName="NoPresentationsOpen" ItemTranslation="Inga presentationer är öppna."/>
		<ItemForTranslation ItemName="NoDocumentsOpen" ItemTranslation="Inga dokument är öppna."/>
		<ItemForTranslation ItemName="EmptyWorksheet" ItemTranslation="{tillämpningens namn} kunde inte hitta något att skriva ut, därför kan inte skapandeprocessen av PDF startas."/>
		<ItemForTranslation ItemName="PrinterNotFound" ItemTranslation="Ingen Solid PDF Creator skrivare är installerad. Installera {tillämpningens namn} igen."/>
		<!-- Explorer Extensions -->
		<ItemForTranslation ItemName="INFO_LOAD" ItemTranslation="{applicationname} konverterar PDF till Word. Ladda först en PDF fil för att använda detta."/>
		<ItemForTranslation ItemName="TITLE_PROGRESS" ItemTranslation="{applicationname}"/>
		<ItemForTranslation ItemName="WAIT_DOWNLOAD" ItemTranslation="Laddar ned PDF fil..."/>
		<!-- SpreadsheetML export filter -->
		<ItemForTranslation ItemName="SpreadsheetML_Files_Filter" ItemTranslation="Microsoft Excel XML files (*.xml)"/>
		<ItemForTranslation ItemName="Extract_Tables_To_Excel" ItemTranslation="Extract tables to Excel (Office XP or higher)"/>
		<ItemForTranslation ItemName="TableNotFound" ItemTranslation="Inga tabeller hittade..."/>
		<ItemForTranslation ItemName="NoTablesToExtract" ItemTranslation="Inga tabeller."/>
		<ItemForTranslation ItemName="NoTablesToExtractDesc" ItemTranslation="Filen lämnad: inga tabeller att extrahera har hittats."/>
		<!-- WordML export filter -->
		<ItemForTranslation ItemName="WordML_Files_Filter" ItemTranslation="Microsoft Word XML fitler (*.xml)"/>
		<ItemForTranslation ItemName="Save_As_WordML" ItemTranslation="Spara som Microsoft Word XML"/>
		<!-- Solid PDF Creator -->
		<ItemForTranslation ItemName="ToolTips801" ItemTranslation="Alternativ"/>
		<ItemForTranslation ItemName="ToolTips802" ItemTranslation="Hjälp"/>
		<ItemForTranslation ItemName="ToolTips803" ItemTranslation="Lämna"/>
		<ItemForTranslation ItemName="ToolTips800" ItemTranslation="Skapa PDF-fil"/>
		<!--*** String To Translate ***--><ItemForTranslation ItemName="_Splash_1" ItemTranslation="Purchase your copy of {applicationname} now and receive..."/>
		<!--*** String To Translate ***--><ItemForTranslation ItemName="_Splash_2" ItemTranslation="- First-class customer support"/>
		<!--*** String To Translate ***--><ItemForTranslation ItemName="_Splash_3" ItemTranslation="- Service releases and upgrades"/>
		<!--*** String To Translate ***--><ItemForTranslation ItemName="_Splash_4" ItemTranslation="- Special offers and discounts"/>
		<!--*** String To Translate ***--><ItemForTranslation ItemName="_Splash_5" ItemTranslation="Click"/>
		<!--*** String To Translate ***--><ItemForTranslation ItemName="_Splash_6" ItemTranslation="Purchase"/>
		<!--*** String To Translate ***--><ItemForTranslation ItemName="_Splash_7" ItemTranslation="to register {applicationname} today!"/>
		<!--*** String To Translate ***--><ItemForTranslation ItemName="_PROMPT_INFO" ItemTranslation="Prompt for document information"/>
		<!--*** String To Translate ***--><ItemForTranslation ItemName="_ENTER_UNLOCK" ItemTranslation="Enter Unlock Code"/>
		<!--*** String To Translate ***--><ItemForTranslation ItemName="_Title" ItemTranslation="Title:"/>
		<!--*** String To Translate ***--><ItemForTranslation ItemName="_Subject" ItemTranslation="Subject:"/>
		<!--*** String To Translate ***--><ItemForTranslation ItemName="_Author" ItemTranslation="Author:"/>
		<!--*** String To Translate ***--><ItemForTranslation ItemName="_Keywords" ItemTranslation="Keywords:"/>
		<!--*** String To Translate ***--><ItemForTranslation ItemName="Default_Document_information" ItemTranslation="Default document information"/>
		<!--*** String To Translate ***--><ItemForTranslation ItemName="_Override" ItemTranslation="Override"/>
		<!--*** String To Translate ***--><ItemForTranslation ItemName="_Skip" ItemTranslation="Skip"/>
		<!--*** String To Translate ***--><ItemForTranslation ItemName="_Append" ItemTranslation="Append"/>
		<!--*** String To Translate ***--><ItemForTranslation ItemName="AskIfExist" ItemTranslation="If file already exist do"/>
		<!--*** String To Translate ***--><ItemForTranslation ItemName="Color_Images" ItemTranslation="Color Images"/>
		<!--*** String To Translate ***--><ItemForTranslation ItemName="Color_Images_to_Grayscale" ItemTranslation="Convert color images to grayscale"/>
		<!--*** String To Translate ***--><ItemForTranslation ItemName="CImages_Downsample" ItemTranslation="Downsample (DPI):"/>
		<!--*** String To Translate ***--><ItemForTranslation ItemName="GImages_Downsample" ItemTranslation="Downsample (DPI):"/>
		<!--*** String To Translate ***--><ItemForTranslation ItemName="MImages_Downsample" ItemTranslation="Downsample (DPI):"/>
		<!--*** String To Translate ***--><ItemForTranslation ItemName="Use_Original_DPI" ItemTranslation="Keep original DPI"/>
		<!--*** String To Translate ***--><ItemForTranslation ItemName="CImages_Compression" ItemTranslation="Compression:"/>
		<!--*** String To Translate ***--><ItemForTranslation ItemName="GImages_Compression" ItemTranslation="Compression:"/>
		<!--*** String To Translate ***--><ItemForTranslation ItemName="MImages_Compression" ItemTranslation="Compression:"/>
		<!--*** String To Translate ***--><ItemForTranslation ItemName="CImages_Quality" ItemTranslation="Image Quality:"/>
		<!--*** String To Translate ***--><ItemForTranslation ItemName="GImages_Quality" ItemTranslation="Image Quality:"/>
		<!--*** String To Translate ***--><ItemForTranslation ItemName="Grayscale_Images" ItemTranslation="Grayscale Images"/>
		<!--*** String To Translate ***--><ItemForTranslation ItemName="Grayscale_Images_to_Monochrome" ItemTranslation="Convert grayscale images to monochrome"/>
		<!--*** String To Translate ***--><ItemForTranslation ItemName="Monochrome_Images" ItemTranslation="Monochrome Images"/>
		<!--*** String To Translate ***--><ItemForTranslation ItemName="Descr_None" ItemTranslation="No image compression, no image resampling, embedded fonts."/>
		<!--*** String To Translate ***--><ItemForTranslation ItemName="Descr_Web" ItemTranslation="Ideal for screen display. (Lossy compression, image resampling, no embedded fonts.)"/>
		<!--*** String To Translate ***--><ItemForTranslation ItemName="Descr_Draftquality" ItemTranslation="Ideal for drafts or low-resolution print jobs. (No resampling, lossy compression, no embedded fonts.)"/>
		<!--*** String To Translate ***--><ItemForTranslation ItemName="Descr_Professional" ItemTranslation="Ideal for high-quality print jobs. (No resampling, lossless compression, all fonts embedded.)"/>
		<!--*** String To Translate ***--><ItemForTranslation ItemName="Descr_Custom2" ItemTranslation="Select your own optimization settings."/>
		<!--*** String To Translate ***--><ItemForTranslation ItemName="_Web" ItemTranslation="Web"/>
		<!--*** String To Translate ***--><ItemForTranslation ItemName="_Draftquality" ItemTranslation="Draft quality"/>
		<!--*** String To Translate ***--><ItemForTranslation ItemName="_Professional" ItemTranslation="Professional quality"/>
		<!--*** String To Translate ***--><ItemForTranslation ItemName="_Settings" ItemTranslation="Settings"/>
		<!--*** String To Translate ***--><ItemForTranslation ItemName="Main_PDF_Advanced_Description" ItemTranslation="Select the optimization method that suits your requirements."/>
		<!--*** String To Translate ***--><ItemForTranslation ItemName="_Grayscale" ItemTranslation="Grayscale"/>
		<!--*** String To Translate ***--><ItemForTranslation ItemName="Close_Progress" ItemTranslation="Close progress window when finished"/>
		<ItemForTranslation ItemName="Font_List" ItemTranslation="Teckenlista"/>
		<!--*** String To Translate ***--><ItemForTranslation ItemName="_space" ItemTranslation=" {n}"/>
		<!--*** String To Translate ***--><ItemForTranslation ItemName="Never_Font" ItemTranslation="Embed none"/>
		<!--*** String To Translate ***--><ItemForTranslation ItemName="Never_Font_List" ItemTranslation="Never Embed"/>
		<!--*** String To Translate ***--><ItemForTranslation ItemName="Embed_Font" ItemTranslation="Embed all"/>
		<!--*** String To Translate ***--><ItemForTranslation ItemName="Always_Font_List" ItemTranslation="Always Embed"/>
		<!--*** String To Translate ***--><ItemForTranslation ItemName="Add_Font" ItemTranslation="Add &gt;"/>
		<!--*** String To Translate ***--><ItemForTranslation ItemName="Remove_Font" ItemTranslation="&lt; Remove"/>
		<!--*** String To Translate ***--><ItemForTranslation ItemName="_Subset" ItemTranslation="Subset embedded fonts when less than"/>
		<!--*** String To Translate ***--><ItemForTranslation ItemName="Characters_Persents" ItemTranslation="% of characters used"/>
		<!--*** String To Translate ***--><ItemForTranslation ItemName="Embed_Fail" ItemTranslation="If embedding fails:"/>
		<ItemForTranslation ItemName="PDF_Setup" ItemTranslation="PDF installation"/>
		<ItemForTranslation ItemName="_Advanced" ItemTranslation="Kompression"/>
		<!-- ENCRYPTION PDF DIALOAG -->
		<ItemForTranslation ItemName="Encrypt_Level_Static" ItemTranslation="Krypteringsnivå:"/>
		<ItemForTranslation ItemName="128bit" ItemTranslation="Hög (128-bitar RC4) - Acrobat 5.0 och senare"/>
		<ItemForTranslation ItemName="40bit" ItemTranslation="Låg (40-bitar RC4) - Acrobat 3.0 och senare"/>
		<ItemForTranslation ItemName="_Prompt" ItemTranslation="Uppmaning"/>
		<ItemForTranslation ItemName="OpenPasswordsMustMatch" ItemTranslation="Bekräftelse av användarlösenord stämmer inte."/>
		<ItemForTranslation ItemName="OpenPasswordMustBePresent" ItemTranslation="Alternativet 'Behöver användarlösenord för att öppna dokumentet' har valts, men fältet för 'Användarlösenord' är tomt. Avbryt detta alternativ eller mata in ett lösenord."/>
		<ItemForTranslation ItemName="PermissionPasswordsMustMatch" ItemTranslation="Bekräftelse av innehavarlösenord stämmer inte."/>
		<ItemForTranslation ItemName="PermissionPasswordMustBePresent" ItemTranslation="Alternativet 'Använd innehavarlösenord för att inskränka utskrift, redigering och extrahering' har valts, men fältet 'Innehavarlösenord' är tomt. Avbryt detta alternativ eller mata in ett lösenord."/>
		<ItemForTranslation ItemName="PasswordMustBePresent" ItemTranslation="För att tillämpa säkerhetsinställningar, ställ antingen in ett Användarlösenord eller ett Innehavarlösenord."/>
		<ItemForTranslation ItemName="PasswordsMustBeDiffered" ItemTranslation="Användarlösenord och Innehavarlösenord får inte vara identiska."/>
		<!--    PDF OPTIONS -->
		<ItemForTranslation ItemName="_Encryption" ItemTranslation="Säkerhet"/>
		<ItemForTranslation ItemName="Pdf_Encrypt_Dialog" ItemTranslation="Säkerhet"/>
		<ItemForTranslation ItemName="_Save" ItemTranslation="Spara"/>
		<ItemForTranslation ItemName="_PDFSavePageDlg" ItemTranslation="Spara"/>
		<ItemForTranslation ItemName="_High" ItemTranslation="Hög"/>
		<ItemForTranslation ItemName="_Medium" ItemTranslation="Medelhög"/>
		<ItemForTranslation ItemName="_Low" ItemTranslation="Låg"/>
		<ItemForTranslation ItemName="The_Lowest" ItemTranslation="Lägst"/>
		<ItemForTranslation ItemName="_Custom" ItemTranslation="Vanlig"/>
		<ItemForTranslation ItemName="Ask_Fname" ItemTranslation="Fråga efter målfilnamn"/>
		<ItemForTranslation ItemName="Predefine_Fname" ItemTranslation="Använd redan definierat målfilnamn"/>
		<ItemForTranslation ItemName="_Path" ItemTranslation="Målmapp:"/>
		<ItemForTranslation ItemName="_Browse" ItemTranslation="Bläddra"/>
		<ItemForTranslation ItemName="File_Name" ItemTranslation="Filnamn:"/>
		<ItemForTranslation ItemName="_Macro" ItemTranslation="Ändra"/>
		<ItemForTranslation ItemName="_Example" ItemTranslation="Exempel:"/>
		<ItemForTranslation ItemName="Append_Pages_to_Existing_File" ItemTranslation="Bifoga sidor till existerande fil"/>
		<ItemForTranslation ItemName="Document_Name" ItemTranslation="Namn på källdokument"/>
		<ItemForTranslation ItemName="_Date" ItemTranslation="Aktuellt datum"/>
		<ItemForTranslation ItemName="_Time" ItemTranslation="Aktuell tid"/>
		<ItemForTranslation ItemName="_Invalid_Target_Folder" ItemTranslation="Ogiltig målmapp"/>
		<ItemForTranslation ItemName="Source_Document_Name" ItemTranslation="Namn på källdokument"/>
		<ItemForTranslation ItemName="Current_Date" ItemTranslation="Aktuellt datum"/>
		<ItemForTranslation ItemName="Current_Time" ItemTranslation="Aktuell tid"/>
		<ItemForTranslation ItemName="_PDFImagesDlg" ItemTranslation="Bildalternativ för PDF-format"/>
		<ItemForTranslation ItemName="Use_original" ItemTranslation="Använd original DPI"/>
		<ItemForTranslation ItemName="_DPI" ItemTranslation="Använd DPI:"/>
		<ItemForTranslation ItemName="_Monochrome" ItemTranslation="Konvertera färgbilder (större) till svartvita bilder (mindre)"/>
		<ItemForTranslation ItemName="Use_Compression_Encode" ItemTranslation="Använd kompression:"/>
		<ItemForTranslation ItemName="_None" ItemTranslation="Ingen"/>
		<ItemForTranslation ItemName="_ASCIIHexEncode" ItemTranslation="ASCII Hex kodning"/>
		<ItemForTranslation ItemName="_LZWEncode" ItemTranslation="LZW kodning"/>
		<ItemForTranslation ItemName="_FlateEncode" ItemTranslation="Platt kodning"/>
		<ItemForTranslation ItemName="_ASCII85Encode" ItemTranslation="ASCII 85 kodning"/>
		<ItemForTranslation ItemName="_RunLengthEncode" ItemTranslation="Runlängd kodning"/>
		<ItemForTranslation ItemName="_CCITTFaxEncode" ItemTranslation="CCITT Fax kodning"/>
		<ItemForTranslation ItemName="_JBIG2Encode" ItemTranslation="JBIG2 kodning"/>
		<ItemForTranslation ItemName="_DCTEncode" ItemTranslation="DCT kodning"/>
		<ItemForTranslation ItemName="_J2KEncode" ItemTranslation="J2K kodning"/>
		<ItemForTranslation ItemName="_PDFFontsDlg" ItemTranslation="Teckenalternativ för PDF-format"/>
		<ItemForTranslation ItemName="Font_Embedding" ItemTranslation="Använd teckeninbäddning"/>
		<ItemForTranslation ItemName="_Never" ItemTranslation="Bädda aldrig in tecken"/>
		<ItemForTranslation ItemName="_SubSet" ItemTranslation="Spara tecken subset"/>
		<ItemForTranslation ItemName="_All" ItemTranslation="Alla"/>
		<ItemForTranslation ItemName="Never_Embed_Fonts" ItemTranslation="Bädda aldrig in tecken"/>
		<ItemForTranslation ItemName="_CMap" ItemTranslation="Cmap"/>
		<ItemForTranslation ItemName="Compression_Select" ItemTranslation="Detaljnivå:"/>
		<ItemForTranslation ItemName="Compression_Description" ItemTranslation="Beskrivning detaljnivå"/>
		<ItemForTranslation ItemName="_Fonts" ItemTranslation="Teckenalternativ"/>
		<ItemForTranslation ItemName="_Images" ItemTranslation="Bildalternativ"/>
		<ItemForTranslation ItemName="Descr_High" ItemTranslation="Bibehåller färgmodell och kompression (DPI) av originalbilden."/>
		<ItemForTranslation ItemName="Descr_Medium" ItemTranslation="Bibehåller färgmodell för bilder. DPI bildminskning"/>
		<ItemForTranslation ItemName="Descr_Low" ItemTranslation="Använder en svartvit färgmodell, men bibehåller kompressionen (DPI) av originalbilden."/>
		<ItemForTranslation ItemName="Descr_TheLowest" ItemTranslation="Svartvit färgmodell för bilder. DPI bildminskning"/>
		<ItemForTranslation ItemName="Descr_Custom" ItemTranslation="Klicka på knappen nedan för at välja bildalternativ."/>
		<ItemForTranslation ItemName="_KeepOpen" ItemTranslation="Behåll öppen"/>
		<ItemForTranslation ItemName="_Details" ItemTranslation="Behåll öppen"/>
		<!--*** String To Translate ***--><ItemForTranslation ItemName="_PROMPT_FOR_PASSWORD" ItemTranslation="Prompt for password and security settings"/>
		<!--*** String To Translate ***--><ItemForTranslation ItemName="_OPEN_PDF_FILE" ItemTranslation="Open converted file"/>
		<!--*** String To Translate ***--><ItemForTranslation ItemName="PrintNotAvailable" ItemTranslation="This functionality is available only in professional version"/>
		<!--*** String To Translate ***--><ItemForTranslation ItemName="TrialNotFullConvertionDescription" ItemTranslation="Thank you for trying Solid Converter PDF. The trial version of this product only converts 10% of your document, with a 10 page maximum."/>
		<!--*** String To Translate ***--><ItemForTranslation ItemName="font_cannot_be_embedded" ItemTranslation="font cannot be embedded"/>
		<!--*** String To Translate ***--><ItemForTranslation ItemName="font_will_be_embedded" ItemTranslation="font will be embedded"/>
		<!--*** String To Translate ***--><ItemForTranslation ItemName="font_as_rasters" ItemTranslation="font cannot be created{n}All glyphs will be representd as rasters"/>
		<!--*** String To Translate ***--><ItemForTranslation ItemName="font_conversion_error" ItemTranslation="font cannot be created{n}Job is canceled"/>
		<!--*** String To Translate ***--><ItemForTranslation ItemName="Warn_and_continue" ItemTranslation="Warn and continue"/>
		<!--*** String To Translate ***--><ItemForTranslation ItemName="_Ignore" ItemTranslation="Ignore"/>
		<!--*** String To Translate ***--><ItemForTranslation ItemName="Cancel_job" ItemTranslation="Cancel job"/>
		<!--*** String To Translate ***--><ItemForTranslation ItemName="_Folder" ItemTranslation="Folder"/>
		<!--*** String To Translate ***--><ItemForTranslation ItemName="Font_Lists" ItemTranslation="Font Lists"/>
		<!--*** String To Translate ***--><ItemForTranslation ItemName="NoImagesToExtract" ItemTranslation="Image not found"/>
		<!--*** String To Translate ***--><ItemForTranslation ItemName="NoImagesToExtractDesc" ItemTranslation="File skipped: no image were found to extract"/>
		<!--*** String To Translate ***--><ItemForTranslation ItemName="_CREATE_SUCCESS" ItemTranslation="File conversion successful."/>
		<!--*** String To Translate ***--><ItemForTranslation ItemName="_Creating_PDF..." ItemTranslation="Creating PDF..."/>
		<!--*** String To Translate ***--><ItemForTranslation ItemName="AllowCopyingLong" ItemTranslation="Allow copying and extraction of contents"/>
		<!--*** String To Translate ***--><ItemForTranslation ItemName="Encryption_Level" ItemTranslation="Encryption Level"/>
		<!--*** String To Translate ***--><ItemForTranslation ItemName="User_Options" ItemTranslation="User Options"/>
		<!--*** String To Translate ***--><ItemForTranslation ItemName="Owner_Options" ItemTranslation="Owner Options"/>
		<ItemForTranslation ItemName="_PDFAdvancedPageDlg" ItemTranslation="Kompression"/>
		<!--*** String To Translate ***--><ItemForTranslation ItemName="_Recent_Folder" ItemTranslation="Recent Folder"/>
	<!--*** Replace Images Dialog Strings ***-->
        <!--*** String To Translate ***--><ItemForTranslation ItemName="CompleteReplaceFolder"		ItemTranslation="Completely replace folder content?"/>
	<!--*** String To Translate ***--><ItemForTranslation ItemName="UseAnotherFolder"		ItemTranslation="Create or select another folder?"/>
	<!--*** String To Translate ***--><ItemForTranslation ItemName="OverrideFolder" 		ItemTranslation="Override existing images with the same name and add new images to the folder?"/>
	<!--*** String To Translate ***--><ItemForTranslation ItemName="ReplaceImageOnExtraction"	ItemTranslation="The folder {1} already exists.{n}Do you want to: "/>

	<!--*** String To Translate ***--><ItemForTranslation ItemName="ConversionOptions"	ItemTranslation="Conversion Settings"/>

	<!--*** String To Translate ***--><ItemForTranslation ItemName="_Form_Name" 				ItemTranslation="Form Name"/>
	<!--*** String To Translate ***--><ItemForTranslation ItemName="_Width_x_Height" 			ItemTranslation="Width x Height"/>
	<!--*** String To Translate ***--><ItemForTranslation ItemName="_Units" 					ItemTranslation="Units"/>
		<!--*** String To Translate ***--><ItemForTranslation ItemName="_mm" 						ItemTranslation="mm"/>
		<!--*** String To Translate ***--><ItemForTranslation ItemName="_Invalid_Form_name" 		ItemTranslation="Invalid Form name"/>
		<!--*** String To Translate ***--><ItemForTranslation ItemName="_Already_exists" 			ItemTranslation="The form already exists"/>
	<!--*** String To Translate ***--><ItemForTranslation ItemName="Automatic_Enc" 			ItemTranslation="Automatic"/>
	<!--*** String To Translate ***--><ItemForTranslation ItemName="CCITTFaxEncode_Group3"		ItemTranslation="CCITTFaxEncode, Group 3"/>
	<!--*** String To Translate ***--><ItemForTranslation ItemName="CCITTFaxEncode_Group4" 		ItemTranslation="CCITTFaxEncode, Group 4"/>

	<!--*** String To Translate ***--><ItemForTranslation ItemName="_Add"             ItemTranslation="Add"/>
	<!--*** String To Translate ***--><ItemForTranslation ItemName="_Edit"            ItemTranslation="Edit"/>
	<!--*** String To Translate ***--><ItemForTranslation ItemName="_Remove"          ItemTranslation="Remove"/>
	<!--*** String To Translate ***--><ItemForTranslation ItemName="Page_Orientation" ItemTranslation="Orientation:"/>
	<!--*** String To Translate ***--><ItemForTranslation ItemName="Custom_Forms"     ItemTranslation="Custom Forms"/>
	<!--*** String To Translate ***--><ItemForTranslation ItemName="_Portrait"        ItemTranslation="Portrait"/>
	<!--*** String To Translate ***--><ItemForTranslation ItemName="_Landscape"       ItemTranslation="Landscape"/>



	<!--*** String To Translate ***--><ItemForTranslation ItemName="sp__10x11" ItemTranslation="10x11"/>
	<!--*** String To Translate ***--><ItemForTranslation ItemName="sp__10x14" ItemTranslation="10x14"/>
	<!--*** String To Translate ***--><ItemForTranslation ItemName="sp__11 x 17" ItemTranslation="11 x 17"/>
	<!--*** String To Translate ***--><ItemForTranslation ItemName="sp__12x11" ItemTranslation="12x11"/>
	<!--*** String To Translate ***--><ItemForTranslation ItemName="sp__15x11" ItemTranslation="15x11"/>
	<!--*** String To Translate ***--><ItemForTranslation ItemName="sp__6 3/4 Envelope" ItemTranslation="6 3/4 Envelope"/>
	<!--*** String To Translate ***--><ItemForTranslation ItemName="sp__92 x 92" ItemTranslation="92 x 92"/>
	<!--*** String To Translate ***--><ItemForTranslation ItemName="sp__9x11" ItemTranslation="9x11"/>
	<!--*** String To Translate ***--><ItemForTranslation ItemName="sp__A0" ItemTranslation="A0"/>
	<!--*** String To Translate ***--><ItemForTranslation ItemName="sp__A1" ItemTranslation="A1"/>
	<!--*** String To Translate ***--><ItemForTranslation ItemName="sp__A2" ItemTranslation="A2"/>
	<!--*** String To Translate ***--><ItemForTranslation ItemName="sp__A3" ItemTranslation="A3"/>
	<!--*** String To Translate ***--><ItemForTranslation ItemName="sp__A3 Extra" ItemTranslation="A3 Extra"/>
	<!--*** String To Translate ***--><ItemForTranslation ItemName="sp__A3 Rotated" ItemTranslation="A3 Rotated"/>
	<!--*** String To Translate ***--><ItemForTranslation ItemName="sp__A4" ItemTranslation="A4"/>
	<!--*** String To Translate ***--><ItemForTranslation ItemName="sp__A4 Extra" ItemTranslation="A4 Extra"/>
	<!--*** String To Translate ***--><ItemForTranslation ItemName="sp__A4 Plus" ItemTranslation="A4 Plus"/>
	<!--*** String To Translate ***--><ItemForTranslation ItemName="sp__A4 Rotated" ItemTranslation="A4 Rotated"/>
	<!--*** String To Translate ***--><ItemForTranslation ItemName="sp__A5" ItemTranslation="A5"/>
	<!--*** String To Translate ***--><ItemForTranslation ItemName="sp__A5 Extra" ItemTranslation="A5 Extra"/>
	<!--*** String To Translate ***--><ItemForTranslation ItemName="sp__A5 Rotated" ItemTranslation="A5 Rotated"/>
	<!--*** String To Translate ***--><ItemForTranslation ItemName="sp__A6" ItemTranslation="A6"/>
	<!--*** String To Translate ***--><ItemForTranslation ItemName="sp__A6 Rotated" ItemTranslation="A6 Rotated"/>
	<!--*** String To Translate ***--><ItemForTranslation ItemName="sp__ANSI C" ItemTranslation="ANSI C"/>
	<!--*** String To Translate ***--><ItemForTranslation ItemName="sp__ANSI D" ItemTranslation="ANSI D"/>
	<!--*** String To Translate ***--><ItemForTranslation ItemName="sp__ANSI E" ItemTranslation="ANSI E"/>
	<!--*** String To Translate ***--><ItemForTranslation ItemName="sp__ANSI F" ItemTranslation="ANSI F"/>
	<!--*** String To Translate ***--><ItemForTranslation ItemName="sp__ARCH A" ItemTranslation="ARCH A"/>
	<!--*** String To Translate ***--><ItemForTranslation ItemName="sp__ARCH B" ItemTranslation="ARCH B"/>
	<!--*** String To Translate ***--><ItemForTranslation ItemName="sp__ARCH C" ItemTranslation="ARCH C"/>
	<!--*** String To Translate ***--><ItemForTranslation ItemName="sp__ARCH D" ItemTranslation="ARCH D"/>
	<!--*** String To Translate ***--><ItemForTranslation ItemName="sp__ARCH E" ItemTranslation="ARCH E"/>
	<!--*** String To Translate ***--><ItemForTranslation ItemName="sp__ARCH E1" ItemTranslation="ARCH E1"/>
	<!--*** String To Translate ***--><ItemForTranslation ItemName="sp__ARCH E2" ItemTranslation="ARCH E2"/>
	<!--*** String To Translate ***--><ItemForTranslation ItemName="sp__ARCH E3" ItemTranslation="ARCH E3"/>
	<!--*** String To Translate ***--><ItemForTranslation ItemName="sp__B4 (ISO)" ItemTranslation="B4 (ISO)"/>
	<!--*** String To Translate ***--><ItemForTranslation ItemName="sp__B4 (JIS)" ItemTranslation="B4 (JIS)"/>
	<!--*** String To Translate ***--><ItemForTranslation ItemName="sp__B4 (JIS) Rotated" ItemTranslation="B4 (JIS) Rotated"/>
	<!--*** String To Translate ***--><ItemForTranslation ItemName="sp__B5 (ISO) Extra" ItemTranslation="B5 (ISO) Extra"/>
	<!--*** String To Translate ***--><ItemForTranslation ItemName="sp__B5 (JIS)" ItemTranslation="B5 (JIS)"/>
	<!--*** String To Translate ***--><ItemForTranslation ItemName="sp__B5 (JIS) Rotated" ItemTranslation="B5 (JIS) Rotated"/>
	<!--*** String To Translate ***--><ItemForTranslation ItemName="sp__B6 (JIS)" ItemTranslation="B6 (JIS)"/>
	<!--*** String To Translate ***--><ItemForTranslation ItemName="sp__B6 (JIS) Rotated" ItemTranslation="B6 (JIS) Rotated"/>
	<!--*** String To Translate ***--><ItemForTranslation ItemName="sp__C5" ItemTranslation="C5"/>
	<!--*** String To Translate ***--><ItemForTranslation ItemName="sp__Double Japan Postcard Rotated" ItemTranslation="Double Japan Postcard Rotated"/>
	<!--*** String To Translate ***--><ItemForTranslation ItemName="sp__Envelope" ItemTranslation="Envelope"/>
	<!--*** String To Translate ***--><ItemForTranslation ItemName="sp__Envelope #10" ItemTranslation="Envelope #10"/>
	<!--*** String To Translate ***--><ItemForTranslation ItemName="sp__Envelope #11" ItemTranslation="Envelope #11"/>
	<!--*** String To Translate ***--><ItemForTranslation ItemName="sp__Envelope #12" ItemTranslation="Envelope #12"/>
	<!--*** String To Translate ***--><ItemForTranslation ItemName="sp__Envelope #14" ItemTranslation="Envelope #14"/>
	<!--*** String To Translate ***--><ItemForTranslation ItemName="sp__Envelope #9" ItemTranslation="Envelope #9"/>
	<!--*** String To Translate ***--><ItemForTranslation ItemName="sp__Envelope B5" ItemTranslation="Envelope B5"/>
	<!--*** String To Translate ***--><ItemForTranslation ItemName="sp__Envelope B6" ItemTranslation="Envelope B6"/>
	<!--*** String To Translate ***--><ItemForTranslation ItemName="sp__Envelope C3" ItemTranslation="Envelope C3"/>
	<!--*** String To Translate ***--><ItemForTranslation ItemName="sp__Envelope C4" ItemTranslation="Envelope C4"/>
	<!--*** String To Translate ***--><ItemForTranslation ItemName="sp__Envelope C5" ItemTranslation="Envelope C5"/>
	<!--*** String To Translate ***--><ItemForTranslation ItemName="sp__Envelope C6" ItemTranslation="Envelope C6"/>
	<!--*** String To Translate ***--><ItemForTranslation ItemName="sp__Envelope C65" ItemTranslation="Envelope C65"/>
	<!--*** String To Translate ***--><ItemForTranslation ItemName="sp__Envelope DL" ItemTranslation="Envelope DL"/>
	<!--*** String To Translate ***--><ItemForTranslation ItemName="sp__Envelope Invite" ItemTranslation="Envelope Invite"/>
	<!--*** String To Translate ***--><ItemForTranslation ItemName="sp__Envelope Monarch" ItemTranslation="Envelope Monarch"/>
	<!--*** String To Translate ***--><ItemForTranslation ItemName="sp__Executive" ItemTranslation="Executive"/>
	<!--*** String To Translate ***--><ItemForTranslation ItemName="sp__Folio" ItemTranslation="Folio"/>
	<!--*** String To Translate ***--><ItemForTranslation ItemName="sp__German Std Fanfold" ItemTranslation="German Std Fanfold"/>
	<!--*** String To Translate ***--><ItemForTranslation ItemName="sp__ISO A1 594 x 841 mm" ItemTranslation="ISO A1 594 x 841 mm"/>
	<!--*** String To Translate ***--><ItemForTranslation ItemName="sp__ISO B1" ItemTranslation="ISO B1"/>
	<!--*** String To Translate ***--><ItemForTranslation ItemName="sp__ISO B2" ItemTranslation="ISO B2"/>
	<!--*** String To Translate ***--><ItemForTranslation ItemName="sp__ISO B4" ItemTranslation="ISO B4"/>
	<!--*** String To Translate ***--><ItemForTranslation ItemName="sp__ISO B5" ItemTranslation="ISO B5"/>
	<!--*** String To Translate ***--><ItemForTranslation ItemName="sp__Japan Envelope Chou #3 Rotated" ItemTranslation="Japan Envelope Chou #3 Rotated"/>
	<!--*** String To Translate ***--><ItemForTranslation ItemName="sp__Japan Envelope Chou #4 Rotated" ItemTranslation="Japan Envelope Chou #4 Rotated"/>
	<!--*** String To Translate ***--><ItemForTranslation ItemName="sp__Japan Envelope Kaku #2 Rotated" ItemTranslation="Japan Envelope Kaku #2 Rotated"/>
	<!--*** String To Translate ***--><ItemForTranslation ItemName="sp__Japan Envelope Kaku #3 Rotated" ItemTranslation="Japan Envelope Kaku #3 Rotated"/>
	<!--*** String To Translate ***--><ItemForTranslation ItemName="sp__Japan Envelope You #4" ItemTranslation="Japan Envelope You #4"/>
	<!--*** String To Translate ***--><ItemForTranslation ItemName="sp__Japan Envelope You #4 Rotated" ItemTranslation="Japan Envelope You #4 Rotated"/>
	<!--*** String To Translate ***--><ItemForTranslation ItemName="sp__Japanese Double Postcard" ItemTranslation="Japanese Double Postcard"/>
	<!--*** String To Translate ***--><ItemForTranslation ItemName="sp__Japanese Envelope Chou #3" ItemTranslation="Japanese Envelope Chou #3"/>
	<!--*** String To Translate ***--><ItemForTranslation ItemName="sp__Japanese Envelope Chou #4" ItemTranslation="Japanese Envelope Chou #4"/>
	<!--*** String To Translate ***--><ItemForTranslation ItemName="sp__Japanese Envelope Kaku #2" ItemTranslation="Japanese Envelope Kaku #2"/>
	<!--*** String To Translate ***--><ItemForTranslation ItemName="sp__Japanese Envelope Kaku #3" ItemTranslation="Japanese Envelope Kaku #3"/>
	<!--*** String To Translate ***--><ItemForTranslation ItemName="sp__Japanese Postcard" ItemTranslation="Japanese Postcard"/>
	<!--*** String To Translate ***--><ItemForTranslation ItemName="sp__Japanese Postcard Rotated" ItemTranslation="Japanese Postcard Rotated"/>
	<!--*** String To Translate ***--><ItemForTranslation ItemName="sp__JIS B0" ItemTranslation="JIS B0"/>
	<!--*** String To Translate ***--><ItemForTranslation ItemName="sp__JIS B1" ItemTranslation="JIS B1"/>
	<!--*** String To Translate ***--><ItemForTranslation ItemName="sp__JIS B2" ItemTranslation="JIS B2"/>
	<!--*** String To Translate ***--><ItemForTranslation ItemName="sp__JIS B3" ItemTranslation="JIS B3"/>
	<!--*** String To Translate ***--><ItemForTranslation ItemName="sp__JIS B4" ItemTranslation="JIS B4"/>
	<!--*** String To Translate ***--><ItemForTranslation ItemName="sp__Ledger" ItemTranslation="Ledger"/>
	<!--*** String To Translate ***--><ItemForTranslation ItemName="sp__Legal" ItemTranslation="Legal"/>
	<!--*** String To Translate ***--><ItemForTranslation ItemName="sp__Legal Extra" ItemTranslation="Legal Extra"/>
	<!--*** String To Translate ***--><ItemForTranslation ItemName="sp__Letter" ItemTranslation="Letter"/>
	<!--*** String To Translate ***--><ItemForTranslation ItemName="sp__Letter Extra" ItemTranslation="Letter Extra"/>
	<!--*** String To Translate ***--><ItemForTranslation ItemName="sp__Letter Plus" ItemTranslation="Letter Plus"/>
	<!--*** String To Translate ***--><ItemForTranslation ItemName="sp__Letter Rotated" ItemTranslation="Letter Rotated"/>
	<!--*** String To Translate ***--><ItemForTranslation ItemName="sp__Oversize A0" ItemTranslation="Oversize A0"/>
	<!--*** String To Translate ***--><ItemForTranslation ItemName="sp__Oversize A1" ItemTranslation="Oversize A1"/>
	<!--*** String To Translate ***--><ItemForTranslation ItemName="sp__Oversize A2" ItemTranslation="Oversize A2"/>
	<!--*** String To Translate ***--><ItemForTranslation ItemName="sp__PRC 16K" ItemTranslation="PRC 16K"/>
	<!--*** String To Translate ***--><ItemForTranslation ItemName="sp__PRC 16K Rotated" ItemTranslation="PRC 16K Rotated"/>
	<!--*** String To Translate ***--><ItemForTranslation ItemName="sp__PRC 32K" ItemTranslation="PRC 32K"/>
	<!--*** String To Translate ***--><ItemForTranslation ItemName="sp__PRC 32K Rotated" ItemTranslation="PRC 32K Rotated"/>
	<!--*** String To Translate ***--><ItemForTranslation ItemName="sp__PRC 32K(Big)" ItemTranslation="PRC 32K(Big)"/>
	<!--*** String To Translate ***--><ItemForTranslation ItemName="sp__PRC 32K(Big) Rotated" ItemTranslation="PRC 32K(Big) Rotated"/>
	<!--*** String To Translate ***--><ItemForTranslation ItemName="sp__PRC Envelope #1" ItemTranslation="PRC Envelope #1"/>
	<!--*** String To Translate ***--><ItemForTranslation ItemName="sp__PRC Envelope #1 Rotated" ItemTranslation="PRC Envelope #1 Rotated"/>
	<!--*** String To Translate ***--><ItemForTranslation ItemName="sp__PRC Envelope #10 Rotated" ItemTranslation="PRC Envelope #10 Rotated"/>
	<!--*** String To Translate ***--><ItemForTranslation ItemName="sp__PRC Envelope #2" ItemTranslation="PRC Envelope #2"/>
	<!--*** String To Translate ***--><ItemForTranslation ItemName="sp__PRC Envelope #2 Rotated" ItemTranslation="PRC Envelope #2 Rotated"/>
	<!--*** String To Translate ***--><ItemForTranslation ItemName="sp__PRC Envelope #3" ItemTranslation="PRC Envelope #3"/>
	<!--*** String To Translate ***--><ItemForTranslation ItemName="sp__PRC Envelope #4" ItemTranslation="PRC Envelope #4"/>
	<!--*** String To Translate ***--><ItemForTranslation ItemName="sp__PRC Envelope #4 Rotated" ItemTranslation="PRC Envelope #4 Rotated"/>
	<!--*** String To Translate ***--><ItemForTranslation ItemName="sp__PRC Envelope #5 Rotated" ItemTranslation="PRC Envelope #5 Rotated"/>
	<!--*** String To Translate ***--><ItemForTranslation ItemName="sp__PRC Envelope #6" ItemTranslation="PRC Envelope #6"/>
	<!--*** String To Translate ***--><ItemForTranslation ItemName="sp__PRC Envelope #6 Rotated" ItemTranslation="PRC Envelope #6 Rotated"/>
	<!--*** String To Translate ***--><ItemForTranslation ItemName="sp__PRC Envelope #7" ItemTranslation="PRC Envelope #7"/>
	<!--*** String To Translate ***--><ItemForTranslation ItemName="sp__PRC Envelope #7 Rotated" ItemTranslation="PRC Envelope #7 Rotated"/>
	<!--*** String To Translate ***--><ItemForTranslation ItemName="sp__PRC Envelope #8" ItemTranslation="PRC Envelope #8"/>
	<!--*** String To Translate ***--><ItemForTranslation ItemName="sp__PRC Envelope #8 Rotated" ItemTranslation="PRC Envelope #8 Rotated"/>
	<!--*** String To Translate ***--><ItemForTranslation ItemName="sp__PRC Envelope #9 Rotated" ItemTranslation="PRC Envelope #9 Rotated"/>
	<!--*** String To Translate ***--><ItemForTranslation ItemName="sp__Quarto" ItemTranslation="Quarto"/>
	<!--*** String To Translate ***--><ItemForTranslation ItemName="sp__Screen" ItemTranslation="Screen"/>
	<!--*** String To Translate ***--><ItemForTranslation ItemName="sp__Statement" ItemTranslation="Statement"/>
	<!--*** String To Translate ***--><ItemForTranslation ItemName="sp__Super A" ItemTranslation="Super A"/>
	<!--*** String To Translate ***--><ItemForTranslation ItemName="sp__Super B" ItemTranslation="Super B"/>
	<!--*** String To Translate ***--><ItemForTranslation ItemName="sp__US Std Fanfold" ItemTranslation="US Std Fanfold"/>

		</LanguageOptions>
</Root>
