<?xml version="1.0" encoding="utf-8"?>
<Root>
	<!--    <LanguageOptions xmlns="x-schema:LanguageSchema.xml" Name="English"> -->
	<LanguageOptions Name="English">
		<!-- Generic -->
		<ItemForTranslation ItemName="OK" ItemTranslation="OK"/>
		<ItemForTranslation ItemName="Cancel" ItemTranslation="Cancel"/>
		<ItemForTranslation ItemName="Yes" ItemTranslation="Ja"/>
		<ItemForTranslation ItemName="Yes to All" ItemTranslation="Ja til alle"/>
		<!-- *** String To Translate ***--><ItemForTranslation ItemName="No_to_All"         ItemTranslation="No to All"/>
		<ItemForTranslation ItemName="No" ItemTranslation="Nej"/>
		<ItemForTranslation ItemName="true" ItemTranslation="sand"/>
		<ItemForTranslation ItemName="false" ItemTranslation="falsk"/>
		<ItemForTranslation ItemName="Next >>" ItemTranslation="Næste >>"/>
		<ItemForTranslation ItemName="&lt;&lt; Previous" ItemTranslation="&lt;&lt; Foregående"/>
		<ItemForTranslation ItemName="Finish" ItemTranslation="Færdig"/>
		<ItemForTranslation ItemName="Close" ItemTranslation="Luk"/>
		<ItemForTranslation ItemName="$applicationname Properties" ItemTranslation="Egenskaber for {applicationname}"/>
		<ItemForTranslation ItemName="Open $applicationname" ItemTranslation="Åbn {applicationname}"/>
		<ItemForTranslation ItemName="Exit" ItemTranslation="Afslut"/>
		<ItemForTranslation ItemName="PrnScr" ItemTranslation="Udskriv 
skærmbillede"/>
		<ItemForTranslation ItemName="None" ItemTranslation="Ingen"/>
		<!-- system info strings used for sending email to customer support -->
		<ItemForTranslation ItemName="Cannot launch your email client." ItemTranslation="Kan ikke starte din e-mail-klient."/>
		<ItemForTranslation ItemName="$applicationname Support Info: " ItemTranslation="{applicationname} supportinfo: "/>
		<ItemForTranslation ItemName="&lt;Enter details of the issue here&gt;" ItemTranslation="&lt;Indtast oplysninger om problemet her&gt;"/>
		<ItemForTranslation ItemName="Product" ItemTranslation="Produkt"/>
		<ItemForTranslation ItemName="Registered User" ItemTranslation="Registreret bruger"/>
		<ItemForTranslation ItemName="Registered Email" ItemTranslation="Registreret e-mail"/>
		<ItemForTranslation ItemName="Registered Org" ItemTranslation="Registreret org."/>
		<ItemForTranslation ItemName="Operating System" ItemTranslation="Operativsystem"/>
		<ItemForTranslation ItemName="System Memory" ItemTranslation="Systemhukommelse"/>
		<ItemForTranslation ItemName="Current Locale" ItemTranslation="Aktuel Locale"/>
		<ItemForTranslation ItemName="Current Resolution" ItemTranslation="Aktuel opløsning"/>
		<ItemForTranslation ItemName="Current Colors" ItemTranslation="Aktuel farvedybde"/>
		<ItemForTranslation ItemName="MDAC Version" ItemTranslation="MDAC-version"/>
		<ItemForTranslation ItemName="My Documents Folder" ItemTranslation="Mappen Mine dokumenter"/>
		<ItemForTranslation ItemName="My Pictures Folder" ItemTranslation="Mappen Mine billeder"/>
		<ItemForTranslation ItemName="User Temp Folder" ItemTranslation="Brugers Temp-mappe"/>
		<ItemForTranslation ItemName="User App Data Folder" ItemTranslation="Brugers programdatamappe"/>
		<ItemForTranslation ItemName="$applicationname Data Folder" ItemTranslation="{applicationname} datamappe"/>
		<ItemForTranslation ItemName="$applicationname Folder" ItemTranslation="{applicationname}-mappe"/>
		<ItemForTranslation ItemName="Microsoft Office" ItemTranslation="Microsoft Office"/>
		<ItemForTranslation ItemName="Adobe Acrobat" ItemTranslation="Adobe Acrobat"/>
		<!-- strings for the CFileEditCtrl browse to folder control -->
		<ItemForTranslation ItemName="All Files (*.*)|*.*||" ItemTranslation="Alle filer (*.*)|*.*||"/>
		<ItemForTranslation ItemName="Browse" ItemTranslation="Gennemse"/>
		<ItemForTranslation ItemName="Browse for file" ItemTranslation="Søg efter fll"/>
		<ItemForTranslation ItemName="Enter an existing file." ItemTranslation="Angiv en eksisterende fil."/>
		<ItemForTranslation ItemName="%s does not exist." ItemTranslation="{1} findes ikke."/>
		<ItemForTranslation ItemName="%s is not a file." ItemTranslation="{1} er ikke en fil."/>
		<ItemForTranslation ItemName="%s is not a folder." ItemTranslation="{1} er ikke en mappe."/>
		<!-- product unlock dialogbox -->
		<ItemForTranslation ItemName="Invalid user name" ItemTranslation="Ugyldigt brugernavn"/>
		<ItemForTranslation ItemName="Invalid email address" ItemTranslation="Ugyldig e-mail-adresse"/>
		<ItemForTranslation ItemName="Unlock $applicationname" ItemTranslation="Oplås {applicationname}"/>
		<ItemForTranslation ItemName="Register $applicationname" ItemTranslation="Registrer {applicationname}"/>
		<ItemForTranslation ItemName="Successfully_Unlocked" ItemTranslation="{applicationname} er korrekt låst op. Tak for dit køb af {applicationname}."/>
		<ItemForTranslation ItemName="Successfully_Registered" ItemTranslation="{applicationname} korrekt registreret. Tak for dit køb af {applicationname}."/>
		<ItemForTranslation ItemName="Invalid unlock code" ItemTranslation="Ugyldig oplåsningskode"/>
		<ItemForTranslation ItemName="Invalid registration code" ItemTranslation="Ugyldig registreringskode"/>
		<ItemForTranslation ItemName="day" ItemTranslation="dag"/>
		<ItemForTranslation ItemName="days" ItemTranslation="dage"/>
		<ItemForTranslation ItemName="Evaluate" ItemTranslation="Evaluer"/>
		<ItemForTranslation ItemName="RunRadio" ItemTranslation="Kør"/>
		<ItemForTranslation ItemName="EvaluateDescr" ItemTranslation="Jeg ønsker at evaluere {applicationname} ({1} {2} resterer til evaluering)"/>
		<ItemForTranslation ItemName="RunUnregisteredDescr" ItemTranslation="Jeg ønsker at fortsætte med at arbejde uregistreret ({1} {2} resterer til registrering)"/>
		<ItemForTranslation ItemName="Unlock" ItemTranslation="Lås op"/>
		<ItemForTranslation ItemName="RegisterRadio" ItemTranslation="Registrer"/>
		<ItemForTranslation ItemName="UnlocklDescr" ItemTranslation="Jeg har allerede en licenskode, og ønsker at låse {applicationname} op"/>
		<ItemForTranslation ItemName="RegisterDescr" ItemTranslation="Jeg har allerede en registreringkode, og ønsker at registrere {applicationname}"/>
		<ItemForTranslation ItemName="Purchase" ItemTranslation="Køb"/>
		<ItemForTranslation ItemName="FetchCodeRadio" ItemTranslation="Hent kode"/>
		<ItemForTranslation ItemName="PurchaseDescr" ItemTranslation="Jeg ønsker at købe en licenskode til {applicationname}"/>
		<ItemForTranslation ItemName="GetRegitrationCodeDescr" ItemTranslation="Jeg ønsker at besøge webstedet for {applicationname} og hente min registreringskode."/>
		<ItemForTranslation ItemName="TrialStatusString" ItemTranslation="Du bruger i øjeblikket en evalueringsversion. Registrer venligst din kopi. "/>
		<ItemForTranslation ItemName="TrialExpiredStatusString" ItemTranslation="Evalueringsperioden er udløbet.  Registrer venligst din kopi."/>
		<ItemForTranslation ItemName="RegistrationStatusString" ItemTranslation="Du har endnu ikke registreret {applicationname} - registerer venligst programmet. "/>
		<ItemForTranslation ItemName="RegistrationExpiredStatusString" ItemTranslation="Registrerings-friperioden er udløbet.  Registrer venligst programmet."/>
		<!-- generic dialogs -->
		<ItemForTranslation ItemName="EMail" ItemTranslation="E-mail"/>
		<ItemForTranslation ItemName="Name" ItemTranslation="Navn"/>
		<ItemForTranslation ItemName="Organization" ItemTranslation="Organisation"/>
		<ItemForTranslation ItemName="Unlock Code" ItemTranslation="Oplåsningskode"/>
		<ItemForTranslation ItemName="Registration_Code" ItemTranslation="Registreringskode"/>
		<ItemForTranslation ItemName="Click here to purchase an unlock code!" ItemTranslation="Klik her for at købe en oplåsningskode!"/>
		<ItemForTranslation ItemName="Click_here_to_fetch_a_registration_code!" ItemTranslation="Klik her for at hente en registreringskode!"/>
		<ItemForTranslation ItemName="About $applicationname" ItemTranslation="Om {applicationname}"/>
		<ItemForTranslation ItemName="$applicationname    Version: $version" ItemTranslation="{applicationnameregistered}    Version: {version}"/>
		<ItemForTranslation ItemName="$applicationname HTML documentation:" ItemTranslation="{applicationname} HTML-dokumentation:"/>
		<ItemForTranslation ItemName="Register your copy of $applicationname" ItemTranslation="Registrer din kopi af {applicationname}"/>
		<ItemForTranslation ItemName="Buy Now" ItemTranslation="Køb nu"/>
		
		<ItemForTranslation ItemName="UpgradeVersionDescr" ItemTranslation="Opgrader med det samme til {applicationname} v2"/> 
		<ItemForTranslation ItemName="UpgrateVersionBtn" ItemTranslation="Opgrader nu"/>
		<ItemForTranslation ItemName="Documentation" ItemTranslation="Dokumentation"/>
		<ItemForTranslation ItemName="System information and email support:" ItemTranslation="Systeminformation og e-mail-support:"/>
		<ItemForTranslation ItemName="Support" ItemTranslation="Support"/>
		<ItemForTranslation ItemName="Acknowledgement of open source efforts:" ItemTranslation="Acknowledgement of open source efforts:"/>
		<ItemForTranslation ItemName="Credits" ItemTranslation="Tak til..."/>
		<ItemForTranslation ItemName="I wish to evaluate $applicationname ({1} 
{2} remaining for evaluation)" ItemTranslation="Jeg ønsker at evaluere {applicationname} ({1} {2} resterer til evaluering)"/>
		<ItemForTranslation ItemName="I already have a license code and would 
like to unlock $applicationname" ItemTranslation="Jeg har allerede en licenskode, 
og ønsker at låse {applicationname} op"/>
		<ItemForTranslation ItemName="I wish to purchase a license code for 
$applicationname" ItemTranslation="Jeg ønsker at købe en licenskode til {applicationname}"/>
		<!-- support dialog -->
		<ItemForTranslation ItemName="Support Info: $applicationname" ItemTranslation="Supportinfo: {applicationname}"/>
		<ItemForTranslation ItemName="SupportDialogStatic" ItemTranslation="Disse informationer er nyttige ved diagnosticering og løsning af problemer i forbindelse med {applicationname}. Klik på knappen [E-mail] for at åbne denne information i din e-mail-klient, så du nemt kan sende den til support, eller klip og sæt ind fra redigeringsvinduet herunder i en e-mail."/>
		<!-- warning dialog -->
		<ItemForTranslation ItemName="WarningDlg_Title" ItemTranslation="{applicationname}-advarsel"/>
		<ItemForTranslation ItemName="dont_show_the_warning_again" ItemTranslation="Vis ikke advarslen igen."/>
		<!-- password dialog -->
		<ItemForTranslation ItemName="Password:" ItemTranslation="Adgangskode:"/>
		<ItemForTranslation ItemName="Repeat_Password:" ItemTranslation="Gentag adgangskode:"/>
        <!--*** String To Translate ***--><ItemForTranslation ItemName="OpenPasswordsMustMatch"   				ItemTranslation="Open passwords must match."/>
        <!--*** String To Translate ***--><ItemForTranslation ItemName="PermissionPasswordsMustMatch"   		ItemTranslation="Permission passwords must match."/>
        <!--*** String To Translate ***--><ItemForTranslation ItemName="PasswordsMustMatch"   					ItemTranslation="Passwords skal lige"/>

		<ItemForTranslation ItemName="&lt;Browse&gt;" ItemTranslation="&lt;Gennemse...&gt;"/>
		<ItemForTranslation ItemName="&lt;SourceFolder&gt;" ItemTranslation="&lt;Kildmappe&gt;"/>
		<ItemForTranslation ItemName="&lt;RecentFolder&gt;" ItemTranslation="&lt;Seneste mappe&gt;"/>

		<ItemForTranslation ItemName="IOFileLocked" ItemTranslation="Outputfejl."/>
		<ItemForTranslation ItemName="IOFileLockedDesc" ItemTranslation="Kan ikke skrive til målfil."/>
		<ItemForTranslation ItemName="Open_For_Editing:" ItemTranslation="Åbn dokument efter konvertering:"/>

        <!-- Language list -->
        <ItemForTranslation ItemName="en"                   ItemTranslation="English"/>
        <ItemForTranslation ItemName="ru"                   ItemTranslation="Russian"/>
        <ItemForTranslation ItemName="de"                   ItemTranslation="German"/>
        <ItemForTranslation ItemName="ja"                   ItemTranslation="Japanese"/>
        <ItemForTranslation ItemName="fr"                   ItemTranslation="French"/>
        <ItemForTranslation ItemName="es"                   ItemTranslation="Spanish"/>
        <ItemForTranslation ItemName="it"                   ItemTranslation="Italian"/>
        <ItemForTranslation ItemName="nl"                   ItemTranslation="Dutch"/>
        <ItemForTranslation ItemName="sv"                   ItemTranslation="Swedish"/>
        <ItemForTranslation ItemName="zh-chs"               ItemTranslation="Chinese (Simplified)"/>
        <ItemForTranslation ItemName="zh-cht"               ItemTranslation="Chinese (Traditional)"/>
        <ItemForTranslation ItemName="ko"                   ItemTranslation="Korean"/>
        <ItemForTranslation ItemName="no"                   ItemTranslation="Norwegian"/>
        <ItemForTranslation ItemName="pt"                   ItemTranslation="Portuguese"/>
        <ItemForTranslation ItemName="pt-br"                ItemTranslation="Portuguese (Brazil)"/>
        <ItemForTranslation ItemName="da"                   ItemTranslation="Danish"/>
	<ItemForTranslation ItemName="po"                   ItemTranslation="Polish"/>

		<ItemForTranslation ItemName="SelectFolder" ItemTranslation="Vælg mappe:"/>
		<!--*** String To Translate ***--><ItemForTranslation ItemName=".NET_Framework"   					ItemTranslation=".NET Framework"/>
		<ItemForTranslation ItemName="ReplaceFile" ItemTranslation="{n}Filen '{1}' findes allerede. {n}Vil du erstatte den eksisterende fil?{n}"/>
        <!--*** String To Translate ***--><ItemForTranslation ItemName="_millimeters"             ItemTranslation="millimeters"/>
        <!--*** String To Translate ***--><ItemForTranslation ItemName="_inches"                  ItemTranslation="inches"/>
        <!--*** String To Translate ***--><ItemForTranslation ItemName="_Custom"                  ItemTranslation="Custom"/>
        <!--*** String To Translate ***--><ItemForTranslation ItemName="_Add_Edit_Custom_Form"    ItemTranslation="Add/Edit Custom Form"/>
        <!--*** String To Translate ***--><ItemForTranslation ItemName="_Width"                   ItemTranslation="Width"/>
        <!--*** String To Translate ***--><ItemForTranslation ItemName="_Height"                  ItemTranslation="Height"/>
        <!--*** String To Translate ***--><ItemForTranslation ItemName="_Custom_Form"             ItemTranslation="Custom Form"/>
        <!--*** String To Translate ***--><ItemForTranslation ItemName="_Custom_Form_Name"        ItemTranslation="Custom Form Name"/>
        <!--*** String To Translate ***--><ItemForTranslation ItemName="_Custom_Form_Size"        ItemTranslation="Custom Form Size"/>
        <!--*** String To Translate ***--><ItemForTranslation ItemName="&lt;ChangeCustomPaperSize&gt;"                  ItemTranslation="&lt;Change Custom Paper Size&gt;"/>
<!--*** String To Translate ***--><ItemForTranslation ItemName="_Printer_Margins" 		ItemTranslation="Printer margins:"/>
        <!--*** String To Translate ***--><ItemForTranslation ItemName="_Left" 				ItemTranslation="Left:"/>
        <!--*** String To Translate ***--><ItemForTranslation ItemName="_Top" 				ItemTranslation="Top:"/>
        <!--*** String To Translate ***--><ItemForTranslation ItemName="_Right" 			ItemTranslation="Right:"/>
        <!--*** String To Translate ***--><ItemForTranslation ItemName="_Bottom" 			ItemTranslation="Bottom:"/>
        <!--*** String To Translate ***--><ItemForTranslation ItemName="_Custom_Margins" 		ItemTranslation="Custom Margins"/>
        <!--*** String To Translate ***--><ItemForTranslation ItemName="_Page_Size" 			ItemTranslation="Page size:"/>
        

        <!-- Licence dialog -->
        <!--*** String To Translate ***--><ItemForTranslation ItemName="Licence Info: $applicationname"   ItemTranslation="License Info: {applicationname}"/>
        <!--*** String To Translate ***--><ItemForTranslation ItemName="LicenceDialogStatic"              ItemTranslation="Press [Unlock...] to enter or update your unlock details."/>
        <!--*** String To Translate ***--><ItemForTranslation ItemName="Edit"				     		  ItemTranslation="Unlock..."/>        
        <!--*** String To Translate ***--><ItemForTranslation ItemName="UnlockUpgradeCaption"			  ItemTranslation="Register {applicationname}"/>
        
        <!-- Services dialog -->
        <!--*** String To Translate ***--><ItemForTranslation ItemName="PerUserPluginDescription"	ItemTranslation="Select the add-ins you wish to configure for the current user."/>
		<!--*** String To Translate ***--><ItemForTranslation ItemName="WordPluginOpen"			ItemTranslation="Microsoft Word add-in - open PDF files from within Word"/>
		<!--*** String To Translate ***--><ItemForTranslation ItemName="WordPluginCreate"		ItemTranslation="Microsoft Word add-in - create PDF files from within Word"/>
		<!--*** String To Translate ***--><ItemForTranslation ItemName="AdminPluginDescription"		ItemTranslation="Select the add-ins you wish to configure for all users Note: you will need Admin rights to configure add-ins for all users."/>
		<!--*** String To Translate ***--><ItemForTranslation ItemName="AcrobatPlugin"			ItemTranslation="Acrobat add-in - open PDF files in Word directly from Acrobat"/>
		<!--*** String To Translate ***--><ItemForTranslation ItemName="ExcelPlugin"			ItemTranslation="Microsoft Excel add-in - create PDF files from within Excel"/>
		<!--*** String To Translate ***--><ItemForTranslation ItemName="PowerPointPlugin"		ItemTranslation="Microsoft PowerPoint add-in - create PDF files from within PowerPoint"/>
		<!--*** String To Translate ***--><ItemForTranslation ItemName="ExplorerPlugin"			ItemTranslation="Explorer add-in - convert PDF files from within Windows Explorer and Internet Explorer"/>
		<!--*** String To Translate ***--><ItemForTranslation ItemName="PrinterDescription"		ItemTranslation="Repair PDF Printer service. Note: you will need Admin rights to repair this service."/>
		<!--*** String To Translate ***--><ItemForTranslation ItemName="ReinstallPrinter"		ItemTranslation="Repair PDF Printer Service"/>		
		<!--*** String To Translate ***--><ItemForTranslation ItemName="Configure"			ItemTranslation="Update Add-Ins"/>
        <!--*** String To Translate ***--><ItemForTranslation ItemName="_license"			ItemTranslation="License"/>
        <!--*** String To Translate ***--><ItemForTranslation ItemName="_support"			ItemTranslation="Support"/>
        <!--*** String To Translate ***--><ItemForTranslation ItemName="_services"			ItemTranslation="Services"/>
        
        <!-- Tab dialog -->
        <!--*** String To Translate ***--><ItemForTranslation ItemName="_tabdialogcaption"		ItemTranslation="Solid Converter Services and Information"/>
        <!--*** String To Translate ***--><ItemForTranslation ItemName="NeedConfigure"			ItemTranslation="You have made changes to your add-in choices but have not chosen to Update Add-ins. Are you sure you want to close without updating?"/>
        
        <!--*** String To Translate ***--><ItemForTranslation ItemName="AddinUnableUpdate"			ItemTranslation="Unable to update {1} add-in."/>
        <!--*** String To Translate ***--><ItemForTranslation ItemName="AddinPossibleReason"			ItemTranslation="Possible reason: {1}"/>
        <!--*** String To Translate ***--><ItemForTranslation ItemName="AddinRegistryReason"			ItemTranslation="locked registry"/>
        <!--*** String To Translate ***--><ItemForTranslation ItemName="AddinApplicationReason"		ItemTranslation="open applications - {1}"/>
        <!--*** String To Translate ***--><ItemForTranslation ItemName="AddinUpdateSuccess"			ItemTranslation="Update addin success."/>
        
        <!--*** String To Translate ***--><ItemForTranslation ItemName="_printer"			ItemTranslation="Create PDF"/>
        
        <!--*** String To Translate ***--><ItemForTranslation ItemName="ProductInstallModeJustMe"			ItemTranslation="{applicationname} is installed for the current user. {1}"/>
        <!--*** String To Translate ***--><ItemForTranslation ItemName="ProductInstallModeForAll"			ItemTranslation="{applicationname} is installed for all users. {1}"/>
        <!--*** String To Translate ***--><ItemForTranslation ItemName="Internet Explorer"			ItemTranslation="Internet Explorer"/>		
	<!--*** String To Translate ***--><ItemForTranslation ItemName="ExcelAndPowerPointNotAvailable"	ItemTranslation="Microsoft Excel and PowerPoint add-ins are available in Professional version only."/>        

	<!--*** String To Translate ***--><ItemForTranslation ItemName="EmbeddedFontWarning"	ItemTranslation="Show the warning if there are fonts that can not be embedded when creating PDF document."/>        
	<!--*** String To Translate ***--><ItemForTranslation ItemName="EmbeddedFontWarningDescription"	ItemTranslation="This document contains fonts that cannot be embedded in the PDF file. Check the Details tab (Converter Log) for more information"/>        
	</LanguageOptions>
</Root>

