<?xml version="1.0" encoding="utf-8"?>
<Root><!--    <LanguageOptions xmlns="x-schema:LanguageSchema.xml" Name="English"> -->
	<LanguageOptions Name="Dutch">
		<!-- Generic -->
		<ItemForTranslation ItemName="OK" ItemTranslation="OK"/>
		<ItemForTranslation ItemName="Cancel" ItemTranslation="Annuleren"/>
		<ItemForTranslation ItemName="Yes" ItemTranslation="Ja"/>
		<ItemForTranslation ItemName="Yes to All" ItemTranslation="Ja op alles"/>
		<!-- *** String To Translate ***--><ItemForTranslation ItemName="No_to_All"         ItemTranslation="No to All"/>
		<ItemForTranslation ItemName="No" ItemTranslation="Nee"/>
		<ItemForTranslation ItemName="true" ItemTranslation="correct"/>
		<ItemForTranslation ItemName="false" ItemTranslation="incorrect"/>
		<ItemForTranslation ItemName="Next &gt;&gt;" ItemTranslation="Volgende &gt;&gt;"/>
		<ItemForTranslation ItemName="&lt;&lt; Previous" ItemTranslation="&lt;&lt; Vorige"/>
		<ItemForTranslation ItemName="Finish" ItemTranslation="Voltooien"/>
		<ItemForTranslation ItemName="Close" ItemTranslation="Sluiten"/>
		<ItemForTranslation ItemName="$applicationname Properties" ItemTranslation="Eigenschappen van {applicationname}"/>
		<ItemForTranslation ItemName="Open $applicationname" ItemTranslation="{applicationname} openen"/>
		<ItemForTranslation ItemName="Exit" ItemTranslation="Afsluiten"/>
		<ItemForTranslation ItemName="PrnScr" ItemTranslation="Schermafdruk maken"/>
		<ItemForTranslation ItemName="None" ItemTranslation="Geen"/>
		<!-- system info strings used for sending email to customer support -->
		<ItemForTranslation ItemName="Cannot launch your email client." ItemTranslation="Kan e-mailclient niet starten"/>
		<ItemForTranslation ItemName="$applicationname Support Info: " ItemTranslation="Ondersteuningsinfo voor {applicationname}: "/>
		<ItemForTranslation ItemName="&lt;Enter details of the issue here&gt;" ItemTranslation="&lt;Voer hier de details van het probleem in&gt;"/>
		<ItemForTranslation ItemName="Product" ItemTranslation="Product"/>
		<ItemForTranslation ItemName="Registered User" ItemTranslation="Geregistreerde gebruiker"/>
		<ItemForTranslation ItemName="Registered Email" ItemTranslation="Geregistreerd e-mailadres"/>
		<ItemForTranslation ItemName="Registered Org" ItemTranslation="Geregistreerde organisatie"/>
		<ItemForTranslation ItemName="Operating System" ItemTranslation="Besturingssysteem"/>
		<ItemForTranslation ItemName="System Memory" ItemTranslation="Systeemgeheugen"/>
		<ItemForTranslation ItemName="Current Locale" ItemTranslation="Huidige landinstellingen"/>
		<ItemForTranslation ItemName="Current Resolution" ItemTranslation="Huidige resolutie"/>
		<ItemForTranslation ItemName="Current Colors" ItemTranslation="Huidige kleuren"/>
		<ItemForTranslation ItemName="MDAC Version" ItemTranslation="MDAC-versie"/>
		<ItemForTranslation ItemName="My Documents Folder" ItemTranslation="Map Mijn documenten"/>
		<ItemForTranslation ItemName="My Pictures Folder" ItemTranslation="Map Mijn afbeeldingen"/>
		<ItemForTranslation ItemName="User Temp Folder" ItemTranslation="Map Temp van gebruiker"/>
		<ItemForTranslation ItemName="User App Data Folder" ItemTranslation="Map Application Data van gebruiker"/>
		<ItemForTranslation ItemName="$applicationname Data Folder" ItemTranslation="Gegevensmap van {applicationname}"/>
		<ItemForTranslation ItemName="$applicationname Folder" ItemTranslation="Map van {applicationname}"/>
		<ItemForTranslation ItemName="Microsoft Office" ItemTranslation="Microsoft Office"/>
		<ItemForTranslation ItemName="Adobe Acrobat" ItemTranslation="Adobe Acrobat"/>
		<!-- strings for the CFileEditCtrl browse to folder control -->
		<ItemForTranslation ItemName="All Files (*.*)|*.*||" ItemTranslation="Alle bestanden (*.*)|*.*||"/>
		<ItemForTranslation ItemName="Browse" ItemTranslation="Bladeren"/>
		<ItemForTranslation ItemName="Browse for File" ItemTranslation="Zoeken naar bestand"/>
		<ItemForTranslation ItemName="Enter an existing file." ItemTranslation="Voer een bestaand bestand in."/>
		<ItemForTranslation ItemName="%s does not exist." ItemTranslation="{1} bestaat niet."/>
		<ItemForTranslation ItemName="%s is not a file." ItemTranslation="{1} is geen bestand."/>
		<ItemForTranslation ItemName="%s is not a folder." ItemTranslation="{1} is geen map."/>
		<!-- product unlock dialogbox -->
		<ItemForTranslation ItemName="Invalid user name" ItemTranslation="Ongeldige gebruikersnaam"/>
		<ItemForTranslation ItemName="Invalid email address" ItemTranslation="Ongeldige E-mail"/>
		<ItemForTranslation ItemName="Unlock $applicationname" ItemTranslation="{applicationname} vrijgeven"/>
		<ItemForTranslation ItemName="Register $applicationname" ItemTranslation="{applicationname} registreren"/>
		<ItemForTranslation ItemName="Successfully_Unlocked" ItemTranslation="{applicationname} is vrijgegeven. Hartelijk dank voor de aanschaf van {applicationname}."/>
		<ItemForTranslation ItemName="Successfully_Registered" ItemTranslation="{applicationname} is geregistreerd. Hartelijk dank voor de aanschaf van {applicationname}."/>
		<ItemForTranslation ItemName="Invalid unlock code" ItemTranslation="Ongeldige vrijgavecode"/>
		<ItemForTranslation ItemName="Invalid registration code" ItemTranslation="Ongeldige registratiecode"/>
		<ItemForTranslation ItemName="day" ItemTranslation="dag"/>
		<ItemForTranslation ItemName="days" ItemTranslation="dagen"/>
		<ItemForTranslation ItemName="Evaluate" ItemTranslation="Evalueren"/>
		<ItemForTranslation ItemName="RunRadio" ItemTranslation="Uitvoeren"/>
		<ItemForTranslation ItemName="EvaluateDescr" ItemTranslation="Ik wil {applicationname} evalueren ({1} {2} resterend voor evaluatie)"/>
		<ItemForTranslation ItemName="RunUnregisteredDescr" ItemTranslation="Ik wil doorgaan zonder te registreren ({1} {2} resterend voor registratie)"/>
		<ItemForTranslation ItemName="Unlock" ItemTranslation="Vrijgeven"/>
		<ItemForTranslation ItemName="RegisterRadio" ItemTranslation="Registreren"/>
		<ItemForTranslation ItemName="UnlocklDescr" ItemTranslation="Ik heb al een licentiecode en wil {applicationname} vrijgeven"/>
		<ItemForTranslation ItemName="RegisterDescr" ItemTranslation="Ik heb al een registratiecode en wil {applicationname} registreren"/>
		<ItemForTranslation ItemName="Purchase" ItemTranslation="Aanschaffen"/>
		<ItemForTranslation ItemName="FetchCodeRadio" ItemTranslation="Code ophalen"/>
		<ItemForTranslation ItemName="PurchaseDescr" ItemTranslation="Ik wil een licentiecode aanschaffen voor {applicationname}"/>
		<ItemForTranslation ItemName="GetRegitrationCodeDescr" ItemTranslation="Ik wil de website van {applicationname}  bezoeken om mijn registratiecode op te halen"/>
		<ItemForTranslation ItemName="TrialStatusString" ItemTranslation="U gebruikt momenteel een evaluatieversie. Registreer uw exemplaar van het programma. "/>
		<ItemForTranslation ItemName="TrialExpiredStatusString" ItemTranslation="De evaluatieversie is verlopen. Registreer uw exemplaar van het programma."/>
		<ItemForTranslation ItemName="RegistrationStatusString" ItemTranslation="U hebt dit exemplaar van {applicationname} nog niet geregistreerd. Registreer uw exemplaar van het programma."/>
		<ItemForTranslation ItemName="RegistrationExpiredStatusString" ItemTranslation="Verlengde registratieperiode is verlopen. Registreer uw exemplaar van het programma."/>
		<!-- generic dialogs -->
		<ItemForTranslation ItemName="EMail" ItemTranslation="E-mail"/>
		<ItemForTranslation ItemName="Name" ItemTranslation="Naam"/>
		<ItemForTranslation ItemName="Organization" ItemTranslation="Organisatie"/>
		<ItemForTranslation ItemName="Unlock Code" ItemTranslation="Vrijgavecode"/>
		<ItemForTranslation ItemName="Registration_Code" ItemTranslation="Registratiecode"/>
		<ItemForTranslation ItemName="Click here to purchase an unlock code!" ItemTranslation="Klik hier om een vrijgavecode aan te schaffen."/>
		<ItemForTranslation ItemName="Click_here_to_fetch_a_registration_code!" ItemTranslation="Klik hier om een registratiecode op te halen."/>
		<ItemForTranslation ItemName="About $applicationname" ItemTranslation="Info {applicationname}"/>
		<ItemForTranslation ItemName="$applicationname    Version: $version" ItemTranslation="Versie van {applicationnameregistered}: {version}"/>
		<ItemForTranslation ItemName="$applicationname HTML documentation:" ItemTranslation="HTML-documentatie van {applicationname}:"/>
		<ItemForTranslation ItemName="Register your copy of $applicationname" ItemTranslation="Registreer uw exemplaar van {applicationname}"/>
		<ItemForTranslation ItemName="Buy Now" ItemTranslation="Nu aanschaffen"/>
		<!--*** String To Translate ***-->
        <ItemForTranslation ItemName="UpgradeVersionDescr"						ItemTranslation="Upgrade instantly to {applicationname} v2"/>
		<!--*** String To Translate ***-->
        <ItemForTranslation ItemName="UpgradeVersionBtn"							ItemTranslation="Upgrade Now"/>
		
		<ItemForTranslation ItemName="Documentation" ItemTranslation="Documentatie"/>
		<ItemForTranslation ItemName="System information and email support:" ItemTranslation="Systeeminformatie en e-mailondersteuning:"/>
		<ItemForTranslation ItemName="Support" ItemTranslation="Ondersteuning"/>
		<ItemForTranslation ItemName="Acknowledgement of open source efforts:" ItemTranslation="Met dank aan open broncodes:"/>
		<ItemForTranslation ItemName="Credits" ItemTranslation="Productverantwoording"/>
		<ItemForTranslation ItemName="I wish to evaluate $applicationname ({1} {2} remaining for evaluation)" ItemTranslation="Ik wil {applicationname} evalueren ({1} {2} resterend voor evaluatie)"/>
		<ItemForTranslation ItemName="I already have a license code and would like to unlock $applicationname" ItemTranslation="Ik heb al een licentiecode en wil {applicationname} vrijgeven"/>
		<ItemForTranslation ItemName="I wish to purchase a license code for $applicationname" ItemTranslation="Ik wil een licentiecode aanschaffen voor {applicationname}"/>
		<!-- support dialog -->
		<ItemForTranslation ItemName="Support Info: $applicationname" ItemTranslation="Ondersteuningsinfo voor {applicationname}:"/>
		<ItemForTranslation ItemName="SupportDialogStatic" ItemTranslation="Deze informatie is nuttig bij het analyseren en oplossen van problemen met {applicationname}. Klik op de knop E-mail om deze informatie in uw e-mailclient te openen en naar de supportafdeling te sturen. U kunt de onderstaande informatie ook via knippen-en-plakken in een nieuw e-mailbericht invoegen."/>
		<!-- warning dialog -->
		<ItemForTranslation ItemName="WarningDlg_Title" ItemTranslation="Waarschuwing van {applicationname}"/>
		<ItemForTranslation ItemName="dont_show_the_warning_again" ItemTranslation="Deze waarschuwing niet meer weergeven."/>
		<!-- password dialog --> 
		<ItemForTranslation ItemName="Password:" ItemTranslation="Wachtwoord:"/>		
		<ItemForTranslation ItemName="Repeat_Password:" ItemTranslation="Bevestig wachtwoord:"/>
        <!--*** String To Translate ***--><ItemForTranslation ItemName="OpenPasswordsMustMatch"   				ItemTranslation="Open passwords must match."/>
        <!--*** String To Translate ***--><ItemForTranslation ItemName="PermissionPasswordsMustMatch"   		ItemTranslation="Permission passwords must match."/>
        <!--*** String To Translate ***--><ItemForTranslation ItemName="PasswordsMustMatch"   					ItemTranslation="De wachtwoorden moeten aanpassen"/>

		<ItemForTranslation ItemName="&lt;Browse&gt;" ItemTranslation="&lt;Bladeren...&gt;"/>
		<ItemForTranslation ItemName="&lt;SourceFolder&gt;" ItemTranslation="&lt;Bronmap&gt;"/>
		<ItemForTranslation ItemName="&lt;RecentFolder&gt;" ItemTranslation="&lt;Recente map&gt;"/>

		<ItemForTranslation ItemName="IOFileLocked" ItemTranslation="Uitvoerfout."/>
		<ItemForTranslation ItemName="IOFileLockedDesc" ItemTranslation="Kan niet naar doelbestand schrijven."/>
		<ItemForTranslation ItemName="Open_For_Editing:" ItemTranslation="Document na conversie openen:"/>

        <!-- Language list -->
        <ItemForTranslation ItemName="en"                   ItemTranslation="English"/>
        <ItemForTranslation ItemName="ru"                   ItemTranslation="Russian"/>
        <ItemForTranslation ItemName="de"                   ItemTranslation="German"/>
        <ItemForTranslation ItemName="ja"                   ItemTranslation="Japanese"/>
        <ItemForTranslation ItemName="fr"                   ItemTranslation="French"/>
        <ItemForTranslation ItemName="es"                   ItemTranslation="Spanish"/>
        <ItemForTranslation ItemName="it"                   ItemTranslation="Italian"/>
        <ItemForTranslation ItemName="nl"                   ItemTranslation="Dutch"/>
        <ItemForTranslation ItemName="sv"                   ItemTranslation="Swedish"/>
        <ItemForTranslation ItemName="zh-chs"               ItemTranslation="Chinese (Simplified)"/>
        <ItemForTranslation ItemName="zh-cht"               ItemTranslation="Chinese (Traditional)"/>
        <ItemForTranslation ItemName="ko"                   ItemTranslation="Korean"/>
        <ItemForTranslation ItemName="no"                   ItemTranslation="Norwegian"/>
        <ItemForTranslation ItemName="pt"                   ItemTranslation="Portuguese"/>
        <ItemForTranslation ItemName="pt-br"                ItemTranslation="Portuguese (Brazil)"/>
        <ItemForTranslation ItemName="da"                   ItemTranslation="Danish"/>
	<ItemForTranslation ItemName="po"                   ItemTranslation="Polish"/>

		<ItemForTranslation ItemName="SelectFolder" ItemTranslation="Selecteer een map:"/>
		<!--*** String To Translate ***--><ItemForTranslation ItemName=".NET_Framework"   					ItemTranslation=".NET Framework"/>
		<ItemForTranslation ItemName="ReplaceFile" ItemTranslation="{n}Bestand {1} bestaat al. {n}Wilt u het bestaande bestand vervangen?{n}"/>
        <!--*** String To Translate ***--><ItemForTranslation ItemName="_millimeters"             ItemTranslation="millimeters"/>
        <!--*** String To Translate ***--><ItemForTranslation ItemName="_inches"                  ItemTranslation="inches"/>
        <!--*** String To Translate ***--><ItemForTranslation ItemName="_Custom"                  ItemTranslation="Custom"/>
        <!--*** String To Translate ***--><ItemForTranslation ItemName="_Add_Edit_Custom_Form"    ItemTranslation="Add/Edit Custom Form"/>
        <!--*** String To Translate ***--><ItemForTranslation ItemName="_Width"                   ItemTranslation="Width"/>
        <!--*** String To Translate ***--><ItemForTranslation ItemName="_Height"                  ItemTranslation="Height"/>
        <!--*** String To Translate ***--><ItemForTranslation ItemName="_Custom_Form"             ItemTranslation="Custom Form"/>
        <!--*** String To Translate ***--><ItemForTranslation ItemName="_Custom_Form_Name"        ItemTranslation="Custom Form Name"/>
        <!--*** String To Translate ***--><ItemForTranslation ItemName="_Custom_Form_Size"        ItemTranslation="Custom Form Size"/>
        <!--*** String To Translate ***--><ItemForTranslation ItemName="&lt;ChangeCustomPaperSize&gt;"                  ItemTranslation="&lt;Change Custom Paper Size&gt;"/>
<!--*** String To Translate ***--><ItemForTranslation ItemName="_Printer_Margins" 		ItemTranslation="Printer margins:"/>
        <!--*** String To Translate ***--><ItemForTranslation ItemName="_Left" 				ItemTranslation="Left:"/>
        <!--*** String To Translate ***--><ItemForTranslation ItemName="_Top" 				ItemTranslation="Top:"/>
        <!--*** String To Translate ***--><ItemForTranslation ItemName="_Right" 			ItemTranslation="Right:"/>
        <!--*** String To Translate ***--><ItemForTranslation ItemName="_Bottom" 			ItemTranslation="Bottom:"/>
        <!--*** String To Translate ***--><ItemForTranslation ItemName="_Custom_Margins" 		ItemTranslation="Custom Margins"/>
        <!--*** String To Translate ***--><ItemForTranslation ItemName="_Page_Size" 			ItemTranslation="Page size:"/>
        

        <!-- Licence dialog -->
        <!--*** String To Translate ***--><ItemForTranslation ItemName="Licence Info: $applicationname"   ItemTranslation="License Info: {applicationname}"/>
        <!--*** String To Translate ***--><ItemForTranslation ItemName="LicenceDialogStatic"              ItemTranslation="Press [Unlock...] to enter or update your unlock details."/>
        <!--*** String To Translate ***--><ItemForTranslation ItemName="Edit"				     		  ItemTranslation="Unlock..."/>        
        <!--*** String To Translate ***--><ItemForTranslation ItemName="UnlockUpgradeCaption"			  ItemTranslation="Register {applicationname}"/>
        
        <!-- Services dialog -->
        <!--*** String To Translate ***--><ItemForTranslation ItemName="PerUserPluginDescription"	ItemTranslation="Select the add-ins you wish to configure for the current user."/>
		<!--*** String To Translate ***--><ItemForTranslation ItemName="WordPluginOpen"			ItemTranslation="Microsoft Word add-in - open PDF files from within Word"/>
		<!--*** String To Translate ***--><ItemForTranslation ItemName="WordPluginCreate"		ItemTranslation="Microsoft Word add-in - create PDF files from within Word"/>
		<!--*** String To Translate ***--><ItemForTranslation ItemName="AdminPluginDescription"		ItemTranslation="Select the add-ins you wish to configure for all users Note: you will need Admin rights to configure add-ins for all users."/>
		<!--*** String To Translate ***--><ItemForTranslation ItemName="AcrobatPlugin"			ItemTranslation="Acrobat add-in - open PDF files in Word directly from Acrobat"/>
		<!--*** String To Translate ***--><ItemForTranslation ItemName="ExcelPlugin"			ItemTranslation="Microsoft Excel add-in - create PDF files from within Excel"/>
		<!--*** String To Translate ***--><ItemForTranslation ItemName="PowerPointPlugin"		ItemTranslation="Microsoft PowerPoint add-in - create PDF files from within PowerPoint"/>
		<!--*** String To Translate ***--><ItemForTranslation ItemName="ExplorerPlugin"			ItemTranslation="Explorer add-in - convert PDF files from within Windows Explorer and Internet Explorer"/>
		<!--*** String To Translate ***--><ItemForTranslation ItemName="PrinterDescription"		ItemTranslation="Repair PDF Printer service. Note: you will need Admin rights to repair this service."/>
		<!--*** String To Translate ***--><ItemForTranslation ItemName="ReinstallPrinter"		ItemTranslation="Repair PDF Printer Service"/>		
		<!--*** String To Translate ***--><ItemForTranslation ItemName="Configure"			ItemTranslation="Update Add-Ins"/>
        <!--*** String To Translate ***--><ItemForTranslation ItemName="_license"			ItemTranslation="License"/>
        <!--*** String To Translate ***--><ItemForTranslation ItemName="_support"			ItemTranslation="Support"/>
        <!--*** String To Translate ***--><ItemForTranslation ItemName="_services"			ItemTranslation="Services"/>
        
        <!-- Tab dialog -->
        <!--*** String To Translate ***--><ItemForTranslation ItemName="_tabdialogcaption"		ItemTranslation="Solid Converter Services and Information"/>
        <!--*** String To Translate ***--><ItemForTranslation ItemName="NeedConfigure"			ItemTranslation="You have made changes to your add-in choices but have not chosen to Update Add-ins. Are you sure you want to close without updating?"/>
        
        <!--*** String To Translate ***--><ItemForTranslation ItemName="AddinUnableUpdate"			ItemTranslation="Unable to update {1} add-in."/>
        <!--*** String To Translate ***--><ItemForTranslation ItemName="AddinPossibleReason"			ItemTranslation="Possible reason: {1}"/>
        <!--*** String To Translate ***--><ItemForTranslation ItemName="AddinRegistryReason"			ItemTranslation="locked registry"/>
        <!--*** String To Translate ***--><ItemForTranslation ItemName="AddinApplicationReason"		ItemTranslation="open applications - {1}"/>
        <!--*** String To Translate ***--><ItemForTranslation ItemName="AddinUpdateSuccess"			ItemTranslation="Update addin success."/>
        
        <!--*** String To Translate ***--><ItemForTranslation ItemName="_printer"			ItemTranslation="Create PDF"/>
        
        <!--*** String To Translate ***--><ItemForTranslation ItemName="ProductInstallModeJustMe"			ItemTranslation="{applicationname} is installed for the current user. {1}"/>
        <!--*** String To Translate ***--><ItemForTranslation ItemName="ProductInstallModeForAll"			ItemTranslation="{applicationname} is installed for all users. {1}"/>
        <!--*** String To Translate ***--><ItemForTranslation ItemName="Internet Explorer"			ItemTranslation="Internet Explorer"/>		
	<!--*** String To Translate ***--><ItemForTranslation ItemName="ExcelAndPowerPointNotAvailable"	ItemTranslation="Microsoft Excel and PowerPoint add-ins are available in Professional version only."/>        

	<!--*** String To Translate ***--><ItemForTranslation ItemName="EmbeddedFontWarning"	ItemTranslation="Show the warning if there are fonts that can not be embedded when creating PDF document."/>        
	<!--*** String To Translate ***--><ItemForTranslation ItemName="EmbeddedFontWarningDescription"	ItemTranslation="This document contains fonts that cannot be embedded in the PDF file. Check the Details tab (Converter Log) for more information"/>        
    </LanguageOptions>
</Root>

