﻿<?xml version="1.0" encoding="utf-8"?>
<Root>
	<!--    <LanguageOptions xmlns="x-schema:LanguageSchema.xml" Name="English"> -->
	<LanguageOptions Name="English">
		<!-- Generic -->
		<ItemForTranslation ItemName="OK" ItemTranslation="OK"/>
		<ItemForTranslation ItemName="Cancel" ItemTranslation="Annulla"/>
		<ItemForTranslation ItemName="Yes" ItemTranslation="S"/>
		<ItemForTranslation ItemName="Yes to All" ItemTranslation="S a tutti"/>
		<!-- *** String To Translate ***--><ItemForTranslation ItemName="No_to_All"         ItemTranslation="No to All"/>
		<ItemForTranslation ItemName="No" ItemTranslation="No"/>
		<ItemForTranslation ItemName="true" ItemTranslation="vero"/>
		<ItemForTranslation ItemName="false" ItemTranslation="falso"/>
		<ItemForTranslation ItemName="Next &gt;&gt;" ItemTranslation="Successivo &gt;&gt;"/>
		<ItemForTranslation ItemName="&lt;&lt; Previous" ItemTranslation="&lt;&lt; Precedente"/>
		<ItemForTranslation ItemName="Finish" ItemTranslation="Fine"/>
		<ItemForTranslation ItemName="Close" ItemTranslation="Chiudi"/>
		<ItemForTranslation ItemName="$applicationname Properties" ItemTranslation="Propriet di {applicationname} "/>
		<ItemForTranslation ItemName="Open $applicationname" ItemTranslation="Apri {applicationname}"/>
		<ItemForTranslation ItemName="Exit" ItemTranslation="Esci"/>
		<ItemForTranslation ItemName="PrnScr" ItemTranslation="Stampa schermata"/>
		<ItemForTranslation ItemName="None" ItemTranslation="Nessuno"/>
		<!-- system info strings used for sending email to customer support -->
		<ItemForTranslation ItemName="Cannot launch your email client." ItemTranslation="Impossibile lanciare il client di email."/>
		<ItemForTranslation ItemName="$applicationname Support Info: " ItemTranslation="Informazioni di assistenza tecnica per {applicationname}:  "/>
		<ItemForTranslation ItemName="&lt;Enter details of the issue here&gt;" ItemTranslation="&lt;Digitare i dettagli del problema riscontrato&gt;"/>
		<ItemForTranslation ItemName="Product" ItemTranslation="Prodotto"/>
		<ItemForTranslation ItemName="Registered User" ItemTranslation="Utente registrato"/>
		<ItemForTranslation ItemName="Registered Email" ItemTranslation="Email registrata"/>
		<ItemForTranslation ItemName="Registered Org" ItemTranslation="Societ registrata"/>
		<ItemForTranslation ItemName="Operating System" ItemTranslation="Sistema operativo"/>
		<ItemForTranslation ItemName="System Memory" ItemTranslation="Memoria di sistema"/>
		<ItemForTranslation ItemName="Current Locale" ItemTranslation="Paese/lingua prescelti"/>
		<ItemForTranslation ItemName="Current Resolution" ItemTranslation="Risoluzione utilizzata"/>
		<ItemForTranslation ItemName="Current Colors" ItemTranslation="Colori utilizzati"/>
		<ItemForTranslation ItemName="MDAC Version" ItemTranslation="Versione MDAC"/>
		<ItemForTranslation ItemName="My Documents Folder" ItemTranslation="Cartella documenti"/>
		<ItemForTranslation ItemName="My Pictures Folder" ItemTranslation="Cartella immagini"/>
		<ItemForTranslation ItemName="User Temp Folder" ItemTranslation="Cartella provvisoria utente"/>
		<ItemForTranslation ItemName="User App Data Folder" ItemTranslation="Cartella applicativi utente"/>
		<ItemForTranslation ItemName="$applicationname Data Folder" ItemTranslation="Cartella dati di {applicationname} "/>
		<ItemForTranslation ItemName="$applicationname Folder" ItemTranslation="Cartella di {applicationname} "/>
		<ItemForTranslation ItemName="Microsoft Office" ItemTranslation="Microsoft Office"/>
		<ItemForTranslation ItemName="Adobe Acrobat" ItemTranslation="Adobe Acrobat"/>
		<!-- strings for the CFileEditCtrl browse to folder control -->
		<ItemForTranslation ItemName="All Files (*.*)|*.*||" ItemTranslation="Tutti i file (*.*)|*.*||"/>
		<ItemForTranslation ItemName="Browse" ItemTranslation="Sfoglia"/>
		<ItemForTranslation ItemName="Browse for File" ItemTranslation="Sfoglia per trovare il file"/>
		<ItemForTranslation ItemName="Enter an existing file." ItemTranslation="Inserire un file esistente."/>
		<ItemForTranslation ItemName="%s does not exist." ItemTranslation="{1} non esiste."/>
		<ItemForTranslation ItemName="%s is not a file." ItemTranslation="{1} non  un file."/>
		<ItemForTranslation ItemName="%s is not a folder." ItemTranslation="{1} non  una cartella."/>
		<!-- product unlock dialogbox -->
		<ItemForTranslation ItemName="Invalid user name" ItemTranslation="Nome utente non valido."/>
		<ItemForTranslation ItemName="Invalid email address" ItemTranslation="Email non valido."/>
		<ItemForTranslation ItemName="Unlock $applicationname" ItemTranslation="Apri {applicationname}"/>
		<ItemForTranslation ItemName="Register $applicationname" ItemTranslation="Registra {applicationname}"/>
		<ItemForTranslation ItemName="Successfully_Unlocked" ItemTranslation="{applicationname} aperto con successo. Si ringrazia dell'acquisto di {applicationname}."/>
		<ItemForTranslation ItemName="Successfully_Registered" ItemTranslation="Registrazione di {applicationname} riuscita. Si ringrazia dell'acquisto di {applicationname}."/>
		<ItemForTranslation ItemName="Invalid unlock code" ItemTranslation="Codice di sbloccaggio non valido"/>
		<ItemForTranslation ItemName="Invalid registration code" ItemTranslation="Codice di registrazione non valido"/>
		<ItemForTranslation ItemName="day" ItemTranslation="giorno"/>
		<ItemForTranslation ItemName="days" ItemTranslation="giorni"/>
		<ItemForTranslation ItemName="Evaluate" ItemTranslation="Prova"/>
		<ItemForTranslation ItemName="RunRadio" ItemTranslation="Esegui"/>
		<ItemForTranslation ItemName="EvaluateDescr" ItemTranslation="Desidero provare {applicationname} (Mi rimangono ancora da provare {1} {2})"/>
		<ItemForTranslation ItemName="RunUnregisteredDescr" ItemTranslation="Non desidero ancora effettuare la registrazione ({1} {2} ancora da registrare)"/>
		<ItemForTranslation ItemName="Unlock" ItemTranslation="Sblocca"/>
		<ItemForTranslation ItemName="RegisterRadio" ItemTranslation="Registra"/>
		<ItemForTranslation ItemName="UnlocklDescr" ItemTranslation="Sono gi in possesso di un codice di licenza e desidero sbloccare {applicationname}"/>
		<ItemForTranslation ItemName="RegisterDescr" ItemTranslation="Sono gi in possesso di un codice di registrazione e desidero registrare {applicationname}"/>
		<ItemForTranslation ItemName="Purchase" ItemTranslation="Acquisto"/>
		<ItemForTranslation ItemName="FetchCodeRadio" ItemTranslation="Prendi il codice"/>
		<ItemForTranslation ItemName="PurchaseDescr" ItemTranslation="Desidero acquistare un codice di licenza per {applicationname}"/>
		<ItemForTranslation ItemName="GetRegitrationCodeDescr" ItemTranslation="Desidero visitare il sito {applicationname} per ottenere il codice di registrazione"/>
		<ItemForTranslation ItemName="TrialStatusString" ItemTranslation="Il prodotto utilizzato  una versione di prova e deve essere registrato."/>
		<ItemForTranslation ItemName="TrialExpiredStatusString" ItemTranslation="La versione di prova  scaduta e deve essere registrata."/>
		<ItemForTranslation ItemName="RegistrationStatusString" ItemTranslation="{applicationname} non  ancora stato registrato e va registrato subito."/>
		<ItemForTranslation ItemName="RegistrationExpiredStatusString" ItemTranslation="Il periodo di prova  scaduto ed  necessario registrare il prodotto."/>
		<!-- generic dialogs -->
		<ItemForTranslation ItemName="EMail" ItemTranslation="EMail"/>
		<ItemForTranslation ItemName="Name" ItemTranslation="Nome"/>
		<ItemForTranslation ItemName="Organization" ItemTranslation="Societ"/>
		<ItemForTranslation ItemName="Unlock Code" ItemTranslation="Codice di sblocco"/>
		<ItemForTranslation ItemName="Registration_Code" ItemTranslation="Codice di registrazione "/>
		<ItemForTranslation ItemName="Click here to purchase an unlock code!" ItemTranslation="Cliccare qui acquistare il codice di sbloccaggio!"/>
		<ItemForTranslation ItemName="Click_here_to_fetch_a_registration_code!" ItemTranslation="Cliccare qui per acquisire il codice di registrazione!"/>
		<ItemForTranslation ItemName="About $applicationname" ItemTranslation="Informazioni su {applicationname}"/>
		<ItemForTranslation ItemName="$applicationname    Version: $version" ItemTranslation="Versione di {applicationnameregistered}: {version}"/>
		<ItemForTranslation ItemName="$applicationname HTML documentation:" ItemTranslation="Documentazione HTML di {applicationname}"/>
		<ItemForTranslation ItemName="Register your copy of $applicationname" ItemTranslation="Registrare la copia di {applicationname} in uso"/>
		<ItemForTranslation ItemName="Buy Now" ItemTranslation="Acquisto immediato"/>
		
        <ItemForTranslation ItemName="UpgradeVersionDescr"						ItemTranslation="Aggiorna subito a applicationname} v2"/>
		
        <ItemForTranslation ItemName="UpgradeVersionBtn"							ItemTranslation="Aggiorna subito"/>
		
		<ItemForTranslation ItemName="Documentation" ItemTranslation="Documentazione"/>
		<ItemForTranslation ItemName="System information and email support:" ItemTranslation="Informazioni sul sistema e sull'assistenza tecnica telematica:"/>
		<ItemForTranslation ItemName="Support" ItemTranslation="Assistenza tecnica"/>
		<ItemForTranslation ItemName="Acknowledgement of open source efforts:" ItemTranslation="Elenco dei prodotti di pubblico dominio utilizzati:"/>
		<ItemForTranslation ItemName="Credits" ItemTranslation="Riconoscimenti"/>
		<ItemForTranslation ItemName="I wish to evaluate $applicationname ({1} {2} remaining for evaluation)" ItemTranslation="Desidero provare {applicationname} (devo ancora provare {1} {2})"/>
		<ItemForTranslation ItemName="I already have a license code and would like to unlock $applicationname" ItemTranslation="Sono gi in possesso di un codice di licenza e desidero sbloccare {applicationname}"/>
		<ItemForTranslation ItemName="I wish to purchase a license code for $applicationname" ItemTranslation="Desidero acquistare un codice di licenza per {applicationname}"/>
		<!-- support dialog -->
		<ItemForTranslation ItemName="Support Info: $applicationname" ItemTranslation=" Informazioni sull'assistenza tecnica di {applicationname}"/>
		<ItemForTranslation ItemName="SupportDialogStatic" ItemTranslation="Queste informazioni sono utili per individuare e risolvere problemi relativi a {applicationname}. Premere [Email] per accedere a queste informazioni nel client di email in uso per contattare più tempestivamente il servizio di assistenza tecnica o creare un messaggio email tagliando e incollando il testo dalla finestra di modifica qui sotto."/>
		<!-- warning dialog -->
		<ItemForTranslation ItemName="WarningDlg_Title" ItemTranslation=" Avviso per  {applicationname} "/>
		<ItemForTranslation ItemName="dont_show_the_warning_again" ItemTranslation="Non visualizzare pi questo avviso."/>
		<!-- password dialog -->
		<ItemForTranslation ItemName="Password:" ItemTranslation="Password:"/>
		<ItemForTranslation ItemName="Repeat_Password:" ItemTranslation="Ridigitare password:"/>
        <!--*** String To Translate ***--><ItemForTranslation ItemName="OpenPasswordsMustMatch"   				ItemTranslation="Open passwords must match."/>
        <!--*** String To Translate ***--><ItemForTranslation ItemName="PermissionPasswordsMustMatch"   		ItemTranslation="Permission passwords must match."/>
        <!--*** String To Translate ***--><ItemForTranslation ItemName="PasswordsMustMatch"   					ItemTranslation="Le parole d'accesso devono abbinare"/>
		
		<ItemForTranslation ItemName="&lt;Browse&gt;" ItemTranslation="&lt;Sfoglia...&gt;"/>
		<ItemForTranslation ItemName="&lt;SourceFolder&gt;" ItemTranslation="&lt;Cartella di partenza&gt;"/>
		<ItemForTranslation ItemName="&lt;RecentFolder&gt;" ItemTranslation="&lt;Cartella piů recente&gt;"/>

		<ItemForTranslation ItemName="IOFileLocked" ItemTranslation="Errore di output."/>
		<ItemForTranslation ItemName="IOFileLockedDesc" ItemTranslation="Scrittura sul file di destinazione non riuscita."/>
		<ItemForTranslation ItemName="Open_For_Editing:" ItemTranslation="Apri il documento dopo la conversione:"/>
		
        <!-- Language list -->
        <ItemForTranslation ItemName="en"                   ItemTranslation="English"/>
        <ItemForTranslation ItemName="ru"                   ItemTranslation="Russian"/>
        <ItemForTranslation ItemName="de"                   ItemTranslation="German"/>
        <ItemForTranslation ItemName="ja"                   ItemTranslation="Japanese"/>
        <ItemForTranslation ItemName="fr"                   ItemTranslation="French"/>
        <ItemForTranslation ItemName="es"                   ItemTranslation="Spanish"/>
        <ItemForTranslation ItemName="it"                   ItemTranslation="Italian"/>
        <ItemForTranslation ItemName="nl"                   ItemTranslation="Dutch"/>
        <ItemForTranslation ItemName="sv"                   ItemTranslation="Swedish"/>
        <ItemForTranslation ItemName="zh-chs"               ItemTranslation="Chinese (Simplified)"/>
        <ItemForTranslation ItemName="zh-cht"               ItemTranslation="Chinese (Traditional)"/>
        <ItemForTranslation ItemName="ko"                   ItemTranslation="Korean"/>
        <ItemForTranslation ItemName="no"                   ItemTranslation="Norwegian"/>
        <ItemForTranslation ItemName="pt"                   ItemTranslation="Portuguese"/>
        <ItemForTranslation ItemName="pt-br"                ItemTranslation="Portuguese (Brazil)"/>
        <ItemForTranslation ItemName="da"                   ItemTranslation="Danish"/>
	<ItemForTranslation ItemName="po"                   ItemTranslation="Polish"/>

		<ItemForTranslation ItemName="SelectFolder" ItemTranslation="Selezionare cartella:"/>
		<!--*** String To Translate ***--><ItemForTranslation ItemName=".NET_Framework"   					ItemTranslation=".NET Framework"/>
		<ItemForTranslation ItemName="ReplaceFile" ItemTranslation="{n}Il file '{1}' č giŕ presente. {n}Si desidera sostituirlo?{n}"/>
        <!--*** String To Translate ***--><ItemForTranslation ItemName="_millimeters"             ItemTranslation="millimeters"/>
        <!--*** String To Translate ***--><ItemForTranslation ItemName="_inches"                  ItemTranslation="inches"/>
        <!--*** String To Translate ***--><ItemForTranslation ItemName="_Custom"                  ItemTranslation="Custom"/>
        <!--*** String To Translate ***--><ItemForTranslation ItemName="_Add_Edit_Custom_Form"    ItemTranslation="Add/Edit Custom Form"/>
        <!--*** String To Translate ***--><ItemForTranslation ItemName="_Width"                   ItemTranslation="Width"/>
        <!--*** String To Translate ***--><ItemForTranslation ItemName="_Height"                  ItemTranslation="Height"/>
        <!--*** String To Translate ***--><ItemForTranslation ItemName="_Custom_Form"             ItemTranslation="Custom Form"/>
        <!--*** String To Translate ***--><ItemForTranslation ItemName="_Custom_Form_Name"        ItemTranslation="Custom Form Name"/>
        <!--*** String To Translate ***--><ItemForTranslation ItemName="_Custom_Form_Size"        ItemTranslation="Custom Form Size"/>
        <!--*** String To Translate ***--><ItemForTranslation ItemName="&lt;ChangeCustomPaperSize&gt;"                  ItemTranslation="&lt;Change Custom Paper Size&gt;"/>
<!--*** String To Translate ***--><ItemForTranslation ItemName="_Printer_Margins" 		ItemTranslation="Printer margins:"/>
        <!--*** String To Translate ***--><ItemForTranslation ItemName="_Left" 				ItemTranslation="Left:"/>
        <!--*** String To Translate ***--><ItemForTranslation ItemName="_Top" 				ItemTranslation="Top:"/>
        <!--*** String To Translate ***--><ItemForTranslation ItemName="_Right" 			ItemTranslation="Right:"/>
        <!--*** String To Translate ***--><ItemForTranslation ItemName="_Bottom" 			ItemTranslation="Bottom:"/>
        <!--*** String To Translate ***--><ItemForTranslation ItemName="_Custom_Margins" 		ItemTranslation="Custom Margins"/>
        <!--*** String To Translate ***--><ItemForTranslation ItemName="_Page_Size" 			ItemTranslation="Page size:"/>
        


        <!-- Licence dialog -->
        <!--*** String To Translate ***--><ItemForTranslation ItemName="Licence Info: $applicationname"   ItemTranslation="License Info: {applicationname}"/>
        <!--*** String To Translate ***--><ItemForTranslation ItemName="LicenceDialogStatic"              ItemTranslation="Press [Unlock...] to enter or update your unlock details."/>
        <!--*** String To Translate ***--><ItemForTranslation ItemName="Edit"				     		  ItemTranslation="Unlock..."/>        
        <!--*** String To Translate ***--><ItemForTranslation ItemName="UnlockUpgradeCaption"			  ItemTranslation="Register {applicationname}"/>
        
        <!-- Services dialog -->
        <!--*** String To Translate ***--><ItemForTranslation ItemName="PerUserPluginDescription"	ItemTranslation="Select the add-ins you wish to configure for the current user."/>
		<!--*** String To Translate ***--><ItemForTranslation ItemName="WordPluginOpen"			ItemTranslation="Microsoft Word add-in - open PDF files from within Word"/>
		<!--*** String To Translate ***--><ItemForTranslation ItemName="WordPluginCreate"		ItemTranslation="Microsoft Word add-in - create PDF files from within Word"/>
		<!--*** String To Translate ***--><ItemForTranslation ItemName="AdminPluginDescription"		ItemTranslation="Select the add-ins you wish to configure for all users Note: you will need Admin rights to configure add-ins for all users."/>
		<!--*** String To Translate ***--><ItemForTranslation ItemName="AcrobatPlugin"			ItemTranslation="Acrobat add-in - open PDF files in Word directly from Acrobat"/>
		<!--*** String To Translate ***--><ItemForTranslation ItemName="ExcelPlugin"			ItemTranslation="Microsoft Excel add-in - create PDF files from within Excel"/>
		<!--*** String To Translate ***--><ItemForTranslation ItemName="PowerPointPlugin"		ItemTranslation="Microsoft PowerPoint add-in - create PDF files from within PowerPoint"/>
		<!--*** String To Translate ***--><ItemForTranslation ItemName="ExplorerPlugin"			ItemTranslation="Explorer add-in - convert PDF files from within Windows Explorer and Internet Explorer"/>
		<!--*** String To Translate ***--><ItemForTranslation ItemName="PrinterDescription"		ItemTranslation="Repair PDF Printer service. Note: you will need Admin rights to repair this service."/>
		<!--*** String To Translate ***--><ItemForTranslation ItemName="ReinstallPrinter"		ItemTranslation="Repair PDF Printer Service"/>		
		<!--*** String To Translate ***--><ItemForTranslation ItemName="Configure"			ItemTranslation="Update Add-Ins"/>
        <!--*** String To Translate ***--><ItemForTranslation ItemName="_license"			ItemTranslation="License"/>
        <!--*** String To Translate ***--><ItemForTranslation ItemName="_support"			ItemTranslation="Support"/>
        <!--*** String To Translate ***--><ItemForTranslation ItemName="_services"			ItemTranslation="Services"/>
        
        <!-- Tab dialog -->
        <!--*** String To Translate ***--><ItemForTranslation ItemName="_tabdialogcaption"		ItemTranslation="Solid Converter Services and Information"/>
        <!--*** String To Translate ***--><ItemForTranslation ItemName="NeedConfigure"			ItemTranslation="You have made changes to your add-in choices but have not chosen to Update Add-ins. Are you sure you want to close without updating?"/>
        
        <!--*** String To Translate ***--><ItemForTranslation ItemName="AddinUnableUpdate"			ItemTranslation="Unable to update {1} add-in."/>
        <!--*** String To Translate ***--><ItemForTranslation ItemName="AddinPossibleReason"			ItemTranslation="Possible reason: {1}"/>
        <!--*** String To Translate ***--><ItemForTranslation ItemName="AddinRegistryReason"			ItemTranslation="locked registry"/>
        <!--*** String To Translate ***--><ItemForTranslation ItemName="AddinApplicationReason"		ItemTranslation="open applications - {1}"/>
        <!--*** String To Translate ***--><ItemForTranslation ItemName="AddinUpdateSuccess"			ItemTranslation="Update addin success."/>
        
        <!--*** String To Translate ***--><ItemForTranslation ItemName="_printer"			ItemTranslation="Create PDF"/>
        
        <!--*** String To Translate ***--><ItemForTranslation ItemName="ProductInstallModeJustMe"			ItemTranslation="{applicationname} is installed for the current user. {1}"/>
        <!--*** String To Translate ***--><ItemForTranslation ItemName="ProductInstallModeForAll"			ItemTranslation="{applicationname} is installed for all users. {1}"/>
        <!--*** String To Translate ***--><ItemForTranslation ItemName="Internet Explorer"			ItemTranslation="Internet Explorer"/>		
	<!--*** String To Translate ***--><ItemForTranslation ItemName="ExcelAndPowerPointNotAvailable"	ItemTranslation="Microsoft Excel and PowerPoint add-ins are available in Professional version only."/>        

	<!--*** String To Translate ***--><ItemForTranslation ItemName="EmbeddedFontWarning"	ItemTranslation="Show the warning if there are fonts that can not be embedded when creating PDF document."/>        
	<!--*** String To Translate ***--><ItemForTranslation ItemName="EmbeddedFontWarningDescription"	ItemTranslation="This document contains fonts that cannot be embedded in the PDF file. Check the Details tab (Converter Log) for more information"/>        
	</LanguageOptions>
</Root>

