<?xml version="1.0" encoding="utf-8" ?>
<Root>
<!--    <LanguageOptions xmlns="x-schema:LanguageSchema.xml" Name="English"> -->
    <LanguageOptions  Name="English">
    
        <!-- Generic -->
        <ItemForTranslation ItemName="OK"                ItemTranslation="OK"/>
        <ItemForTranslation ItemName="Cancel"            ItemTranslation="Avbryt"/>
        <ItemForTranslation ItemName="Yes"               ItemTranslation="Ja"/>
        <ItemForTranslation ItemName="Yes to All"        ItemTranslation="Ja til alt"/>
        <!-- *** String To Translate ***--><ItemForTranslation ItemName="No_to_All"         ItemTranslation="No to All"/>
        <ItemForTranslation ItemName="No"                ItemTranslation="Nei"/>
        <ItemForTranslation ItemName="true"              ItemTranslation="sann"/>
        <ItemForTranslation ItemName="false"             ItemTranslation="usann"/>
        <ItemForTranslation ItemName="Next >>"           ItemTranslation="Neste >>"/>
        <ItemForTranslation ItemName="&lt;&lt; Previous" ItemTranslation="&lt;&lt; Forrige"/>
        <ItemForTranslation ItemName="Finish"            ItemTranslation="Fullfør"/>
        <ItemForTranslation ItemName="Close"             ItemTranslation="Lukk"/>
        
        <ItemForTranslation ItemName="$applicationname Properties"           ItemTranslation="Egenskaper for {applicationname}"/>
        <ItemForTranslation ItemName="Open $applicationname"             ItemTranslation="Åpne {applicationname}"/>
        <ItemForTranslation ItemName="Exit"          ItemTranslation="Avslutt"/>
        

        <ItemForTranslation ItemName="PrnScr"            ItemTranslation="Print Screen"/>
        <ItemForTranslation ItemName="None"          ItemTranslation="Ingen"/>
        
        
        <!-- system info strings used for sending email to customer support -->
        <ItemForTranslation ItemName="Cannot launch your email client."         ItemTranslation="Kan ikke starte e-postklienten din."/>
        <ItemForTranslation ItemName="$applicationname Support Info: "          ItemTranslation="{applicationname} Brukerstøtteinformasjon: "/>
        <ItemForTranslation ItemName="&lt;Enter details of the issue here&gt;"  ItemTranslation="&lt;Skriv inn detaljer om spørsmålet ditt her&gt;"/>
        <ItemForTranslation ItemName="Product"                                  ItemTranslation="Produkt"/>
        <ItemForTranslation ItemName="Registered User"                          ItemTranslation="Registrert bruker"/>
        <ItemForTranslation ItemName="Registered Email"                         ItemTranslation="Registrert e-post"/>
        <ItemForTranslation ItemName="Registered Org"                           ItemTranslation="Registrert org"/>
        <ItemForTranslation ItemName="Operating System"                         ItemTranslation="Operativsystem"/>
        <ItemForTranslation ItemName="System Memory"                            ItemTranslation="Systemminne"/>
        <ItemForTranslation ItemName="Current Locale"                           ItemTranslation="Gjeldende plassering"/>
        <ItemForTranslation ItemName="Current Resolution"                       ItemTranslation="Gjeldende oppløsning"/>
        <ItemForTranslation ItemName="Current Colors"                           ItemTranslation="Gjeldende farger"/>
        <ItemForTranslation ItemName="MDAC Version"                             ItemTranslation="MDAC Versjon"/>
        <ItemForTranslation ItemName="My Documents Folder"                      ItemTranslation="Mappen Mine Dokumenter"/>
        <ItemForTranslation ItemName="My Pictures Folder"                       ItemTranslation="Mappen Mine Bilder"/>
        <ItemForTranslation ItemName="User Temp Folder"                         ItemTranslation="Brukers Midlertidig-mappe"/>
        <ItemForTranslation ItemName="User App Data Folder"                     ItemTranslation="Brukers App Data-mappe"/>
        <ItemForTranslation ItemName="$applicationname Data Folder"             ItemTranslation="{applicationname} Data-mappe"/>
        <ItemForTranslation ItemName="$applicationname Folder"                  ItemTranslation="{applicationname} Mappe"/>
        <ItemForTranslation ItemName="Microsoft Office"                         ItemTranslation="Microsoft Office"/>
        <ItemForTranslation ItemName="Adobe Acrobat"                            ItemTranslation="Adobe Acrobat"/>
        
        <!-- strings for the CFileEditCtrl browse to folder control -->
        <ItemForTranslation ItemName="All Files (*.*)|*.*||"    ItemTranslation="Alle Filer (*.*)|*.*||"/>
        <ItemForTranslation ItemName="Browse"                   ItemTranslation="Søk"/>
        <ItemForTranslation ItemName="Browse for File"          ItemTranslation="Søk etter fil"/>
        <ItemForTranslation ItemName="Enter an existing file."  ItemTranslation="Skriv inn en eksisterende fil."/>
        <ItemForTranslation ItemName="%s does not exist."       ItemTranslation="{1} eksisterer ikke."/>
        <ItemForTranslation ItemName="%s is not a file."        ItemTranslation="{1} er ikke en fil."/>
        <ItemForTranslation ItemName="%s is not a folder."      ItemTranslation="{1} er ikke en mappe."/>
        
        <!-- product unlock dialogbox -->
        <ItemForTranslation ItemName="Invalid user name"        ItemTranslation="Ugyldig brukernavn"/>
		<ItemForTranslation ItemName="Invalid email address"	ItemTranslation="Ugyldig e-postadresse" />
        <ItemForTranslation ItemName="Unlock $applicationname"  ItemTranslation="Lås opp {applicationname}"/>
        <ItemForTranslation ItemName="Register $applicationname" ItemTranslation="Registrer {applicationname}"/>
        
        <ItemForTranslation ItemName="Successfully_Unlocked"    ItemTranslation="{applicationname} vellykket låst opp. Takk for handelen {applicationname}."/>
        <ItemForTranslation ItemName="Successfully_Registered"  ItemTranslation="{applicationname} vellykket registrert. Takk for handelen {applicationname}."/>
        
        <ItemForTranslation ItemName="Invalid unlock code"      ItemTranslation="Ugyldig opplåsingskode"/>
        <ItemForTranslation ItemName="Invalid registration code" ItemTranslation="Ugyldig registreringskode"/>
        <ItemForTranslation ItemName="day"                      ItemTranslation="dag"/>
        <ItemForTranslation ItemName="days"                     ItemTranslation="dager"/>
        
        <ItemForTranslation ItemName="Evaluate"                 ItemTranslation="Evaluer"/>
        <ItemForTranslation ItemName="RunRadio"                 ItemTranslation="Kjør"/>
        <ItemForTranslation ItemName="EvaluateDescr"            ItemTranslation="Jeg vil evaluere {applicationname} ({1} {2} gjenstår for evaluering)"/>
        <ItemForTranslation ItemName="RunUnregisteredDescr"     ItemTranslation="Jeg vil fortsette å jobbe uregistrert ({1} {2} gjenstår å registrere)"/>
        
        <ItemForTranslation ItemName="Unlock"                   ItemTranslation="Lås opp"/>
        <ItemForTranslation ItemName="RegisterRadio"            ItemTranslation="Registrer"/>
        <ItemForTranslation ItemName="UnlocklDescr"             ItemTranslation="Jeg har allerede en lisenskode og vil låse opp {applicationname}"/>
        <ItemForTranslation ItemName="RegisterDescr"            ItemTranslation="Jeg har allerede en registreringskode og vil registrere {applicationname}"/>
        
        <ItemForTranslation ItemName="Purchase"                 ItemTranslation="Kjøp"/>
        <ItemForTranslation ItemName="FetchCodeRadio"           ItemTranslation="Hent kode"/>
        <ItemForTranslation ItemName="PurchaseDescr"            ItemTranslation="Jeg vil kjøpe en lisenskode til {applicationname}"/>
        <ItemForTranslation ItemName="GetRegitrationCodeDescr"  ItemTranslation="Jeg vil besøke nettsiden til {applicationname} for å få registreringskoden min."/>
        
        <ItemForTranslation ItemName="TrialStatusString"            ItemTranslation="Du kjører nå en evalueringsversjon. Vennligst registrer ditt eksemplar. "/>
        <ItemForTranslation ItemName="TrialExpiredStatusString"         ItemTranslation="Evalueringsperioden er utløpt. Vennligst registrer ditt eksemplar."/>

        <ItemForTranslation ItemName="RegistrationStatusString"         ItemTranslation="Du har ikke registrert {applicationname} ennå  - vennligst registrer. "/>
        <ItemForTranslation ItemName="RegistrationExpiredStatusString"  ItemTranslation="Registreringsfri periode er utløpt.  Vennligst registrer ditt eksemplar."/>
        
        
        <!-- generic dialogs -->
        <ItemForTranslation ItemName="Unlock $applicationname"                  ItemTranslation="Lås opp {applicationname}"/>
        <ItemForTranslation ItemName="EMail"                                    ItemTranslation="E-post"/>
        <ItemForTranslation ItemName="Name"                                     ItemTranslation="Navn"/>
        <ItemForTranslation ItemName="Organization"                             ItemTranslation="Organisasjon"/>
        <ItemForTranslation ItemName="Unlock Code"                              ItemTranslation="Opplåsningskode"/>
		<ItemForTranslation ItemName="Registration_Code"						ItemTranslation="Registreringskode"/>
		
        <ItemForTranslation ItemName="Click here to purchase an unlock code!"   ItemTranslation="Klikk her for å kjøpe en opplåsningskode!"/>
		<ItemForTranslation ItemName="Click_here_to_fetch_a_registration_code!" ItemTranslation="Klikk her for å hente en registreringskode!"/>
        
        <ItemForTranslation ItemName="About $applicationname"                   ItemTranslation="Om {applicationname}"/>
        <ItemForTranslation ItemName="$applicationname    Version: $version"    ItemTranslation="{applicationnameregistered}    Versjon: {version}"/>
        <ItemForTranslation ItemName="$applicationname HTML documentation:"     ItemTranslation="{applicationname} HTML dokumentasjon:"/>
        <ItemForTranslation ItemName="Register your copy of $applicationname"       ItemTranslation="Registrer ditt eksemplar av {applicationname}"/>
        <ItemForTranslation ItemName="Buy Now"                      ItemTranslation="Kjøp nå"/>
		
        <ItemForTranslation ItemName="UpgradeVersionDescr"						ItemTranslation="Oppgrader til {applicationname} v2 på 1-2-3"/>
		
        <ItemForTranslation ItemName="UpgradeVersionBtn"							ItemTranslation="Oppgrader nå"/>

        <ItemForTranslation ItemName="Documentation"                            ItemTranslation="Dokumentasjon"/>
        <ItemForTranslation ItemName="System information and email support:"    ItemTranslation="Systeminformasjon og brukerstøtte per e-post:"/>
        <ItemForTranslation ItemName="Support"                                  ItemTranslation="Brukerstøtte"/>
        <ItemForTranslation ItemName="Acknowledgement of open source efforts:"  ItemTranslation="Anerkjennelse av åpen kildekode-innsats:"/>
        <ItemForTranslation ItemName="Credits"                                  ItemTranslation="Bidragsytere"/>
        
        <ItemForTranslation ItemName="I wish to evaluate $applicationname ({1} {2} remaining for evaluation)"   ItemTranslation="Jeg vil evaluere {applicationname} ({1} {2} gjenstår for evaluering)"/>
        <ItemForTranslation ItemName="I already have a license code and would like to unlock $applicationname"  ItemTranslation="Jeg har allerede en lisenskode og vil låse opp {applicationname}"/>
        <ItemForTranslation ItemName="I wish to purchase a license code for $applicationname"                   ItemTranslation="Jeg vil kjøpe en lisenskode til {applicationname}"/>
        
        <!-- support dialog -->
        <ItemForTranslation ItemName="Support Info: $applicationname"   ItemTranslation="Brukerstøtteinformasjon: {applicationname}"/>
        <ItemForTranslation ItemName="SupportDialogStatic"              ItemTranslation="Denne informasjonen er nyttig når man diagnostiserer og løser problemer relatert til {applicationname}. Trykk på [E-post] knappen for å åpne denne informasjonen i e-postklienten din for enkelt å sende den til brukerstøtte eller klipp og lim inn fra edit-vinduet under til en e-post."/>
        <ItemForTranslation ItemName="EMail"                            ItemTranslation="E-post"/>
        
        <!-- warning dialog -->
        <ItemForTranslation ItemName="WarningDlg_Title"   ItemTranslation="{applicationname} Advarsel"/>
		<ItemForTranslation ItemName="dont_show_the_warning_again" ItemTranslation = "Ikke vis advarselen igjen."/>
        
        <!-- password dialog -->
        <ItemForTranslation ItemName="Password:"   ItemTranslation="Passord:"/>
        <ItemForTranslation ItemName="Repeat_Password:"   ItemTranslation="Gjenta passord:"/>
        <!--*** String To Translate ***--><ItemForTranslation ItemName="OpenPasswordsMustMatch"   				ItemTranslation="Open passwords must match."/>
        <!--*** String To Translate ***--><ItemForTranslation ItemName="PermissionPasswordsMustMatch"   		ItemTranslation="Permission passwords must match."/>
        <!--*** String To Translate ***--><ItemForTranslation ItemName="PasswordsMustMatch"   					ItemTranslation="Passord må kamp"/>

		<ItemForTranslation ItemName="&lt;Browse&gt;" ItemTranslation="&lt;Søk...&gt;"/>
		<ItemForTranslation ItemName="&lt;SourceFolder&gt;" ItemTranslation="&lt;Kildemappe&gt;"/>
		<ItemForTranslation ItemName="&lt;RecentFolder&gt;" ItemTranslation="&lt;Nylig brukt mappe&gt;"/>

		<ItemForTranslation ItemName="IOFileLocked" ItemTranslation="Feil ved utdata."/>
		<ItemForTranslation ItemName="IOFileLockedDesc" ItemTranslation="Kan ikke skrive til målfil."/>
		<ItemForTranslation ItemName="Open_For_Editing:" ItemTranslation="Åpne dokument etter konvertering:"/>
        
        <!-- Language list 
        <ItemForTranslation ItemName="en"               ItemTranslation="Engelsk"/>
        <ItemForTranslation ItemName="ru"               ItemTranslation="Russisk"/>
        <ItemForTranslation ItemName="de"               ItemTranslation="Tysk"/>
        <ItemForTranslation ItemName="Japanese"             ItemTranslation="Japansk"/>
        <ItemForTranslation ItemName="fr"					ItemTranslation="Fransk"/>
        <ItemForTranslation ItemName="es"					ItemTranslation="Spansk"/>
        <ItemForTranslation ItemName="it"					ItemTranslation="Italiensk"/>
        <ItemForTranslation ItemName="Danish"               ItemTranslation="Dansk"/>
        <ItemForTranslation ItemName="nl"					ItemTranslation="Nederlandsk"/>
        <ItemForTranslation ItemName="Swedish"              ItemTranslation="Svensk"/>
        <ItemForTranslation ItemName="ChineseSimplified"    ItemTranslation="Kinesisk (Forenklet)"/>
        <ItemForTranslation ItemName="ChineseTraditional"   ItemTranslation="Kinesisk (Tradisjonell)"/>
        <ItemForTranslation ItemName="Finnish"              ItemTranslation="Finsk"/>
        <ItemForTranslation ItemName="ko"                   ItemTranslation="Koreansk"/>
        <ItemForTranslation ItemName="Norwegian"            ItemTranslation="Norsk"/>
        <ItemForTranslation ItemName="Polish"               ItemTranslation="Polsk"/>
        <ItemForTranslation ItemName="pt"                   ItemTranslation="Portuguese"/>
		-->
        <!-- Language list -->
        <ItemForTranslation ItemName="en"                   ItemTranslation="English"/>
        <ItemForTranslation ItemName="ru"                   ItemTranslation="Russian"/>
        <ItemForTranslation ItemName="de"                   ItemTranslation="German"/>
        <ItemForTranslation ItemName="ja"                   ItemTranslation="Japanese"/>
        <ItemForTranslation ItemName="fr"                   ItemTranslation="French"/>
        <ItemForTranslation ItemName="es"                   ItemTranslation="Spanish"/>
        <ItemForTranslation ItemName="it"                   ItemTranslation="Italian"/>
        <ItemForTranslation ItemName="nl"                   ItemTranslation="Dutch"/>
        <ItemForTranslation ItemName="sv"                   ItemTranslation="Swedish"/>
        <ItemForTranslation ItemName="zh-chs"               ItemTranslation="Chinese (Simplified)"/>
        <ItemForTranslation ItemName="zh-cht"               ItemTranslation="Chinese (Traditional)"/>
        <ItemForTranslation ItemName="ko"                   ItemTranslation="Korean"/>
        <ItemForTranslation ItemName="no"                   ItemTranslation="Norwegian"/>
        <ItemForTranslation ItemName="pt"                   ItemTranslation="Portuguese"/>
        <ItemForTranslation ItemName="pt-br"                ItemTranslation="Portuguese (Brazil)"/>
        <ItemForTranslation ItemName="da"                   ItemTranslation="Danish"/>
	<ItemForTranslation ItemName="po"                   ItemTranslation="Polish"/>

		<ItemForTranslation ItemName="SelectFolder" ItemTranslation="Velg mappe:"/>
		<!--*** String To Translate ***--><ItemForTranslation ItemName=".NET_Framework"   					ItemTranslation=".NET Framework"/>
		<ItemForTranslation ItemName="ReplaceFile" ItemTranslation="{n}Filen '{1}' finnes allerede. {n}Vil du erstatte den eksisterende filen?{n}"/>
        <!--*** String To Translate ***--><ItemForTranslation ItemName="_millimeters"             ItemTranslation="millimeters"/>
        <!--*** String To Translate ***--><ItemForTranslation ItemName="_inches"                  ItemTranslation="inches"/>
        <!--*** String To Translate ***--><ItemForTranslation ItemName="_Custom"                  ItemTranslation="Custom"/>
        <!--*** String To Translate ***--><ItemForTranslation ItemName="_Add_Edit_Custom_Form"    ItemTranslation="Add/Edit Custom Form"/>
        <!--*** String To Translate ***--><ItemForTranslation ItemName="_Width"                   ItemTranslation="Width"/>
        <!--*** String To Translate ***--><ItemForTranslation ItemName="_Height"                  ItemTranslation="Height"/>
        <!--*** String To Translate ***--><ItemForTranslation ItemName="_Custom_Form"             ItemTranslation="Custom Form"/>
        <!--*** String To Translate ***--><ItemForTranslation ItemName="_Custom_Form_Name"        ItemTranslation="Custom Form Name"/>
        <!--*** String To Translate ***--><ItemForTranslation ItemName="_Custom_Form_Size"        ItemTranslation="Custom Form Size"/>
        <!--*** String To Translate ***--><ItemForTranslation ItemName="&lt;ChangeCustomPaperSize&gt;"                  ItemTranslation="&lt;Change Custom Paper Size&gt;"/>
<!--*** String To Translate ***--><ItemForTranslation ItemName="_Printer_Margins" 		ItemTranslation="Printer margins:"/>
        <!--*** String To Translate ***--><ItemForTranslation ItemName="_Left" 				ItemTranslation="Left:"/>
        <!--*** String To Translate ***--><ItemForTranslation ItemName="_Top" 				ItemTranslation="Top:"/>
        <!--*** String To Translate ***--><ItemForTranslation ItemName="_Right" 			ItemTranslation="Right:"/>
        <!--*** String To Translate ***--><ItemForTranslation ItemName="_Bottom" 			ItemTranslation="Bottom:"/>
        <!--*** String To Translate ***--><ItemForTranslation ItemName="_Custom_Margins" 		ItemTranslation="Custom Margins"/>
        <!--*** String To Translate ***--><ItemForTranslation ItemName="_Page_Size" 			ItemTranslation="Page size:"/>
        

        <!-- Licence dialog -->
        <!--*** String To Translate ***--><ItemForTranslation ItemName="Licence Info: $applicationname"   ItemTranslation="License Info: {applicationname}"/>
        <!--*** String To Translate ***--><ItemForTranslation ItemName="LicenceDialogStatic"              ItemTranslation="Press [Unlock...] to enter or update your unlock details."/>
        <!--*** String To Translate ***--><ItemForTranslation ItemName="Edit"				     		  ItemTranslation="Unlock..."/>        
        <!--*** String To Translate ***--><ItemForTranslation ItemName="UnlockUpgradeCaption"			  ItemTranslation="Register {applicationname}"/>
        
        <!-- Services dialog -->
        <!--*** String To Translate ***--><ItemForTranslation ItemName="PerUserPluginDescription"	ItemTranslation="Select the add-ins you wish to configure for the current user."/>
		<!--*** String To Translate ***--><ItemForTranslation ItemName="WordPluginOpen"			ItemTranslation="Microsoft Word add-in - open PDF files from within Word"/>
		<!--*** String To Translate ***--><ItemForTranslation ItemName="WordPluginCreate"		ItemTranslation="Microsoft Word add-in - create PDF files from within Word"/>
		<!--*** String To Translate ***--><ItemForTranslation ItemName="AdminPluginDescription"		ItemTranslation="Select the add-ins you wish to configure for all users Note: you will need Admin rights to configure add-ins for all users."/>
		<!--*** String To Translate ***--><ItemForTranslation ItemName="AcrobatPlugin"			ItemTranslation="Acrobat add-in - open PDF files in Word directly from Acrobat"/>
		<!--*** String To Translate ***--><ItemForTranslation ItemName="ExcelPlugin"			ItemTranslation="Microsoft Excel add-in - create PDF files from within Excel"/>
		<!--*** String To Translate ***--><ItemForTranslation ItemName="PowerPointPlugin"		ItemTranslation="Microsoft PowerPoint add-in - create PDF files from within PowerPoint"/>
		<!--*** String To Translate ***--><ItemForTranslation ItemName="ExplorerPlugin"			ItemTranslation="Explorer add-in - convert PDF files from within Windows Explorer and Internet Explorer"/>
		<!--*** String To Translate ***--><ItemForTranslation ItemName="PrinterDescription"		ItemTranslation="Repair PDF Printer service. Note: you will need Admin rights to repair this service."/>
		<!--*** String To Translate ***--><ItemForTranslation ItemName="ReinstallPrinter"		ItemTranslation="Repair PDF Printer Service"/>		
		<!--*** String To Translate ***--><ItemForTranslation ItemName="Configure"			ItemTranslation="Update Add-Ins"/>
        <!--*** String To Translate ***--><ItemForTranslation ItemName="_license"			ItemTranslation="License"/>
        <!--*** String To Translate ***--><ItemForTranslation ItemName="_support"			ItemTranslation="Support"/>
        <!--*** String To Translate ***--><ItemForTranslation ItemName="_services"			ItemTranslation="Services"/>
        
        <!-- Tab dialog -->
        <!--*** String To Translate ***--><ItemForTranslation ItemName="_tabdialogcaption"		ItemTranslation="Solid Converter Services and Information"/>
        <!--*** String To Translate ***--><ItemForTranslation ItemName="NeedConfigure"			ItemTranslation="You have made changes to your add-in choices but have not chosen to Update Add-ins. Are you sure you want to close without updating?"/>
        
        <!--*** String To Translate ***--><ItemForTranslation ItemName="AddinUnableUpdate"			ItemTranslation="Unable to update {1} add-in."/>
        <!--*** String To Translate ***--><ItemForTranslation ItemName="AddinPossibleReason"			ItemTranslation="Possible reason: {1}"/>
        <!--*** String To Translate ***--><ItemForTranslation ItemName="AddinRegistryReason"			ItemTranslation="locked registry"/>
        <!--*** String To Translate ***--><ItemForTranslation ItemName="AddinApplicationReason"		ItemTranslation="open applications - {1}"/>
        <!--*** String To Translate ***--><ItemForTranslation ItemName="AddinUpdateSuccess"			ItemTranslation="Update addin success."/>
        
        <!--*** String To Translate ***--><ItemForTranslation ItemName="_printer"			ItemTranslation="Create PDF"/>
        
        <!--*** String To Translate ***--><ItemForTranslation ItemName="ProductInstallModeJustMe"			ItemTranslation="{applicationname} is installed for the current user. {1}"/>
        <!--*** String To Translate ***--><ItemForTranslation ItemName="ProductInstallModeForAll"			ItemTranslation="{applicationname} is installed for all users. {1}"/>
        <!--*** String To Translate ***--><ItemForTranslation ItemName="Internet Explorer"			ItemTranslation="Internet Explorer"/>		
	<!--*** String To Translate ***--><ItemForTranslation ItemName="ExcelAndPowerPointNotAvailable"	ItemTranslation="Microsoft Excel and PowerPoint add-ins are available in Professional version only."/>        

	<!--*** String To Translate ***--><ItemForTranslation ItemName="EmbeddedFontWarning"	ItemTranslation="Show the warning if there are fonts that can not be embedded when creating PDF document."/>        
	<!--*** String To Translate ***--><ItemForTranslation ItemName="EmbeddedFontWarningDescription"	ItemTranslation="This document contains fonts that cannot be embedded in the PDF file. Check the Details tab (Converter Log) for more information"/>        
    </LanguageOptions>
</Root>
