<?xml version="1.0" encoding="utf-8"?><!-- edited with XMLSPY v2004 rel. 3 U (http://www.xmlspy.com) by Mário Rodrigues (Viva) --><Root>	<!--    <LanguageOptions xmlns="x-schema:LanguageSchema.xml" Name="English"> -->	<LanguageOptions Name="English">		<!-- Generic -->		<ItemForTranslation ItemName="OK" ItemTranslation="OK"/>		<ItemForTranslation ItemName="Cancel" ItemTranslation="Cancelar"/>		<ItemForTranslation ItemName="Yes" ItemTranslation="Sim"/>		<ItemForTranslation ItemName="Yes to All" ItemTranslation="Sim a todos"/>		<!-- *** String To Translate ***--><ItemForTranslation ItemName="No_to_All"         ItemTranslation="No to All"/>		<ItemForTranslation ItemName="No" ItemTranslation="Não"/>		<ItemForTranslation ItemName="true" ItemTranslation="verdadeiro"/>		<ItemForTranslation ItemName="false" ItemTranslation="falso"/>		<ItemForTranslation ItemName="Next >>" ItemTranslation="Seguinte >>"/>		<ItemForTranslation ItemName="&lt;&lt; Previous" ItemTranslation="&lt;&lt; Anterior"/>		<ItemForTranslation ItemName="Finish" ItemTranslation="Concluir"/>		<ItemForTranslation ItemName="Close" ItemTranslation="Fechar"/>		<ItemForTranslation ItemName="$applicationname Properties" ItemTranslation="Propriedades do {applicationname}"/>		<ItemForTranslation ItemName="Open $applicationname" ItemTranslation="Abrir o {applicationname}"/>		<ItemForTranslation ItemName="Exit" ItemTranslation="Sair"/>		<ItemForTranslation ItemName="PrnScr" ItemTranslation="Print Screen"/>		<ItemForTranslation ItemName="None" ItemTranslation="Nenhum"/>		<!-- system info strings used for sending email to customer support -->		<ItemForTranslation ItemName="Cannot launch your email client." ItemTranslation="Não é possível lançar o seu cliente de e-mail."/>		<ItemForTranslation ItemName="$applicationname Support Info: " ItemTranslation="Informações de apoio do {applicationname}: "/>		<ItemForTranslation ItemName="&lt;Enter details of the issue here&gt;" ItemTranslation="&lt;Introduza neste local os pormenores do problema&gt;"/>		<ItemForTranslation ItemName="Product" ItemTranslation="Produto"/>		<ItemForTranslation ItemName="Registered User" ItemTranslation="Utilizador registado"/>		<ItemForTranslation ItemName="Registered Email" ItemTranslation="E-mail registado"/>		<ItemForTranslation ItemName="Registered Org" ItemTranslation="Org. registada"/>		<ItemForTranslation ItemName="Operating System" ItemTranslation="Sistema operativo"/>		<ItemForTranslation ItemName="System Memory" ItemTranslation="Memória do sistema"/>		<ItemForTranslation ItemName="Current Locale" ItemTranslation="Localização actual"/>		<ItemForTranslation ItemName="Current Resolution" ItemTranslation="Resolução actual"/>		<ItemForTranslation ItemName="Current Colors" ItemTranslation="Cores actuais"/>		<ItemForTranslation ItemName="MDAC Version" ItemTranslation="Versão MDAC"/>		<ItemForTranslation ItemName="My Documents Folder" ItemTranslation="Pasta Os meus documentos"/>		<ItemForTranslation ItemName="My Pictures Folder" ItemTranslation="Pasta As minhas imagens"/>		<ItemForTranslation ItemName="User Temp Folder" ItemTranslation="Pasta Temp do utilizador"/>		<ItemForTranslation ItemName="User App Data Folder" ItemTranslation="Pasta Dados das aplic. do utilizador"/>		<ItemForTranslation ItemName="$applicationname Data Folder" ItemTranslation="Pasta Dados do {applicationname}"/>		<ItemForTranslation ItemName="$applicationname Folder" ItemTranslation="Pasta do {applicationname}"/>		<ItemForTranslation ItemName="Microsoft Office" ItemTranslation="Microsoft Office"/>		<ItemForTranslation ItemName="Adobe Acrobat" ItemTranslation="Adobe Acrobat"/>		<!-- strings for the CFileEditCtrl browse to folder control -->		<ItemForTranslation ItemName="All Files (*.*)|*.*||" ItemTranslation="Todos os ficheiros (*.*)|*.*||"/>		<ItemForTranslation ItemName="Browse" ItemTranslation="Procurar"/>		<ItemForTranslation ItemName="Browse for File" ItemTranslation="Procurar ficheiro"/>		<ItemForTranslation ItemName="Enter an existing file." ItemTranslation="Introduzir um ficheiro existente."/>		<ItemForTranslation ItemName="%s does not exist." ItemTranslation="{1} não existe."/>		<ItemForTranslation ItemName="%s is not a file." ItemTranslation="{1} não é um ficheiro."/>		<ItemForTranslation ItemName="%s is not a folder." ItemTranslation="{1} não é uma pasta."/>		<!-- product unlock dialogbox -->		<ItemForTranslation ItemName="Invalid user name" ItemTranslation="Nome de utilizador inválido"/>		<ItemForTranslation ItemName="Invalid email address" ItemTranslation="Endereço de e-mail inválido"/>		<ItemForTranslation ItemName="Unlock $applicationname" ItemTranslation="Desbloquear {applicationname}"/>		<ItemForTranslation ItemName="Register $applicationname" ItemTranslation="Registar {applicationname}"/>		<ItemForTranslation ItemName="Successfully_Unlocked" ItemTranslation="O {applicationname} foi desbloqueado com êxito. Obrigado por ter comprado o {applicationname}."/>		<ItemForTranslation ItemName="Successfully_Registered" ItemTranslation="O {applicationname} foi registado com êxito. Obrigado por ter comprado o {applicationname}."/>		<ItemForTranslation ItemName="Invalid unlock code" ItemTranslation="Código de desbloqueamento inválido"/>		<ItemForTranslation ItemName="Invalid registration code" ItemTranslation="Código de registo inválido"/>		<ItemForTranslation ItemName="day" ItemTranslation="dia"/>		<ItemForTranslation ItemName="days" ItemTranslation="dias"/>		<ItemForTranslation ItemName="Evaluate" ItemTranslation="Avaliar"/>		<ItemForTranslation ItemName="RunRadio" ItemTranslation="Executar"/>		<ItemForTranslation ItemName="EvaluateDescr" ItemTranslation="Desejava avaliar o {applicationname} ({1} {2} restantes para avaliar)"/>		<ItemForTranslation ItemName="RunUnregisteredDescr" ItemTranslation="Desejava continuar a trabalhar sem registo ({1} {2} restantes para registar)"/>		<ItemForTranslation ItemName="Unlock" ItemTranslation="Desbloquear"/>		<ItemForTranslation ItemName="RegisterRadio" ItemTranslation="Registar"/>		<ItemForTranslation ItemName="UnlocklDescr" ItemTranslation="Já disponho de um código de licença e gostaria de desbloquear o {applicationname}"/>		<ItemForTranslation ItemName="RegisterDescr" ItemTranslation="Já disponho de um código de registo e gostaria de registar o {applicationname}"/>		<ItemForTranslation ItemName="Purchase" ItemTranslation="Comprar"/>		<ItemForTranslation ItemName="FetchCodeRadio" ItemTranslation="Obter código"/>		<ItemForTranslation ItemName="PurchaseDescr" ItemTranslation="Desejava comprar um código de licença para o {applicationname}"/>		<ItemForTranslation ItemName="GetRegitrationCodeDescr" ItemTranslation="Desejava visitar o website do {applicationname} para obter o meu código de registo."/>		<ItemForTranslation ItemName="TrialStatusString" ItemTranslation="Está actualmente a utilizar uma versão experimental. Por favor, registe a sua cópia. "/>		<ItemForTranslation ItemName="TrialExpiredStatusString" ItemTranslation="A versão experimental expirou. Por favor, registe a sua cópia."/>		<ItemForTranslation ItemName="RegistrationStatusString" ItemTranslation="Ainda não registou este {applicationname} - por favor, registe-o. "/>		<ItemForTranslation ItemName="RegistrationExpiredStatusString" ItemTranslation="O período de tolerância de registo expirou. Por favor, registe a sua cópia."/>		<!-- generic dialogs -->		<ItemForTranslation ItemName="Unlock $applicationname" ItemTranslation="Desbloquear {applicationname}"/>		<ItemForTranslation ItemName="EMail" ItemTranslation="E-mail"/>		<ItemForTranslation ItemName="Name" ItemTranslation="Nome"/>		<ItemForTranslation ItemName="Organization" ItemTranslation="Organização"/>		<ItemForTranslation ItemName="Unlock Code" ItemTranslation="Código de desbloqueamento"/>		<ItemForTranslation ItemName="Registration_Code" ItemTranslation="Código de registo"/>		<ItemForTranslation ItemName="Click here to purchase an unlock code!" ItemTranslation="Faça clique aqui para comprar um código de desbloqueamento!"/>		<ItemForTranslation ItemName="Click_here_to_fetch_a_registration_code!" ItemTranslation="Faça clique aqui para obter um código de registo!"/>		<ItemForTranslation ItemName="About $applicationname" ItemTranslation="Acerca de {applicationname}"/>		<ItemForTranslation ItemName="$applicationname    Version: $version" ItemTranslation="Versão {version} do {applicationnameregistered}:"/>		<ItemForTranslation ItemName="$applicationname HTML documentation:" ItemTranslation="Documentação HTML do {applicationname}:"/>		<ItemForTranslation ItemName="Register your copy of $applicationname" ItemTranslation="Registe a sua cópia do {applicationname}"/>		<ItemForTranslation ItemName="Buy Now" ItemTranslation="Compre já"/>				<ItemForTranslation ItemName="UpgradeVersionDescr" ItemTranslation="Actualize de imediato para {applicationname} v2"/>				<ItemForTranslation ItemName="UpgradeVersionBtn" ItemTranslation="Actualize já"/>		<ItemForTranslation ItemName="Documentation" ItemTranslation="Documentação"/>		<ItemForTranslation ItemName="System information and email support:" ItemTranslation="Informação do sistema e apoio por e-mail:"/>		<ItemForTranslation ItemName="Support" ItemTranslation="Apoio"/>		<ItemForTranslation ItemName="Acknowledgement of open source efforts:" ItemTranslation="Reconhecimento de iniciativas de software livre:"/>		<ItemForTranslation ItemName="Credits" ItemTranslation="Créditos"/>		<ItemForTranslation ItemName="I wish to evaluate $applicationname ({1} {2} remaining for evaluation)" ItemTranslation="Desejava avaliar o {applicationname} ({1} {2} restantes para avaliação)"/>		<ItemForTranslation ItemName="I already have a license code and would like to unlock $applicationname" ItemTranslation="Já disponho de um código de licença e gostaria de desbloquear o {applicationname}"/>		<ItemForTranslation ItemName="I wish to purchase a license code for $applicationname" ItemTranslation="Desejava comprar um código de licença para o {applicationname}"/>		<!-- support dialog -->		<ItemForTranslation ItemName="Support Info: $applicationname" ItemTranslation="Informação de apoio: {applicationname}"/>		<ItemForTranslation ItemName="SupportDialogStatic" ItemTranslation="Esta informação é útil para diagnosticar e resolver problemas relacionados com o {applicationname}. Prima o botão [E-mail] para abrir esta informação no seu cliente de e-mail de modo a enviá-la facilmente para o apoio, ou corte e cole num e-mail a partir da janela de edição abaixo."/>		<ItemForTranslation ItemName="EMail" ItemTranslation="E-mail"/>		<!-- warning dialog -->		<ItemForTranslation ItemName="WarningDlg_Title" ItemTranslation="Aviso do {applicationname}"/>		<ItemForTranslation ItemName="dont_show_the_warning_again" ItemTranslation="Não mostrar o aviso novamente."/>		<!-- password dialog -->		<ItemForTranslation ItemName="Password:" ItemTranslation="Palavra-passe:"/>		<ItemForTranslation ItemName="Repeat_Password:" ItemTranslation="Repetir palavra-passe:"/>        <!--*** String To Translate ***--><ItemForTranslation ItemName="OpenPasswordsMustMatch"   				ItemTranslation="Open passwords must match."/>
        <!--*** String To Translate ***--><ItemForTranslation ItemName="PermissionPasswordsMustMatch"   		ItemTranslation="Permission passwords must match."/>
        <!--*** String To Translate ***--><ItemForTranslation ItemName="PasswordsMustMatch"   					ItemTranslation="As senhas devem combiner"/>
				<ItemForTranslation ItemName="&lt;Browse&gt;" ItemTranslation="&lt;Procurar...&gt;"/>		<ItemForTranslation ItemName="&lt;SourceFolder&gt;" ItemTranslation="&lt;Pasta do original&gt;"/>		<ItemForTranslation ItemName="&lt;RecentFolder&gt;" ItemTranslation="&lt;Os meus documentos recentes&gt;"/>		<ItemForTranslation ItemName="IOFileLocked" ItemTranslation="Erro de saída."/>		<ItemForTranslation ItemName="IOFileLockedDesc" ItemTranslation="Não é possível escrever para o ficheiro de destino."/>		<ItemForTranslation ItemName="Open_For_Editing:" ItemTranslation="Abrir documento após a conversão:"/>		<!-- Language list 		<ItemForTranslation ItemName="en" ItemTranslation="Inglês"/>		<ItemForTranslation ItemName="ru" ItemTranslation="Russo"/>		<ItemForTranslation ItemName="de" ItemTranslation="Alemão"/>		<ItemForTranslation ItemName="Japanese" ItemTranslation="Japonês"/>		<ItemForTranslation ItemName="fr" ItemTranslation="Francês"/>		<ItemForTranslation ItemName="es" ItemTranslation="Espanhol"/>		<ItemForTranslation ItemName="it" ItemTranslation="Italiano"/>		<ItemForTranslation ItemName="Danish" ItemTranslation="Dinamarquês"/>		<ItemForTranslation ItemName="nl" ItemTranslation="Holandês"/>		<ItemForTranslation ItemName="Swedish" ItemTranslation="Sueco"/>		<ItemForTranslation ItemName="ChineseSimplified" ItemTranslation="Chinês (Simplificado)"/>		<ItemForTranslation ItemName="ChineseTraditional" ItemTranslation="Chinês (Tradicional)"/>		<ItemForTranslation ItemName="Finnish" ItemTranslation="Finlandês"/>		<ItemForTranslation ItemName="ko" ItemTranslation="Coreano"/>		<ItemForTranslation ItemName="Norwegian" ItemTranslation="Norueguês"/>		<ItemForTranslation ItemName="Polish" ItemTranslation="Polaco"/>        <ItemForTranslation ItemName="pt"                   ItemTranslation="Portuguese"/>        -->        <!-- Language list -->
        <ItemForTranslation ItemName="en"                   ItemTranslation="English"/>
        <ItemForTranslation ItemName="ru"                   ItemTranslation="Russian"/>
        <ItemForTranslation ItemName="de"                   ItemTranslation="German"/>
        <ItemForTranslation ItemName="ja"                   ItemTranslation="Japanese"/>
        <ItemForTranslation ItemName="fr"                   ItemTranslation="French"/>
        <ItemForTranslation ItemName="es"                   ItemTranslation="Spanish"/>
        <ItemForTranslation ItemName="it"                   ItemTranslation="Italian"/>
        <ItemForTranslation ItemName="nl"                   ItemTranslation="Dutch"/>
        <ItemForTranslation ItemName="sv"                   ItemTranslation="Swedish"/>
        <ItemForTranslation ItemName="zh-chs"               ItemTranslation="Chinese (Simplified)"/>
        <ItemForTranslation ItemName="zh-cht"               ItemTranslation="Chinese (Traditional)"/>
        <ItemForTranslation ItemName="ko"                   ItemTranslation="Korean"/>
        <ItemForTranslation ItemName="no"                   ItemTranslation="Norwegian"/>
        <ItemForTranslation ItemName="pt"                   ItemTranslation="Portuguese"/>
        <ItemForTranslation ItemName="pt-br"                ItemTranslation="Portuguese (Brazil)"/>
        <ItemForTranslation ItemName="da"                   ItemTranslation="Danish"/>
	<ItemForTranslation ItemName="po"                   ItemTranslation="Polish"/>				<ItemForTranslation ItemName="SelectFolder" ItemTranslation="Seleccionar pasta:"/>		<!--*** String To Translate ***--><ItemForTranslation ItemName=".NET_Framework"   					ItemTranslation=".NET Framework"/>		<ItemForTranslation ItemName="ReplaceFile" ItemTranslation="{n}Este ficheiro '{1}' já existe. {n}Pretende substituir o ficheiro existente?{n}"/>        <!--*** String To Translate ***--><ItemForTranslation ItemName="_millimeters"             ItemTranslation="millimeters"/>
        <!--*** String To Translate ***--><ItemForTranslation ItemName="_inches"                  ItemTranslation="inches"/>
        <!--*** String To Translate ***--><ItemForTranslation ItemName="_Custom"                  ItemTranslation="Custom"/>
        <!--*** String To Translate ***--><ItemForTranslation ItemName="_Add_Edit_Custom_Form"    ItemTranslation="Add/Edit Custom Form"/>
        <!--*** String To Translate ***--><ItemForTranslation ItemName="_Width"                   ItemTranslation="Width"/>
        <!--*** String To Translate ***--><ItemForTranslation ItemName="_Height"                  ItemTranslation="Height"/>
        <!--*** String To Translate ***--><ItemForTranslation ItemName="_Custom_Form"             ItemTranslation="Custom Form"/>
        <!--*** String To Translate ***--><ItemForTranslation ItemName="_Custom_Form_Name"        ItemTranslation="Custom Form Name"/>
        <!--*** String To Translate ***--><ItemForTranslation ItemName="_Custom_Form_Size"        ItemTranslation="Custom Form Size"/>
        <!--*** String To Translate ***--><ItemForTranslation ItemName="&lt;ChangeCustomPaperSize&gt;"                  ItemTranslation="&lt;Change Custom Paper Size&gt;"/>
<!--*** String To Translate ***--><ItemForTranslation ItemName="_Printer_Margins" 		ItemTranslation="Printer margins:"/>
        <!--*** String To Translate ***--><ItemForTranslation ItemName="_Left" 				ItemTranslation="Left:"/>
        <!--*** String To Translate ***--><ItemForTranslation ItemName="_Top" 				ItemTranslation="Top:"/>
        <!--*** String To Translate ***--><ItemForTranslation ItemName="_Right" 			ItemTranslation="Right:"/>
        <!--*** String To Translate ***--><ItemForTranslation ItemName="_Bottom" 			ItemTranslation="Bottom:"/>
        <!--*** String To Translate ***--><ItemForTranslation ItemName="_Custom_Margins" 		ItemTranslation="Custom Margins"/>
        <!--*** String To Translate ***--><ItemForTranslation ItemName="_Page_Size" 			ItemTranslation="Page size:"/>
        

        <!-- Licence dialog -->
        <!--*** String To Translate ***--><ItemForTranslation ItemName="Licence Info: $applicationname"   ItemTranslation="License Info: {applicationname}"/>
        <!--*** String To Translate ***--><ItemForTranslation ItemName="LicenceDialogStatic"              ItemTranslation="Press [Unlock...] to enter or update your unlock details."/>
        <!--*** String To Translate ***--><ItemForTranslation ItemName="Edit"				     		  ItemTranslation="Unlock..."/>        
        <!--*** String To Translate ***--><ItemForTranslation ItemName="UnlockUpgradeCaption"			  ItemTranslation="Register {applicationname}"/>
        
        <!-- Services dialog -->
        <!--*** String To Translate ***--><ItemForTranslation ItemName="PerUserPluginDescription"	ItemTranslation="Select the add-ins you wish to configure for the current user."/>
		<!--*** String To Translate ***--><ItemForTranslation ItemName="WordPluginOpen"			ItemTranslation="Microsoft Word add-in - open PDF files from within Word"/>
		<!--*** String To Translate ***--><ItemForTranslation ItemName="WordPluginCreate"		ItemTranslation="Microsoft Word add-in - create PDF files from within Word"/>
		<!--*** String To Translate ***--><ItemForTranslation ItemName="AdminPluginDescription"		ItemTranslation="Select the add-ins you wish to configure for all users Note: you will need Admin rights to configure add-ins for all users."/>
		<!--*** String To Translate ***--><ItemForTranslation ItemName="AcrobatPlugin"			ItemTranslation="Acrobat add-in - open PDF files in Word directly from Acrobat"/>
		<!--*** String To Translate ***--><ItemForTranslation ItemName="ExcelPlugin"			ItemTranslation="Microsoft Excel add-in - create PDF files from within Excel"/>
		<!--*** String To Translate ***--><ItemForTranslation ItemName="PowerPointPlugin"		ItemTranslation="Microsoft PowerPoint add-in - create PDF files from within PowerPoint"/>
		<!--*** String To Translate ***--><ItemForTranslation ItemName="ExplorerPlugin"			ItemTranslation="Explorer add-in - convert PDF files from within Windows Explorer and Internet Explorer"/>
		<!--*** String To Translate ***--><ItemForTranslation ItemName="PrinterDescription"		ItemTranslation="Repair PDF Printer service. Note: you will need Admin rights to repair this service."/>
		<!--*** String To Translate ***--><ItemForTranslation ItemName="ReinstallPrinter"		ItemTranslation="Repair PDF Printer Service"/>		
		<!--*** String To Translate ***--><ItemForTranslation ItemName="Configure"			ItemTranslation="Update Add-Ins"/>
        <!--*** String To Translate ***--><ItemForTranslation ItemName="_license"			ItemTranslation="License"/>
        <!--*** String To Translate ***--><ItemForTranslation ItemName="_support"			ItemTranslation="Support"/>
        <!--*** String To Translate ***--><ItemForTranslation ItemName="_services"			ItemTranslation="Services"/>
        
        <!-- Tab dialog -->
        <!--*** String To Translate ***--><ItemForTranslation ItemName="_tabdialogcaption"		ItemTranslation="Solid Converter Services and Information"/>
        <!--*** String To Translate ***--><ItemForTranslation ItemName="NeedConfigure"			ItemTranslation="You have made changes to your add-in choices but have not chosen to Update Add-ins. Are you sure you want to close without updating?"/>
        
        <!--*** String To Translate ***--><ItemForTranslation ItemName="AddinUnableUpdate"			ItemTranslation="Unable to update {1} add-in."/>
        <!--*** String To Translate ***--><ItemForTranslation ItemName="AddinPossibleReason"			ItemTranslation="Possible reason: {1}"/>
        <!--*** String To Translate ***--><ItemForTranslation ItemName="AddinRegistryReason"			ItemTranslation="locked registry"/>
        <!--*** String To Translate ***--><ItemForTranslation ItemName="AddinApplicationReason"		ItemTranslation="open applications - {1}"/>
        <!--*** String To Translate ***--><ItemForTranslation ItemName="AddinUpdateSuccess"			ItemTranslation="Update addin success."/>
        
        <!--*** String To Translate ***--><ItemForTranslation ItemName="_printer"			ItemTranslation="Create PDF"/>
        
        <!--*** String To Translate ***--><ItemForTranslation ItemName="ProductInstallModeJustMe"			ItemTranslation="{applicationname} is installed for the current user. {1}"/>
        <!--*** String To Translate ***--><ItemForTranslation ItemName="ProductInstallModeForAll"			ItemTranslation="{applicationname} is installed for all users. {1}"/>
        <!--*** String To Translate ***--><ItemForTranslation ItemName="Internet Explorer"			ItemTranslation="Internet Explorer"/>			<!--*** String To Translate ***--><ItemForTranslation ItemName="ExcelAndPowerPointNotAvailable"	ItemTranslation="Microsoft Excel and PowerPoint add-ins are available in Professional version only."/>        

	<!--*** String To Translate ***--><ItemForTranslation ItemName="EmbeddedFontWarning"	ItemTranslation="Show the warning if there are fonts that can not be embedded when creating PDF document."/>        
	<!--*** String To Translate ***--><ItemForTranslation ItemName="EmbeddedFontWarningDescription"	ItemTranslation="This document contains fonts that cannot be embedded in the PDF file. Check the Details tab (Converter Log) for more information"/>        
	</LanguageOptions></Root>
