<?xml version="1.0" encoding="utf-8"?>
<Root>
<!--    <LanguageOptions xmlns="x-schema:LanguageSchema.xml" Name="English"> -->
    <LanguageOptions Name="English">
    
        <!-- Generic -->
        <ItemForTranslation ItemName="OK" ItemTranslation="OK"/>
        <ItemForTranslation ItemName="Cancel" ItemTranslation="Anuluj"/>
        <ItemForTranslation ItemName="Yes" ItemTranslation="Tak"/>
        <ItemForTranslation ItemName="Yes to All" ItemTranslation="Tak dla wszystkich"/>
	<ItemForTranslation ItemName="No_to_All" ItemTranslation="No to All" />
        <ItemForTranslation ItemName="No" ItemTranslation="Nie"/>
        <ItemForTranslation ItemName="true" ItemTranslation="prawda"/>
        <ItemForTranslation ItemName="false" ItemTranslation="fałsz"/>
        <ItemForTranslation ItemName="Next >>" ItemTranslation="Dalej >>"/>
        <ItemForTranslation ItemName="&lt;&lt; Previous" ItemTranslation="&lt;&lt; Wstecz"/>
        <ItemForTranslation ItemName="Finish" ItemTranslation="Zakończenie"/>
        <ItemForTranslation ItemName="Close" ItemTranslation="Zamknij"/>
        
        <ItemForTranslation ItemName="$applicationname Properties" ItemTranslation="Właściwości {applicationname}"/>
        <ItemForTranslation ItemName="Open $applicationname" ItemTranslation="Otwórz {applicationname}"/>
        <ItemForTranslation ItemName="Exit" ItemTranslation="Wyjście"/>
        

        <ItemForTranslation ItemName="PrnScr" ItemTranslation="Zrzut ekranowy (Print Screen)"/>
        <ItemForTranslation ItemName="None" ItemTranslation="Brak"/>
        
        
        <!-- system info strings used for sending email to customer support -->
        <ItemForTranslation ItemName="Cannot launch your email client." ItemTranslation="Nie można uruchomić programu pocztowego."/>
        <ItemForTranslation ItemName="$applicationname Support Info: " ItemTranslation="{applicationname} — informacje dodatkowe."/>
        <ItemForTranslation ItemName="&lt;Enter details of the issue here&gt;" ItemTranslation="&lt;Tu wpisz szczegóły.&gt;"/>
        <ItemForTranslation ItemName="Product" ItemTranslation="Produkt"/>
        <ItemForTranslation ItemName="Registered User" ItemTranslation="Użytkownik zarejestrowany"/>
        <ItemForTranslation ItemName="Registered Email" ItemTranslation="Zarejestrowany adres e-mail"/>
        <ItemForTranslation ItemName="Registered Org" ItemTranslation="Zarejestrowana organizacja"/>
        <ItemForTranslation ItemName="Operating System" ItemTranslation="System operacyjny"/>
        <ItemForTranslation ItemName="System Memory" ItemTranslation="Pamięć systemu"/>
        <ItemForTranslation ItemName="Current Locale" ItemTranslation="Bieżące ustawienia lokalne"/>
        <ItemForTranslation ItemName="Current Resolution" ItemTranslation="Bieżące ustawienia rozdzielczości"/>
        <ItemForTranslation ItemName="Current Colors" ItemTranslation="Bieżące ustawienia kolorów"/>
        <ItemForTranslation ItemName="MDAC Version" ItemTranslation="Wersja składników MDAC"/>
        <ItemForTranslation ItemName="My Documents Folder" ItemTranslation="Folder Moje dokumenty"/>
        <ItemForTranslation ItemName="My Pictures Folder" ItemTranslation="Folder Moje obrazy"/>
        <ItemForTranslation ItemName="User Temp Folder" ItemTranslation="Folder plików tymczasowych"/>
        <ItemForTranslation ItemName="User App Data Folder" ItemTranslation="Folder danych aplikacji"/>
        <ItemForTranslation ItemName="$applicationname Data Folder" ItemTranslation="{applicationname} Folder danych"/>
        <ItemForTranslation ItemName="$applicationname Folder" ItemTranslation="{applicationname} Folder"/>
        <ItemForTranslation ItemName="Microsoft Office" ItemTranslation="Microsoft Office"/>
        <ItemForTranslation ItemName="Adobe Acrobat" ItemTranslation="Adobe Acrobat"/>
        
        <!-- strings for the CFileEditCtrl browse to folder control -->
        <ItemForTranslation ItemName="All Files (*.*)|*.*||" ItemTranslation="Wszystkie pliki (*.*)|*.*||"/>
        <ItemForTranslation ItemName="Browse" ItemTranslation="Przeglądaj"/>
        <ItemForTranslation ItemName="Browse for File" ItemTranslation="Wyszukaj plik"/>
        <ItemForTranslation ItemName="Enter an existing file." ItemTranslation="Wprowadź istniejący plik."/>
        <ItemForTranslation ItemName="%s does not exist." ItemTranslation="{1} nie istnieje."/>
        <ItemForTranslation ItemName="%s is not a file." ItemTranslation="{1} nie jest plikiem."/>
        <ItemForTranslation ItemName="%s is not a folder." ItemTranslation="{1} nie jest folderem."/>
        
        <!-- product unlock dialogbox -->
        <ItemForTranslation ItemName="Invalid user name" ItemTranslation="Nieprawidłowa nazwa użytkownika"/>
        <ItemForTranslation ItemName="Invalid email address" ItemTranslation="Nieprawidłowy adres e-mail"/>
        <ItemForTranslation ItemName="Unlock $applicationname" ItemTranslation="Odblokuj {applicationname}"/>
        <ItemForTranslation ItemName="Register $applicationname" ItemTranslation="Zarejestruj {applicationname}"/>
        
        <ItemForTranslation ItemName="Successfully_Unlocked" ItemTranslation="{applicationname} — odblokowany. Dziękujemy za zakupienie {applicationname}."/>
        <ItemForTranslation ItemName="Successfully_Registered" ItemTranslation="Zakończono rejestrację programu {applicationname}. Dziękujemy za zakupienie {applicationname}."/>
        
        <ItemForTranslation ItemName="Invalid unlock code" ItemTranslation="Nieprawidłowy klucz odblokowujący."/>
        <ItemForTranslation ItemName="Invalid registration code" ItemTranslation="Nieprawidłowy kod rejestracyjny."/>
        <ItemForTranslation ItemName="day" ItemTranslation="dzień"/>
        <ItemForTranslation ItemName="days" ItemTranslation="dni"/>
        
        <ItemForTranslation ItemName="Evaluate" ItemTranslation="Wersja ewaluacyjna"/>
        <ItemForTranslation ItemName="RunRadio" ItemTranslation="Uruchom"/>
        <ItemForTranslation ItemName="EvaluateDescr" ItemTranslation="Chcę kontynuować ewaluację programu {applicationname} (jeszcze {1} {2} ewaluacji)"/>
        <ItemForTranslation ItemName="RunUnregisteredDescr" ItemTranslation="Chcę kontynuować pracę bez rejestracji programu (jeszcze {1} {2} do rejestracji)"/>
        
        <ItemForTranslation ItemName="Unlock" ItemTranslation="Odblokuj"/>
        <ItemForTranslation ItemName="RegisterRadio" ItemTranslation="Zarejestruj"/>
        <ItemForTranslation ItemName="UnlocklDescr" ItemTranslation="Posiadam już kod licencyjny i chcę odblokować program {applicationname}."/>
        <ItemForTranslation ItemName="RegisterDescr" ItemTranslation="Posiadam już kod rejestracyjny i chcę zarejestrować program {applicationname}."/>
        
        <ItemForTranslation ItemName="Purchase" ItemTranslation="Kup"/>
        <ItemForTranslation ItemName="FetchCodeRadio" ItemTranslation="Uzyskaj kod"/>
        <ItemForTranslation ItemName="PurchaseDescr" ItemTranslation="Chcę zakupić kod licencyjny dla programu {applicationname}"/>
        <ItemForTranslation ItemName="GetRegitrationCodeDescr" ItemTranslation="Chcę uzyskać mój kod rejestracyjny z witryny programu {applicationname}."/>
        
        <ItemForTranslation ItemName="TrialStatusString" ItemTranslation="Obecnie wykorzystywana jest wersja ewaluacyjna. Prosimy o rejestrację programu. "/>
        <ItemForTranslation ItemName="TrialExpiredStatusString" ItemTranslation="Okres działania wersji ewaluacyjnej dobiegł końca. Prosimy o rejestrację programu."/>

        <ItemForTranslation ItemName="RegistrationStatusString" ItemTranslation="Program {applicationname} nie został jeszcze zarejestrowany. Prosimy o rejestrację. "/>
        <ItemForTranslation ItemName="RegistrationExpiredStatusString" ItemTranslation="Okres działania wersji bez rejestracji dobiegł końca. Prosimy o rejestrację programu."/>
        
        
        <!-- generic dialogs -->
        <ItemForTranslation ItemName="EMail" ItemTranslation="E-mail"/>
        <ItemForTranslation ItemName="Name" ItemTranslation="Imię i nazwisko"/>
        <ItemForTranslation ItemName="Organization" ItemTranslation="Organizacja"/>
        <ItemForTranslation ItemName="Unlock Code" ItemTranslation="Klucz odblokowujący"/>
        <ItemForTranslation ItemName="Registration_Code" ItemTranslation="Kod rejestracyjny"/>
        
        <ItemForTranslation ItemName="Click here to purchase an unlock code!" ItemTranslation="Kliknij tu, aby dokonać zakupu klucza odblokowującego."/>
        <ItemForTranslation ItemName="Click_here_to_fetch_a_registration_code!" ItemTranslation="Kliknij tu, aby pobrać kodu rejestracyjny."/>
        
        <ItemForTranslation ItemName="About $applicationname" ItemTranslation="O programie {applicationname}"/>
        <ItemForTranslation ItemName="$applicationname    Version: $version" ItemTranslation="{applicationnameregistered}    Wersja: {version}"/>
        <ItemForTranslation ItemName="$applicationname HTML documentation:" ItemTranslation="{applicationname} Dokumentacja w formacie HTML:"/>
        <ItemForTranslation ItemName="Register your copy of $applicationname" ItemTranslation="Zarejestruj program {applicationname}"/>
        <ItemForTranslation ItemName="Buy Now" ItemTranslation="Kup teraz"/>

        <ItemForTranslation ItemName="Documentation" ItemTranslation="Dokumentacja"/>
        <ItemForTranslation ItemName="System information and email support:" ItemTranslation="Informacja o systemie oraz obsługa poprzez pocztę e-mail:"/>
        <ItemForTranslation ItemName="Support" ItemTranslation="Obsługa"/>
        <ItemForTranslation ItemName="Acknowledgement of open source efforts:" ItemTranslation="Podziękowania za udział w dostarczaniu elementów „open source”:"/>
        <ItemForTranslation ItemName="Credits" ItemTranslation="Autorzy"/>
        
        <ItemForTranslation ItemName="I wish to evaluate $applicationname ({1} {2} remaining for evaluation)" ItemTranslation="Chcę kontynuować ewaluację programu {applicationname} (jeszcze {1} {2} ewaluacji)"/>
        <ItemForTranslation ItemName="I already have a license code and would like to unlock $applicationname" ItemTranslation="Posiadam już kod licencyjny i chcę odblokować program {applicationname}."/>
        <ItemForTranslation ItemName="I wish to purchase a license code for $applicationname" ItemTranslation="Chcę zakupić kod licencyjny dla programu {applicationname}"/>
        
        <!-- support dialog -->
        <ItemForTranslation ItemName="Support Info: $applicationname" ItemTranslation="Informacje dodatkowe: {applicationname}"/>
        <ItemForTranslation ItemName="SupportDialogStatic" ItemTranslation="Informacje te są potrzebne podczas diagnozowania oraz rozwiązywania problemów związanych z {applicationname}. Wciśnij przycisk [E-mail], aby skopiować te informacje do programu pocztowego, z którego w prosty sposób można je przesłać do działu obsługi bądź skopiować i wkleić z okna edycji do dowolnej wiadomości email."/>
        
        <!-- warning dialog -->
        <ItemForTranslation ItemName="WarningDlg_Title" ItemTranslation="{applicationname} Ostrzeżenie"/>
        <ItemForTranslation ItemName="dont_show_the_warning_again" ItemTranslation="Nie pokazuj więcej tego ostrzeżenia."/>
        
        <!-- password dialog -->
        <ItemForTranslation ItemName="Password:" ItemTranslation="Hasło:"/>
        <ItemForTranslation ItemName="Repeat_Password:" ItemTranslation="Powtórz hasło:"/>
        
        <!-- Language list -->
        <!--ItemForTranslation ItemName="en" ItemTranslation="angielski"/>
        <ItemForTranslation ItemName="ru" ItemTranslation="rosyjski"/>
        <ItemForTranslation ItemName="de" ItemTranslation="niemiecki"/>
        <ItemForTranslation ItemName="ja" ItemTranslation="japoński"/>
        <ItemForTranslation ItemName="fr" ItemTranslation="francuzki"/>
        <ItemForTranslation ItemName="es" ItemTranslation="hiszpański"/>
        <ItemForTranslation ItemName="it" ItemTranslation="włoski"/>
        <ItemForTranslation ItemName="nl" ItemTranslation="niderlandzki"/>
        <ItemForTranslation ItemName="sv" ItemTranslation="szwedzki"/>
        <ItemForTranslation ItemName="zh-cn" ItemTranslation="chiński (uproszczony)"/>
        <ItemForTranslation ItemName="zh-tw" ItemTranslation="chiński (tradycyjny)"/>
        <ItemForTranslation ItemName="ko" ItemTranslation="koreański"/>
        <ItemForTranslation ItemName="no" ItemTranslation="norweski"/> 
	<ItemForTranslation ItemName="pt" ItemTranslation="portugalski"/-->

        <ItemForTranslation ItemName="en"                   ItemTranslation="English"/>
        <ItemForTranslation ItemName="ru"                   ItemTranslation="Russian"/>
        <ItemForTranslation ItemName="de"                   ItemTranslation="German"/>
        <ItemForTranslation ItemName="ja"                   ItemTranslation="Japanese"/>
        <ItemForTranslation ItemName="fr"                   ItemTranslation="French"/>
        <ItemForTranslation ItemName="es"                   ItemTranslation="Spanish"/>
        <ItemForTranslation ItemName="it"                   ItemTranslation="Italian"/>
        <ItemForTranslation ItemName="nl"                   ItemTranslation="Dutch"/>
        <ItemForTranslation ItemName="sv"                   ItemTranslation="Swedish"/>
        <ItemForTranslation ItemName="zh-chs"               ItemTranslation="Chinese (Simplified)"/>
        <ItemForTranslation ItemName="zh-cht"               ItemTranslation="Chinese (Traditional)"/>
        <ItemForTranslation ItemName="ko"                   ItemTranslation="Korean"/>
        <ItemForTranslation ItemName="no"                   ItemTranslation="Norwegian"/>
        <ItemForTranslation ItemName="pt"                   ItemTranslation="Portuguese"/>
        <ItemForTranslation ItemName="pt-br"                ItemTranslation="Portuguese (Brazil)"/>
        <ItemForTranslation ItemName="da"                   ItemTranslation="Danish"/>
        <ItemForTranslation ItemName="po"                   ItemTranslation="Polish"/>
        <ItemForTranslation ItemName="ReplaceFile"                               ItemTranslation="{n}File '{1}' already exists. {n}Would you like to replace the existing file?{n}"/>
        <!--*** String To Translate ***--><ItemForTranslation ItemName="_millimeters"             ItemTranslation="millimeters"/>
        <!--*** String To Translate ***--><ItemForTranslation ItemName="_inches"                  ItemTranslation="inches"/>
        <!--*** String To Translate ***--><ItemForTranslation ItemName="_Custom"                  ItemTranslation="Custom"/>
        <!--*** String To Translate ***--><ItemForTranslation ItemName="_Add_Edit_Custom_Form"    ItemTranslation="Add/Edit Custom Form"/>
        <!--*** String To Translate ***--><ItemForTranslation ItemName="_Width"                   ItemTranslation="Width"/>
        <!--*** String To Translate ***--><ItemForTranslation ItemName="_Height"                  ItemTranslation="Height"/>
        <!--*** String To Translate ***--><ItemForTranslation ItemName="_Custom_Form"             ItemTranslation="Custom Form"/>
        <!--*** String To Translate ***--><ItemForTranslation ItemName="_Custom_Form_Name"        ItemTranslation="Custom Form Name"/>
        <!--*** String To Translate ***--><ItemForTranslation ItemName="_Custom_Form_Size"        ItemTranslation="Custom Form Size"/>
        <!--*** String To Translate ***--><ItemForTranslation ItemName="&lt;ChangeCustomPaperSize&gt;"                  ItemTranslation="&lt;Change Custom Paper Size&gt;"/>
        <!--*** String To Translate ***--><ItemForTranslation ItemName="IOFileLocked"                      ItemTranslation="Output Error."/>
        <!--*** String To Translate ***--><ItemForTranslation ItemName="IOFileLockedDesc"                  ItemTranslation="Cannot write to target file."/>
        <!--*** String To Translate ***--><ItemForTranslation ItemName="Open_For_Editing:"                            ItemTranslation="Open document after conversion:"/>

        <!-- Licence dialog -->
        <!--*** String To Translate ***--><ItemForTranslation ItemName="Licence Info: $applicationname"   ItemTranslation="License Info: {applicationname}"/>
        <!--*** String To Translate ***--><ItemForTranslation ItemName="LicenceDialogStatic"              ItemTranslation="Press [Unlock...] to enter or update your unlock details."/>
        <!--*** String To Translate ***--><ItemForTranslation ItemName="Edit"				     		  ItemTranslation="Unlock..."/>        
        <!--*** String To Translate ***--><ItemForTranslation ItemName="UnlockUpgradeCaption"			  ItemTranslation="Register {applicationname}"/>
        
        <!-- Services dialog -->
        <!--*** String To Translate ***--><ItemForTranslation ItemName="PerUserPluginDescription"	ItemTranslation="Select the add-ins you wish to configure for the current user."/>
		<!--*** String To Translate ***--><ItemForTranslation ItemName="WordPluginOpen"			ItemTranslation="Microsoft Word add-in - open PDF files from within Word"/>
		<!--*** String To Translate ***--><ItemForTranslation ItemName="WordPluginCreate"		ItemTranslation="Microsoft Word add-in - create PDF files from within Word"/>
		<!--*** String To Translate ***--><ItemForTranslation ItemName="AdminPluginDescription"		ItemTranslation="Select the add-ins you wish to configure for all users Note: you will need Admin rights to configure add-ins for all users."/>
		<!--*** String To Translate ***--><ItemForTranslation ItemName="AcrobatPlugin"			ItemTranslation="Acrobat add-in - open PDF files in Word directly from Acrobat"/>
		<!--*** String To Translate ***--><ItemForTranslation ItemName="ExcelPlugin"			ItemTranslation="Microsoft Excel add-in - create PDF files from within Excel"/>
		<!--*** String To Translate ***--><ItemForTranslation ItemName="PowerPointPlugin"		ItemTranslation="Microsoft PowerPoint add-in - create PDF files from within PowerPoint"/>
		<!--*** String To Translate ***--><ItemForTranslation ItemName="ExplorerPlugin"			ItemTranslation="Explorer add-in - convert PDF files from within Windows Explorer and Internet Explorer"/>
		<!--*** String To Translate ***--><ItemForTranslation ItemName="PrinterDescription"		ItemTranslation="Repair PDF Printer service. Note: you will need Admin rights to repair this service."/>
		<!--*** String To Translate ***--><ItemForTranslation ItemName="ReinstallPrinter"		ItemTranslation="Repair PDF Printer Service"/>		
		<!--*** String To Translate ***--><ItemForTranslation ItemName="Configure"			ItemTranslation="Update Add-Ins"/>
        <!--*** String To Translate ***--><ItemForTranslation ItemName="_license"			ItemTranslation="License"/>
        <!--*** String To Translate ***--><ItemForTranslation ItemName="_support"			ItemTranslation="Support"/>
        <!--*** String To Translate ***--><ItemForTranslation ItemName="_services"			ItemTranslation="Services"/>
        
        <!-- Tab dialog -->
        <!--*** String To Translate ***--><ItemForTranslation ItemName="_tabdialogcaption"		ItemTranslation="Solid Converter Services and Information"/>
        <!--*** String To Translate ***--><ItemForTranslation ItemName="NeedConfigure"			ItemTranslation="You have made changes to your add-in choices but have not chosen to Update Add-ins. Are you sure you want to close without updating?"/>
        
        <!--*** String To Translate ***--><ItemForTranslation ItemName="AddinUnableUpdate"			ItemTranslation="Unable to update {1} add-in."/>
        <!--*** String To Translate ***--><ItemForTranslation ItemName="AddinPossibleReason"			ItemTranslation="Possible reason: {1}"/>
        <!--*** String To Translate ***--><ItemForTranslation ItemName="AddinRegistryReason"			ItemTranslation="locked registry"/>
        <!--*** String To Translate ***--><ItemForTranslation ItemName="AddinApplicationReason"		ItemTranslation="open applications - {1}"/>
        <!--*** String To Translate ***--><ItemForTranslation ItemName="AddinUpdateSuccess"			ItemTranslation="Update addin success."/>
        
        <!--*** String To Translate ***--><ItemForTranslation ItemName="_printer"			ItemTranslation="Create PDF"/>
        
        <!--*** String To Translate ***--><ItemForTranslation ItemName="ProductInstallModeJustMe"			ItemTranslation="{applicationname} is installed for the current user. {1}"/>
        <!--*** String To Translate ***--><ItemForTranslation ItemName="ProductInstallModeForAll"			ItemTranslation="{applicationname} is installed for all users. {1}"/>
        <!--*** String To Translate ***--><ItemForTranslation ItemName="Internet Explorer"			ItemTranslation="Internet Explorer"/>
	<!--*** String To Translate ***--><ItemForTranslation ItemName="ExcelAndPowerPointNotAvailable"	ItemTranslation="Microsoft Excel and PowerPoint add-ins are available in Professional version only."/>        

	<!--*** String To Translate ***--><ItemForTranslation ItemName="EmbeddedFontWarning"	ItemTranslation="Show the warning if there are fonts that can not be embedded when creating PDF document."/>        
	<!--*** String To Translate ***--><ItemForTranslation ItemName="EmbeddedFontWarningDescription"	ItemTranslation="This document contains fonts that cannot be embedded in the PDF file. Check the Details tab (Converter Log) for more information"/>        
    </LanguageOptions>
</Root>
