<?xml version="1.0" encoding="utf-8"?>
<Root>
	<!--     <LanguageOptions xmlns="x-schema:LanguageSchema.xml" Name="English"> -->
	<LanguageOptions Name="English">
		<!-- Generic -->
		<ItemForTranslation ItemName="OK" ItemTranslation="Aceptar"/>
		<ItemForTranslation ItemName="Cancel" ItemTranslation="Cancelar"/>
		<ItemForTranslation ItemName="Yes" ItemTranslation="Sí"/>
		<ItemForTranslation ItemName="Yes to All" ItemTranslation="Sí a todo"/>
		<!-- *** String To Translate ***--><ItemForTranslation ItemName="No_to_All"         ItemTranslation="No to All"/>
		<ItemForTranslation ItemName="No" ItemTranslation="No"/>
		<ItemForTranslation ItemName="true" ItemTranslation="verdadero"/>
		<ItemForTranslation ItemName="false" ItemTranslation="falso"/>
		<ItemForTranslation ItemName="Next &gt;&gt;" ItemTranslation="Siguiente &gt;&gt;"/>
		<ItemForTranslation ItemName="&lt;&lt; Previous" ItemTranslation="&lt;&lt; Anterior"/>
		<ItemForTranslation ItemName="Finish" ItemTranslation="Finalizar"/>
		<ItemForTranslation ItemName="Close" ItemTranslation="Cerrar"/>
		<ItemForTranslation ItemName="$applicationname Properties" ItemTranslation="Propiedades de {applicationname}"/>
		<ItemForTranslation ItemName="Open $applicationname" ItemTranslation="Abrir {applicationname}"/>
		<ItemForTranslation ItemName="Exit" ItemTranslation="Salir"/>
		<ItemForTranslation ItemName="PrnScr" ItemTranslation="Imprimir pantalla"/>
		<ItemForTranslation ItemName="None" ItemTranslation="Nada"/>
		<!-- system info strings used for sending email to customer support -->
		<ItemForTranslation ItemName="Cannot launch your email client." ItemTranslation="No se puede lanzar su cliente de correo electrónico."/>
		<ItemForTranslation ItemName="$applicationname Support Info:" ItemTranslation="Asistencia técnica para {applicationname}:"/>
		<ItemForTranslation ItemName="&lt;Enter details of the issue here&gt;" ItemTranslation="&lt;Detalle el problema aquí&gt;"/>
		<ItemForTranslation ItemName="Product" ItemTranslation="Producto"/>
		<ItemForTranslation ItemName="Registered User" ItemTranslation="Usuario registrado"/>
		<ItemForTranslation ItemName="Registered Email" ItemTranslation="Correo electrónico registrado"/>
		<ItemForTranslation ItemName="Registered Org" ItemTranslation="Organización registrada"/>
		<ItemForTranslation ItemName="Operating System" ItemTranslation="Sistema operativo"/>
		<ItemForTranslation ItemName="System Memory" ItemTranslation="Memoria del sistema"/>
		<ItemForTranslation ItemName="Current Locale" ItemTranslation="Configuración local actual"/>
		<ItemForTranslation ItemName="Current Resolution" ItemTranslation="Resolución actual"/>
		<ItemForTranslation ItemName="Current Colors" ItemTranslation="Colores actuales"/>
		<ItemForTranslation ItemName="MDAC Version" ItemTranslation="Versión MDAC"/>
		<ItemForTranslation ItemName="My Documents Folder" ItemTranslation="Carpeta Mis documentos"/>
		<ItemForTranslation ItemName="My Pictures Folder" ItemTranslation="Carpeta Mis imágenes"/>
		<ItemForTranslation ItemName="User Temp Folder" ItemTranslation="Carpeta Temp del usuario"/>
		<ItemForTranslation ItemName="User App Data Folder" ItemTranslation="Carpeta Application Data del usuario"/>
		<ItemForTranslation ItemName="$applicationname Data Folder" ItemTranslation="Carpeta de datos de {applicationname}"/>
		<ItemForTranslation ItemName="$applicationname Folder" ItemTranslation="Carpeta de {applicationname}"/>
		<ItemForTranslation ItemName="Microsoft Office" ItemTranslation="Microsoft Office"/>
		<ItemForTranslation ItemName="Adobe Acrobat" ItemTranslation="Adobe Acrobat"/>
		<!-- strings for the CFileEditCtrl browse to folder control -->
		<ItemForTranslation ItemName="All Files (*.*)|*.*||" ItemTranslation="Todos los archivos (*.*)|*.*||"/>
		<ItemForTranslation ItemName="Browse" ItemTranslation="Examinar"/>
		<ItemForTranslation ItemName="Browse for File" ItemTranslation="Buscar el archivo"/>
		<ItemForTranslation ItemName="Enter an existing file." ItemTranslation="Especificar un archivo existente."/>
		<ItemForTranslation ItemName="%s does not exist." ItemTranslation="{1} no existe."/>
		<ItemForTranslation ItemName="%s is not a file." ItemTranslation="{1} no es un archivo."/>
		<ItemForTranslation ItemName="%s is not a folder." ItemTranslation="{1} no es una carpeta."/>
		<!-- product unlock dialogbox -->
		<ItemForTranslation ItemName="Invalid user name" ItemTranslation="Nombre de usuario no válido"/>
		<ItemForTranslation ItemName="Invalid email address" ItemTranslation="Correo electrónico no válido"/>
		<ItemForTranslation ItemName="Unlock $applicationname" ItemTranslation="Desbloquear {applicationname}"/>
		<ItemForTranslation ItemName="Register $applicationname" ItemTranslation="Registrar {applicationname}"/>
		<ItemForTranslation ItemName="Successfully_Unlocked" ItemTranslation="{applicationname} desbloqueado con éxito. Gracias por adquirir {applicationname}."/>
		<ItemForTranslation ItemName="Successfully_Registered" ItemTranslation="{applicationname} registrado con éxito. Gracias por adquirir {applicationname}."/>
		<ItemForTranslation ItemName="Invalid unlock code" ItemTranslation="Código de desbloqueo no válido"/>
		<ItemForTranslation ItemName="Invalid registration code" ItemTranslation="Código de registro no válido"/>
		<ItemForTranslation ItemName="day" ItemTranslation="día"/>
		<ItemForTranslation ItemName="days" ItemTranslation="días"/>
		<ItemForTranslation ItemName="Evaluate" ItemTranslation="Evaluar"/>
		<ItemForTranslation ItemName="RunRadio" ItemTranslation="Ejecutar"/>
		<ItemForTranslation ItemName="EvaluateDescr" ItemTranslation="Quiero evaluar {applicationname} (me quedan {1} {2} de evaluación)"/>
		<ItemForTranslation ItemName="RunUnregisteredDescr" ItemTranslation="Quiero seguir trabajando sin registrarme (me quedan {1} {2} para registrarme)"/>
		<ItemForTranslation ItemName="Unlock" ItemTranslation="Desbloquear"/>
		<ItemForTranslation ItemName="RegisterRadio" ItemTranslation="Registrar"/>
		<ItemForTranslation ItemName="UnlocklDescr" ItemTranslation="Ya tengo un código de licencia y quiero desbloquear {applicationname}"/>
		<ItemForTranslation ItemName="RegisterDescr" ItemTranslation="Ya tengo un código de registro y quiero registrar {applicationname}"/>
		<ItemForTranslation ItemName="Purchase" ItemTranslation="Adquirir"/>
		<ItemForTranslation ItemName="FetchCodeRadio" ItemTranslation="Conseguir código"/>
		<ItemForTranslation ItemName="PurchaseDescr" ItemTranslation="Quiero comprar un código de licencia para {applicationname}"/>
		<ItemForTranslation ItemName="GetRegitrationCodeDescr" ItemTranslation="Quiero visitar la web de {applicationname} para obtener mi código de registro."/>
		<ItemForTranslation ItemName="TrialStatusString" ItemTranslation="Está utilizando una versión de evaluación. Por favor, regístrese."/>
		<ItemForTranslation ItemName="TrialExpiredStatusString" ItemTranslation="Su versión de evaluación ha caducado. Por favor, registre su versión."/>
		<ItemForTranslation ItemName="RegistrationStatusString" ItemTranslation="No ha registrado {applicationname}. Por favor, regístrese."/>
		<ItemForTranslation ItemName="RegistrationExpiredStatusString" ItemTranslation="El periodo de gracia antes de registrarse ha caducado. Por favor, registre su versión."/>
		<!-- generic dialogs -->
		<ItemForTranslation ItemName="EMail" ItemTranslation="Correo electrónico"/>
		<ItemForTranslation ItemName="Name" ItemTranslation="Nombre"/>
		<ItemForTranslation ItemName="Organization" ItemTranslation="Organización"/>
		<ItemForTranslation ItemName="Unlock Code" ItemTranslation="Código de desbloqueo"/>
		<ItemForTranslation ItemName="Registration_Code" ItemTranslation="Código de registro"/>
		<ItemForTranslation ItemName="Click here to purchase an unlock code!" ItemTranslation="¡Haga clic aquí para adquirir un código de desbloqueo!"/>
		<ItemForTranslation ItemName="Click_here_to_fetch_a_registration_code!" ItemTranslation="¡Haga clic aquí para obtener un código de registro!"/>
		<ItemForTranslation ItemName="About $applicationname" ItemTranslation="Acerca de {applicationname}"/>
		<ItemForTranslation ItemName="$applicationname    Version: $version" ItemTranslation="{applicationnameregistered}, Versión: {version}"/>
		<ItemForTranslation ItemName="$applicationname HTML documentation:" ItemTranslation="Documentación HTML de {applicationname}:"/>
		<ItemForTranslation ItemName="Register your copy of $applicationname" ItemTranslation="Registre su copia de {applicationname}"/>
		<ItemForTranslation ItemName="Buy Now" ItemTranslation="Adquiéralo ahora"/>
		<ItemForTranslation ItemName="UpgradeVersionDescr"						ItemTranslation="Actualícese instantáneamente a {applicationname} v2"/>
		<ItemForTranslation ItemName="UpgradeVersionBtn"							ItemTranslation="Actualizar ahora"/>
		
		<ItemForTranslation ItemName="Documentation" ItemTranslation="Documentación"/>
		<ItemForTranslation ItemName="System information and email support:" ItemTranslation="Información del sistema y asistencia técnica por email:"/>
		<ItemForTranslation ItemName="Support" ItemTranslation="Asistencia técnica"/>
		<ItemForTranslation ItemName="Acknowledgement of open source efforts:" ItemTranslation="Reconocimiento de los esfuerzos en pro del código abierto (open source):"/>
		<ItemForTranslation ItemName="Credits" ItemTranslation="Créditos"/>
		<ItemForTranslation ItemName="I wish to evaluate $applicationname ({1} {2} remaining for evaluation)" ItemTranslation="Quiero evaluar {applicationname} (quedan {1} {2} de evaluación)"/>
		<ItemForTranslation ItemName="I already have a license code and would like to unlock $applicationname" ItemTranslation="Ya tengo un código de licencia y quiero desbloquear {applicationname}"/>
		<ItemForTranslation ItemName="I wish to purchase a license code for $applicationname" ItemTranslation="Quiero adquirir un código de licencia para {applicationname}"/>
		<!-- support dialog -->
		<ItemForTranslation ItemName="Support Info: $applicationname" ItemTranslation="Asistencia técnica: {applicationname}"/>
		<ItemForTranslation ItemName="SupportDialogStatic" ItemTranslation="Esta información es útil durante el diagnóstico y resolución de problemas relacionados con {applicationname}. Pulse el botón [Correo electrónico] para abrir esta información en su cliente de correo electrónico y enviarla fácilmente al equipo de asistencia técnica, o bien corte y pegue a un mensaje desde la ventana de edición siguiente."/>
		<!-- warning dialog -->
		<ItemForTranslation ItemName="WarningDlg_Title" ItemTranslation="Aviso de {applicationname}"/>
		<ItemForTranslation ItemName="dont_show_the_warning_again" ItemTranslation="No mostrar este aviso otra vez."/>
		<!-- password dialog -->
		<ItemForTranslation ItemName="Password:" ItemTranslation="Contraseña:"/>
		<ItemForTranslation ItemName="Repeat_Password:" ItemTranslation="Repita la contraseña:"/>
        <!--*** String To Translate ***--><ItemForTranslation ItemName="OpenPasswordsMustMatch"   				ItemTranslation="Open passwords must match."/>
        <!--*** String To Translate ***--><ItemForTranslation ItemName="PermissionPasswordsMustMatch"   		ItemTranslation="Permission passwords must match."/>
        <!--*** String To Translate ***--><ItemForTranslation ItemName="PasswordsMustMatch"   					ItemTranslation="Las contraseñas deben emparejar"/>
        <!--*** String To Translate ***--><ItemForTranslation ItemName=".NET_Framework"   					ItemTranslation=".NET Framework"/>
        
		<ItemForTranslation ItemName="SelectFolder" ItemTranslation="Seleccionar carpeta:"/>        


        <ItemForTranslation ItemName="&lt;Browse&gt;" ItemTranslation="&lt;Examinar...&gt;"/>
        <ItemForTranslation ItemName="&lt;SourceFolder&gt;" ItemTranslation="&lt;Carpeta origen&gt;"/>
        <ItemForTranslation ItemName="&lt;RecentFolder&gt;" ItemTranslation="&lt;Carpeta reciente&gt;"/>

        <ItemForTranslation ItemName="IOFileLocked" ItemTranslation="Error de salida."/>
        <ItemForTranslation ItemName="IOFileLockedDesc" ItemTranslation="No se pudo escribir en el archivo de destino."/>
        <ItemForTranslation ItemName="Open_For_Editing:" ItemTranslation="Abrir documento tras convertirlo:"/>


        <!-- Language list -->
        <ItemForTranslation ItemName="en"                   ItemTranslation="English"/>
        <ItemForTranslation ItemName="ru"                   ItemTranslation="Russian"/>
        <ItemForTranslation ItemName="de"                   ItemTranslation="German"/>
        <ItemForTranslation ItemName="ja"                   ItemTranslation="Japanese"/>
        <ItemForTranslation ItemName="fr"                   ItemTranslation="French"/>
        <ItemForTranslation ItemName="es"                   ItemTranslation="Spanish"/>
        <ItemForTranslation ItemName="it"                   ItemTranslation="Italian"/>
        <ItemForTranslation ItemName="nl"                   ItemTranslation="Dutch"/>
        <ItemForTranslation ItemName="sv"                   ItemTranslation="Swedish"/>
        <ItemForTranslation ItemName="zh-chs"               ItemTranslation="Chinese (Simplified)"/>
        <ItemForTranslation ItemName="zh-cht"               ItemTranslation="Chinese (Traditional)"/>
        <ItemForTranslation ItemName="ko"                   ItemTranslation="Korean"/>
        <ItemForTranslation ItemName="no"                   ItemTranslation="Norwegian"/>
        <ItemForTranslation ItemName="pt"                   ItemTranslation="Portuguese"/>
        <ItemForTranslation ItemName="pt-br"                ItemTranslation="Portuguese (Brazil)"/>
        <ItemForTranslation ItemName="da"                   ItemTranslation="Danish"/>
	<ItemForTranslation ItemName="po"                   ItemTranslation="Polish"/>

        <ItemForTranslation ItemName="ReplaceFile" ItemTranslation="{n}El archivo '{1}' ya existe. {n}¿Desea sobreescribirlo?{n}"/>
        <!--*** String To Translate ***--><ItemForTranslation ItemName="_millimeters"             ItemTranslation="millimeters"/>
        <!--*** String To Translate ***--><ItemForTranslation ItemName="_inches"                  ItemTranslation="inches"/>
        <!--*** String To Translate ***--><ItemForTranslation ItemName="_Custom"                  ItemTranslation="Custom"/>
        <!--*** String To Translate ***--><ItemForTranslation ItemName="_Add_Edit_Custom_Form"    ItemTranslation="Add/Edit Custom Form"/>
        <!--*** String To Translate ***--><ItemForTranslation ItemName="_Width"                   ItemTranslation="Width"/>
        <!--*** String To Translate ***--><ItemForTranslation ItemName="_Height"                  ItemTranslation="Height"/>
        <!--*** String To Translate ***--><ItemForTranslation ItemName="_Custom_Form"             ItemTranslation="Custom Form"/>
        <!--*** String To Translate ***--><ItemForTranslation ItemName="_Custom_Form_Name"        ItemTranslation="Custom Form Name"/>
        <!--*** String To Translate ***--><ItemForTranslation ItemName="_Custom_Form_Size"        ItemTranslation="Custom Form Size"/>
        <!--*** String To Translate ***--><ItemForTranslation ItemName="&lt;ChangeCustomPaperSize&gt;"                  ItemTranslation="&lt;Change Custom Paper Size&gt;"/>
<!--*** String To Translate ***--><ItemForTranslation ItemName="_Printer_Margins" 		ItemTranslation="Printer margins:"/>
        <!--*** String To Translate ***--><ItemForTranslation ItemName="_Left" 				ItemTranslation="Left:"/>
        <!--*** String To Translate ***--><ItemForTranslation ItemName="_Top" 				ItemTranslation="Top:"/>
        <!--*** String To Translate ***--><ItemForTranslation ItemName="_Right" 			ItemTranslation="Right:"/>
        <!--*** String To Translate ***--><ItemForTranslation ItemName="_Bottom" 			ItemTranslation="Bottom:"/>
        <!--*** String To Translate ***--><ItemForTranslation ItemName="_Custom_Margins" 		ItemTranslation="Custom Margins"/>
        <!--*** String To Translate ***--><ItemForTranslation ItemName="_Page_Size" 			ItemTranslation="Page size:"/>
        


        <!-- Licence dialog -->
        <!--*** String To Translate ***--><ItemForTranslation ItemName="Licence Info: $applicationname"   ItemTranslation="License Info: {applicationname}"/>
        <!--*** String To Translate ***--><ItemForTranslation ItemName="LicenceDialogStatic"              ItemTranslation="Press [Unlock...] to enter or update your unlock details."/>
        <!--*** String To Translate ***--><ItemForTranslation ItemName="Edit"				     		  ItemTranslation="Unlock..."/>        
        <!--*** String To Translate ***--><ItemForTranslation ItemName="UnlockUpgradeCaption"			  ItemTranslation="Register {applicationname}"/>
        
        <!-- Services dialog -->
        <!--*** String To Translate ***--><ItemForTranslation ItemName="PerUserPluginDescription"	ItemTranslation="Select the add-ins you wish to configure for the current user."/>
		<!--*** String To Translate ***--><ItemForTranslation ItemName="WordPluginOpen"			ItemTranslation="Microsoft Word add-in - open PDF files from within Word"/>
		<!--*** String To Translate ***--><ItemForTranslation ItemName="WordPluginCreate"		ItemTranslation="Microsoft Word add-in - create PDF files from within Word"/>
		<!--*** String To Translate ***--><ItemForTranslation ItemName="AdminPluginDescription"		ItemTranslation="Select the add-ins you wish to configure for all users Note: you will need Admin rights to configure add-ins for all users."/>
		<!--*** String To Translate ***--><ItemForTranslation ItemName="AcrobatPlugin"			ItemTranslation="Acrobat add-in - open PDF files in Word directly from Acrobat"/>
		<!--*** String To Translate ***--><ItemForTranslation ItemName="ExcelPlugin"			ItemTranslation="Microsoft Excel add-in - create PDF files from within Excel"/>
		<!--*** String To Translate ***--><ItemForTranslation ItemName="PowerPointPlugin"		ItemTranslation="Microsoft PowerPoint add-in - create PDF files from within PowerPoint"/>
		<!--*** String To Translate ***--><ItemForTranslation ItemName="ExplorerPlugin"			ItemTranslation="Explorer add-in - convert PDF files from within Windows Explorer and Internet Explorer"/>
		<!--*** String To Translate ***--><ItemForTranslation ItemName="PrinterDescription"		ItemTranslation="Repair PDF Printer service. Note: you will need Admin rights to repair this service."/>
		<!--*** String To Translate ***--><ItemForTranslation ItemName="ReinstallPrinter"		ItemTranslation="Repair PDF Printer Service"/>		
		<!--*** String To Translate ***--><ItemForTranslation ItemName="Configure"			ItemTranslation="Update Add-Ins"/>
        <!--*** String To Translate ***--><ItemForTranslation ItemName="_license"			ItemTranslation="License"/>
        <!--*** String To Translate ***--><ItemForTranslation ItemName="_support"			ItemTranslation="Support"/>
        <!--*** String To Translate ***--><ItemForTranslation ItemName="_services"			ItemTranslation="Services"/>
        
        <!-- Tab dialog -->
        <!--*** String To Translate ***--><ItemForTranslation ItemName="_tabdialogcaption"		ItemTranslation="Solid Converter Services and Information"/>
        <!--*** String To Translate ***--><ItemForTranslation ItemName="NeedConfigure"			ItemTranslation="You have made changes to your add-in choices but have not chosen to Update Add-ins. Are you sure you want to close without updating?"/>
        
        <!--*** String To Translate ***--><ItemForTranslation ItemName="AddinUnableUpdate"			ItemTranslation="Unable to update {1} add-in."/>
        <!--*** String To Translate ***--><ItemForTranslation ItemName="AddinPossibleReason"			ItemTranslation="Possible reason: {1}"/>
        <!--*** String To Translate ***--><ItemForTranslation ItemName="AddinRegistryReason"			ItemTranslation="locked registry"/>
        <!--*** String To Translate ***--><ItemForTranslation ItemName="AddinApplicationReason"		ItemTranslation="open applications - {1}"/>
        <!--*** String To Translate ***--><ItemForTranslation ItemName="AddinUpdateSuccess"			ItemTranslation="Update addin success."/>
        
        <!--*** String To Translate ***--><ItemForTranslation ItemName="_printer"			ItemTranslation="Create PDF"/>
        
        <!--*** String To Translate ***--><ItemForTranslation ItemName="ProductInstallModeJustMe"			ItemTranslation="{applicationname} is installed for the current user. {1}"/>
        <!--*** String To Translate ***--><ItemForTranslation ItemName="ProductInstallModeForAll"			ItemTranslation="{applicationname} is installed for all users. {1}"/>
        <!--*** String To Translate ***--><ItemForTranslation ItemName="Internet Explorer"			ItemTranslation="Internet Explorer"/>
	<!--*** String To Translate ***--><ItemForTranslation ItemName="ExcelAndPowerPointNotAvailable"	ItemTranslation="Microsoft Excel and PowerPoint add-ins are available in Professional version only."/>        

	<!--*** String To Translate ***--><ItemForTranslation ItemName="EmbeddedFontWarning"	ItemTranslation="Show the warning if there are fonts that can not be embedded when creating PDF document."/>        
	<!--*** String To Translate ***--><ItemForTranslation ItemName="EmbeddedFontWarningDescription"	ItemTranslation="This document contains fonts that cannot be embedded in the PDF file. Check the Details tab (Converter Log) for more information"/>        

    </LanguageOptions>
</Root>

