<?xml version="1.0" encoding="utf-8" ?> 
<Root>
 <!-- 
    <LanguageOptions xmlns="x-schema:LanguageSchema.xml" Name="English"> 
--> 
<LanguageOptions Name="English">
 <!-- 
 Generic 
--> 
 <ItemForTranslation ItemName="OK" ItemTranslation="OK" /> 
 <ItemForTranslation ItemName="Cancel" ItemTranslation="Avbryt" /> 
 <ItemForTranslation ItemName="Yes" ItemTranslation="Ja" /> 
 <ItemForTranslation ItemName="Yes to All" ItemTranslation="Ja till alla" /> 
 <!-- *** String To Translate ***--><ItemForTranslation ItemName="No_to_All"         ItemTranslation="No to All"/>
 <ItemForTranslation ItemName="No" ItemTranslation="Nej" /> 
 <ItemForTranslation ItemName="true" ItemTranslation="sant" /> 
 <ItemForTranslation ItemName="false" ItemTranslation="falskt" /> 
 <ItemForTranslation ItemName="Next &gt;&gt;" ItemTranslation="Nästa &gt;&gt;" /> 
 <ItemForTranslation ItemName="&lt;&lt;Previous" ItemTranslation="&lt;&lt;Föregående" /> 
 <ItemForTranslation ItemName="Finish" ItemTranslation="Avsluta" /> 
 <ItemForTranslation ItemName="Close" ItemTranslation="Stäng" /> 
 <ItemForTranslation ItemName="$applicationname Properties" ItemTranslation="Egenskaper för {applicationname}" /> 
 <ItemForTranslation ItemName="Open $applicationname" ItemTranslation="Öppna {applicationname}" /> 
 <ItemForTranslation ItemName="Exit" ItemTranslation="Avsluta" /> 
 <ItemForTranslation ItemName="PrnScr" ItemTranslation="Print Screen" /> 
 <ItemForTranslation ItemName="None" ItemTranslation="Inga" /> 
 <!-- 
 system info strings used for sending email to customer support 
--> 
 <ItemForTranslation ItemName="Cannot launch your email client." ItemTranslation="Kan inte starta din e-postklient." /> 
 <ItemForTranslation ItemName="$applicationname Support Info:" ItemTranslation="Supportinfo för {applicationname}:" /> 
 <ItemForTranslation ItemName="&lt;Enter details of the issue here&gt;" ItemTranslation="&lt;Ange information om problemet här&lt;" /> 
 <ItemForTranslation ItemName="Product" ItemTranslation="Produkt" /> 
 <ItemForTranslation ItemName="Registered User" ItemTranslation="Registrerad användare" /> 
 <ItemForTranslation ItemName="Registered Email" ItemTranslation="Registrerad e-post" /> 
 <ItemForTranslation ItemName="Registered Org" ItemTranslation="Registrerad org" /> 
 <ItemForTranslation ItemName="Operating System" ItemTranslation="Operativsystem" /> 
 <ItemForTranslation ItemName="System Memory" ItemTranslation="Systemminne" /> 
 <ItemForTranslation ItemName="Current Locale" ItemTranslation="Aktuellt språk" /> 
 <ItemForTranslation ItemName="Current Resolution" ItemTranslation="Aktuell upplösning" /> 
 <ItemForTranslation ItemName="Current Colors" ItemTranslation="Aktuella färger" /> 
 <ItemForTranslation ItemName="MDAC Version" ItemTranslation="MDAC Version" /> 
 <ItemForTranslation ItemName="My Documents Folder" ItemTranslation="Mappen Mina dokument" /> 
 <ItemForTranslation ItemName="My Pictures Folder" ItemTranslation="Mappen Mina bilder" /> 
 <ItemForTranslation ItemName="User Temp Folder" ItemTranslation="Användarens Temp-mapp" /> 
 <ItemForTranslation ItemName="User App Data Folder" ItemTranslation="Användarens App Data-mapp" /> 
 <ItemForTranslation ItemName="$applicationname Data Folder" ItemTranslation="Datamapp för {applicationname}" /> 
 <ItemForTranslation ItemName="$applicationname Folder" ItemTranslation="Mapp för {applicationname}" /> 
 <ItemForTranslation ItemName="Microsoft Office" ItemTranslation="Microsoft Office" /> 
 <ItemForTranslation ItemName="Adobe Acrobat" ItemTranslation="Adobe Acrobat" /> 
 <!-- 
 strings for the CFileEditCtrl browse to folder control 
  --> 
 <ItemForTranslation ItemName="All Files (*.*)|*.*||" ItemTranslation="Alla filer (*.*)|*.*||" /> 
 <ItemForTranslation ItemName="Browse" ItemTranslation="Bläddra" /> 
 <ItemForTranslation ItemName="Browse for File" ItemTranslation="Sök efter fil" /> 
 <ItemForTranslation ItemName="Enter an existing file." ItemTranslation="Ange befintlig fil." /> 
 <ItemForTranslation ItemName="%s does not exist." ItemTranslation="{1} finns inte." /> 
 <ItemForTranslation ItemName="%s is not a file." ItemTranslation="{1} är ingen fil." /> 
 <ItemForTranslation ItemName="%s is not a folder." ItemTranslation="{1} är ingen mapp." /> 
 <!-- 
 product unlock dialogbox 
  --> 
 <ItemForTranslation ItemName="Invalid user name" ItemTranslation="Ogiltigt användarnamn" /> 
 <ItemForTranslation ItemName="Invalid email address" ItemTranslation="Ogiltig e-postadress" /> 
 <ItemForTranslation ItemName="Unlock $applicationname" ItemTranslation="Lås upp {applicationname}" /> 
 <ItemForTranslation ItemName="Register $applicationname" ItemTranslation="Registrera {applicationname}" /> 
 <ItemForTranslation ItemName="Successfully_Unlocked" ItemTranslation="{applicationname} har låsts upp. Tack för att du har köpt {applicationname}." /> 
 <ItemForTranslation ItemName="Successfully_Registered" ItemTranslation="{applicationname} har registrerats. Tack för att du har köpt {applicationname}." /> 
 <ItemForTranslation ItemName="Invalid unlock code" ItemTranslation="Ogiltig upplåsningskod" /> 
 <ItemForTranslation ItemName="Invalid registration code" ItemTranslation="Ogiltig registreringskod" /> 
 <ItemForTranslation ItemName="day" ItemTranslation="dag" /> 
 <ItemForTranslation ItemName="days" ItemTranslation="dagar" /> 
 <ItemForTranslation ItemName="Evaluate" ItemTranslation="Utvärdera" /> 
 <ItemForTranslation ItemName="RunRadio" ItemTranslation="Kör" /> 
 <ItemForTranslation ItemName="EvaluateDescr" ItemTranslation="Jag vill utvärdera {applicationname} ({1} {2} återstår av utvärderingen)" /> 
 <ItemForTranslation ItemName="RunUnregisteredDescr" ItemTranslation="Jag vill fortsätta utan registrering ({1} {2} återstår före registrering)" /> 
 <ItemForTranslation ItemName="Unlock" ItemTranslation="Lås upp" /> 
 <ItemForTranslation ItemName="RegisterRadio" ItemTranslation="Registrera" /> 
 <ItemForTranslation ItemName="UnlocklDescr" ItemTranslation="Jag har redan en licenskod och vill låsa upp {applicationname}" /> 
 <ItemForTranslation ItemName="RegisterDescr" ItemTranslation="Jag har redan en registreringskod och vill registrera {applicationname}" /> 
 <ItemForTranslation ItemName="Purchase" ItemTranslation="Köp" /> 
 <ItemForTranslation ItemName="FetchCodeRadio" ItemTranslation="Hämta kod" /> 
 <ItemForTranslation ItemName="PurchaseDescr" ItemTranslation="Jag vill köpa en licenskod för {applicationname}" /> 
 <ItemForTranslation ItemName="GetRegitrationCodeDescr" ItemTranslation="Jag vill gå till {applicationname}s webbplats och hämta min registreringskod." /> 
 <ItemForTranslation ItemName="TrialStatusString" ItemTranslation="Du kör för närvarande en utvärderingsversion. Vänligen registrera ditt program." /> 
 <ItemForTranslation ItemName="TrialExpiredStatusString" ItemTranslation="Utvärderingsperioden har gått ut. Vänligen registrera ditt program." /> 
 <ItemForTranslation ItemName="RegistrationStatusString" ItemTranslation="Du har inte registrerat {applicationname} än - vänligen registrera nu." /> 
 <ItemForTranslation ItemName="RegistrationExpiredStatusString" ItemTranslation="Registreringsfristen har gått ut. Vänligen registrera ditt program." /> 
 <!-- 
 generic dialogs 
--> 
 <ItemForTranslation ItemName="Unlock $applicationname" ItemTranslation="Lås upp {applicationname}" /> 
 <ItemForTranslation ItemName="EMail" ItemTranslation="E-post" /> 
 <ItemForTranslation ItemName="Name" ItemTranslation="Namn" /> 
 <ItemForTranslation ItemName="Organization" ItemTranslation="Organisation" /> 
 <ItemForTranslation ItemName="Unlock Code" ItemTranslation="Upplåsningskod" /> 
 <ItemForTranslation ItemName="Registration_Code" ItemTranslation="Registreringskod" /> 
 <ItemForTranslation ItemName="Click here to purchase an unlock code!" ItemTranslation="Klicka här och köp en upplåsningskod!" /> 
 <ItemForTranslation ItemName="Click_here_to_fetch_a_registration_code!" ItemTranslation="Klicka här och hämta en registreringskod!" /> 
 <ItemForTranslation ItemName="About $applicationname" ItemTranslation="Om {applicationname}" /> 
 <ItemForTranslation ItemName="$applicationname    Version: $version" ItemTranslation="{applicationnameregistered} Version: {version}" /> 
 <ItemForTranslation ItemName="$applicationname HTML documentation:" ItemTranslation="{applicationname} HTML-dokumentering:" /> 
 <ItemForTranslation ItemName="Register your copy of $applicationname" ItemTranslation="Registrera din kopia av {applicationname}" /> 
 <ItemForTranslation ItemName="Buy Now" ItemTranslation="Köp nu" /> 
<ItemForTranslation ItemName="UpgradeVersionDescr" ItemTranslation="Uppgradera genast till {applicationname} v2" /> 
<ItemForTranslation ItemName="UpgradeVersionBtn" ItemTranslation="Uppgradera Nu" /> 
 <ItemForTranslation ItemName="Documentation" ItemTranslation="Dokumentering" /> 
 <ItemForTranslation ItemName="System information and email support:" ItemTranslation="Systeminformation och e-postsupport:" /> 
 <ItemForTranslation ItemName="Support" ItemTranslation="Support" /> 
 <ItemForTranslation ItemName="Acknowledgement of open source efforts:" ItemTranslation="Meddelande om öppen källkod:" /> 
 <ItemForTranslation ItemName="Credits" ItemTranslation="Medverkande" /> 
 <ItemForTranslation ItemName="I wish to evaluate $applicationname ({1} {2} remaining for evaluation)" ItemTranslation="Jag vill utvärdera {applicationname} ({1} {2} återstår av utvärderingen)" /> 
 <ItemForTranslation ItemName="I already have a license code and would like to unlock $applicationname" ItemTranslation="Jag har redan en licenskod och vill låsa upp {applicationname}" /> 
 <ItemForTranslation ItemName="I wish to purchase a license code for $applicationname" ItemTranslation="Jag vill köpa en licenskod för {applicationname}" /> 
 <!-- 
 support dialog 
--> 
 <ItemForTranslation ItemName="Support Info: $applicationname" ItemTranslation="Supportinfo: {applicationname}" /> 
 <ItemForTranslation ItemName="SupportDialogStatic" ItemTranslation="Den här informationen är bra att ha för att fastställa och lösa problem med {applicationname}. Du öppnar informationen i din e-postklient genom att trycka på knappen [E-post]. Sedan skickar du bara vidare den till support. Du kan även klippa ut den från redigeringsfönstret nedan och klistra in den i ett mejl." /> 
 <ItemForTranslation ItemName="EMail" ItemTranslation="E-post" /> 
 <!-- 
 warning dialog 
--> 
 <ItemForTranslation ItemName="WarningDlg_Title" ItemTranslation="{applicationname} Varning" /> 
 <ItemForTranslation ItemName="dont_show_the_warning_again" ItemTranslation="Visa inte varningen igen." /> 
 <!-- 
 password dialog 
--> 
 <ItemForTranslation ItemName="Password:" ItemTranslation="Lösenord:" /> 
 <ItemForTranslation ItemName="Repeat_Password:" ItemTranslation="Upprepa lösenord:" /> 
<!--*** String To Translate ***--><ItemForTranslation ItemName="OpenPasswordsMustMatch"   				ItemTranslation="Open passwords must match."/>
<!--*** String To Translate ***--><ItemForTranslation ItemName="PermissionPasswordsMustMatch"   		ItemTranslation="Permission passwords must match."/>
<!--*** String To Translate ***--><ItemForTranslation ItemName="PasswordsMustMatch"   					ItemTranslation="Lösenord måste matcha."/>

<ItemForTranslation ItemName="&lt;Browse&gt;" ItemTranslation="&lt;Bläddra...&gt;" /> 
<ItemForTranslation ItemName="&lt;SourceFolder&gt;" ItemTranslation="&lt;Källmapp&gt;" /> 
<ItemForTranslation ItemName="&lt;RecentFolder&gt;" ItemTranslation="&lt;Senaste mappen&gt;" /> 

<ItemForTranslation ItemName="IOFileLocked" ItemTranslation="Utdatafel." />
<ItemForTranslation ItemName="IOFileLockedDesc" ItemTranslation="Kan inte skriva till målfilen." />
<ItemForTranslation ItemName="Open_For_Editing:" ItemTranslation="Öppna dokument efter konvertering:" />


        <!-- Language list -->
        <ItemForTranslation ItemName="en"                   ItemTranslation="English"/>
        <ItemForTranslation ItemName="ru"                   ItemTranslation="Russian"/>
        <ItemForTranslation ItemName="de"                   ItemTranslation="German"/>
        <ItemForTranslation ItemName="ja"                   ItemTranslation="Japanese"/>
        <ItemForTranslation ItemName="fr"                   ItemTranslation="French"/>
        <ItemForTranslation ItemName="es"                   ItemTranslation="Spanish"/>
        <ItemForTranslation ItemName="it"                   ItemTranslation="Italian"/>
        <ItemForTranslation ItemName="nl"                   ItemTranslation="Dutch"/>
        <ItemForTranslation ItemName="sv"                   ItemTranslation="Swedish"/>
        <ItemForTranslation ItemName="zh-chs"               ItemTranslation="Chinese (Simplified)"/>
        <ItemForTranslation ItemName="zh-cht"               ItemTranslation="Chinese (Traditional)"/>
        <ItemForTranslation ItemName="ko"                   ItemTranslation="Korean"/>
        <ItemForTranslation ItemName="no"                   ItemTranslation="Norwegian"/>
        <ItemForTranslation ItemName="pt"                   ItemTranslation="Portuguese"/>
        <ItemForTranslation ItemName="pt-br"                ItemTranslation="Portuguese (Brazil)"/>
        <ItemForTranslation ItemName="da"                   ItemTranslation="Danish"/>
		<ItemForTranslation ItemName="po"                   ItemTranslation="Polish"/> 

	<ItemForTranslation ItemName="SelectFolder" ItemTranslation="Välj mapp:" />  
	<!--*** String To Translate ***--><ItemForTranslation ItemName=".NET_Framework"   					ItemTranslation=".NET Framework"/>
	<ItemForTranslation ItemName="ReplaceFile" ItemTranslation="{n}Fil '{1}' existerar redan. {n}Vill du byta ut den existerande filen?{n}" /> 
        <!--*** String To Translate ***--><ItemForTranslation ItemName="_millimeters"             ItemTranslation="millimeters"/>
        <!--*** String To Translate ***--><ItemForTranslation ItemName="_inches"                  ItemTranslation="inches"/>
        <!--*** String To Translate ***--><ItemForTranslation ItemName="_Custom"                  ItemTranslation="Custom"/>
        <!--*** String To Translate ***--><ItemForTranslation ItemName="_Add_Edit_Custom_Form"    ItemTranslation="Add/Edit Custom Form"/>
        <!--*** String To Translate ***--><ItemForTranslation ItemName="_Width"                   ItemTranslation="Width"/>
        <!--*** String To Translate ***--><ItemForTranslation ItemName="_Height"                  ItemTranslation="Height"/>
        <!--*** String To Translate ***--><ItemForTranslation ItemName="_Custom_Form"             ItemTranslation="Custom Form"/>
        <!--*** String To Translate ***--><ItemForTranslation ItemName="_Custom_Form_Name"        ItemTranslation="Custom Form Name"/>
        <!--*** String To Translate ***--><ItemForTranslation ItemName="_Custom_Form_Size"        ItemTranslation="Custom Form Size"/>
        <!--*** String To Translate ***--><ItemForTranslation ItemName="&lt;ChangeCustomPaperSize&gt;"                  ItemTranslation="&lt;Change Custom Paper Size&gt;"/>
<!--*** String To Translate ***--><ItemForTranslation ItemName="_Printer_Margins" 		ItemTranslation="Printer margins:"/>
        <!--*** String To Translate ***--><ItemForTranslation ItemName="_Left" 				ItemTranslation="Left:"/>
        <!--*** String To Translate ***--><ItemForTranslation ItemName="_Top" 				ItemTranslation="Top:"/>
        <!--*** String To Translate ***--><ItemForTranslation ItemName="_Right" 			ItemTranslation="Right:"/>
        <!--*** String To Translate ***--><ItemForTranslation ItemName="_Bottom" 			ItemTranslation="Bottom:"/>
        <!--*** String To Translate ***--><ItemForTranslation ItemName="_Custom_Margins" 		ItemTranslation="Custom Margins"/>
        <!--*** String To Translate ***--><ItemForTranslation ItemName="_Page_Size" 			ItemTranslation="Page size:"/>
        

        <!-- Licence dialog -->
        <!--*** String To Translate ***--><ItemForTranslation ItemName="Licence Info: $applicationname"   ItemTranslation="License Info: {applicationname}"/>
        <!--*** String To Translate ***--><ItemForTranslation ItemName="LicenceDialogStatic"              ItemTranslation="Press [Unlock...] to enter or update your unlock details."/>
        <!--*** String To Translate ***--><ItemForTranslation ItemName="Edit"				     		  ItemTranslation="Unlock..."/>        
        <!--*** String To Translate ***--><ItemForTranslation ItemName="UnlockUpgradeCaption"			  ItemTranslation="Register {applicationname}"/>
        
        <!-- Services dialog -->
        <!--*** String To Translate ***--><ItemForTranslation ItemName="PerUserPluginDescription"	ItemTranslation="Select the add-ins you wish to configure for the current user."/>
		<!--*** String To Translate ***--><ItemForTranslation ItemName="WordPluginOpen"			ItemTranslation="Microsoft Word add-in - open PDF files from within Word"/>
		<!--*** String To Translate ***--><ItemForTranslation ItemName="WordPluginCreate"		ItemTranslation="Microsoft Word add-in - create PDF files from within Word"/>
		<!--*** String To Translate ***--><ItemForTranslation ItemName="AdminPluginDescription"		ItemTranslation="Select the add-ins you wish to configure for all users Note: you will need Admin rights to configure add-ins for all users."/>
		<!--*** String To Translate ***--><ItemForTranslation ItemName="AcrobatPlugin"			ItemTranslation="Acrobat add-in - open PDF files in Word directly from Acrobat"/>
		<!--*** String To Translate ***--><ItemForTranslation ItemName="ExcelPlugin"			ItemTranslation="Microsoft Excel add-in - create PDF files from within Excel"/>
		<!--*** String To Translate ***--><ItemForTranslation ItemName="PowerPointPlugin"		ItemTranslation="Microsoft PowerPoint add-in - create PDF files from within PowerPoint"/>
		<!--*** String To Translate ***--><ItemForTranslation ItemName="ExplorerPlugin"			ItemTranslation="Explorer add-in - convert PDF files from within Windows Explorer and Internet Explorer"/>
		<!--*** String To Translate ***--><ItemForTranslation ItemName="PrinterDescription"		ItemTranslation="Repair PDF Printer service. Note: you will need Admin rights to repair this service."/>
		<!--*** String To Translate ***--><ItemForTranslation ItemName="ReinstallPrinter"		ItemTranslation="Repair PDF Printer Service"/>		
		<!--*** String To Translate ***--><ItemForTranslation ItemName="Configure"			ItemTranslation="Update Add-Ins"/>
        <!--*** String To Translate ***--><ItemForTranslation ItemName="_license"			ItemTranslation="License"/>
        <!--*** String To Translate ***--><ItemForTranslation ItemName="_support"			ItemTranslation="Support"/>
        <!--*** String To Translate ***--><ItemForTranslation ItemName="_services"			ItemTranslation="Services"/>
        
        <!-- Tab dialog -->
        <!--*** String To Translate ***--><ItemForTranslation ItemName="_tabdialogcaption"		ItemTranslation="Solid Converter Services and Information"/>
        <!--*** String To Translate ***--><ItemForTranslation ItemName="NeedConfigure"			ItemTranslation="You have made changes to your add-in choices but have not chosen to Update Add-ins. Are you sure you want to close without updating?"/>
        
        <!--*** String To Translate ***--><ItemForTranslation ItemName="AddinUnableUpdate"			ItemTranslation="Unable to update {1} add-in."/>
        <!--*** String To Translate ***--><ItemForTranslation ItemName="AddinPossibleReason"			ItemTranslation="Possible reason: {1}"/>
        <!--*** String To Translate ***--><ItemForTranslation ItemName="AddinRegistryReason"			ItemTranslation="locked registry"/>
        <!--*** String To Translate ***--><ItemForTranslation ItemName="AddinApplicationReason"		ItemTranslation="open applications - {1}"/>
        <!--*** String To Translate ***--><ItemForTranslation ItemName="AddinUpdateSuccess"			ItemTranslation="Update addin success."/>
        
        <!--*** String To Translate ***--><ItemForTranslation ItemName="_printer"			ItemTranslation="Create PDF"/>
        
        <!--*** String To Translate ***--><ItemForTranslation ItemName="ProductInstallModeJustMe"			ItemTranslation="{applicationname} is installed for the current user. {1}"/>
        <!--*** String To Translate ***--><ItemForTranslation ItemName="ProductInstallModeForAll"			ItemTranslation="{applicationname} is installed for all users. {1}"/>
        <!--*** String To Translate ***--><ItemForTranslation ItemName="Internet Explorer"			ItemTranslation="Internet Explorer"/>	
	<!--*** String To Translate ***--><ItemForTranslation ItemName="ExcelAndPowerPointNotAvailable"	ItemTranslation="Microsoft Excel and PowerPoint add-ins are available in Professional version only."/>        

	<!--*** String To Translate ***--><ItemForTranslation ItemName="EmbeddedFontWarning"	ItemTranslation="Show the warning if there are fonts that can not be embedded when creating PDF document."/>        
	<!--*** String To Translate ***--><ItemForTranslation ItemName="EmbeddedFontWarningDescription"	ItemTranslation="This document contains fonts that cannot be embedded in the PDF file. Check the Details tab (Converter Log) for more information"/>        
</LanguageOptions>
</Root>

